objectid,sa2_code_2021,sa2_name_2021,change_flag_2021,change_label_2021,sa3_code_2021,sa3_name_2021,sa4_code_2021,sa4_name_2021,gccsa_code_2021,gccsa_name_2021,state_code_2021,state_name_2021,aus_code_2021,aus_name_2021,area_albers_sqkm,asgs_loci_uri_2021,shape_Length,shape_Area
1,101021007,Braidwood,0,No change,10102,Queanbeyan,101,Capital Region,1RNSW,Rest of NSW,1,New South Wales,AUS,Australia,3418.3525,http://linked.data.gov.au/dataset/asgsed3/SA2/101021007,489708.885781251,5163325543.24678
2,101021008,Karabar,0,No change,10102,Queanbeyan,101,Capital Region,1RNSW,Rest of NSW,1,New South Wales,AUS,Australia,6.9825,http://linked.data.gov.au/dataset/asgsed3/SA2/101021008,16663.6007910546,10525755.4151247
3,101021009,Queanbeyan,0,No change,10102,Queanbeyan,101,Capital Region,1RNSW,Rest of NSW,1,New South Wales,AUS,Australia,4.762,http://linked.data.gov.au/dataset/asgsed3/SA2/101021009,12720.1323249278,7174499.74918502
4,101021010,Queanbeyan - East,0,No change,10102,Queanbeyan,101,Capital Region,1RNSW,Rest of NSW,1,New South Wales,AUS,Australia,13.0032,http://linked.data.gov.au/dataset/asgsed3/SA2/101021010,23771.9174859532,19592888.587756
5,101021012,Queanbeyan West - Jerrabomberra,0,No change,10102,Queanbeyan,101,Capital Region,1RNSW,Rest of NSW,1,New South Wales,AUS,Australia,13.6748,http://linked.data.gov.au/dataset/asgsed3/SA2/101021012,24312.7603259089,20614682.7250446
6,101021610,Googong,1,New,10102,Queanbeyan,101,Capital Region,1RNSW,Rest of NSW,1,New South Wales,AUS,Australia,6.9164,http://linked.data.gov.au/dataset/asgsed3/SA2/101021610,13479.4685113875,10439961.5343436
7,101021611,Queanbeyan Surrounds,1,New,10102,Queanbeyan,101,Capital Region,1RNSW,Rest of NSW,1,New South Wales,AUS,Australia,3047.7057,http://linked.data.gov.au/dataset/asgsed3/SA2/101021611,545874.778597191,4602212150.77098
8,101031013,Bombala,0,No change,10103,Snowy Mountains,101,Capital Region,1RNSW,Rest of NSW,1,New South Wales,AUS,Australia,3990.144,http://linked.data.gov.au/dataset/asgsed3/SA2/101031013,559809.669847853,6247696360.64006
9,101031014,Cooma,0,No change,10103,Snowy Mountains,101,Capital Region,1RNSW,Rest of NSW,1,New South Wales,AUS,Australia,103.6371,http://linked.data.gov.au/dataset/asgsed3/SA2/101031014,67147.9498644807,159679656.910413
10,101031015,Cooma Surrounds,3,Name change,10103,Snowy Mountains,101,Capital Region,1RNSW,Rest of NSW,1,New South Wales,AUS,Australia,6251.0158,http://linked.data.gov.au/dataset/asgsed3/SA2/101031015,888975.58414042,9601597374.63267
11,101031016,Jindabyne - Berridale,0,No change,10103,Snowy Mountains,101,Capital Region,1RNSW,Rest of NSW,1,New South Wales,AUS,Australia,3939.7888,http://linked.data.gov.au/dataset/asgsed3/SA2/101031016,584797.400035639,6107834955.25085
12,101041017,Batemans Bay,0,No change,10104,South Coast,101,Capital Region,1RNSW,Rest of NSW,1,New South Wales,AUS,Australia,63.7073,http://linked.data.gov.au/dataset/asgsed3/SA2/101041017,89675.2140257264,96815378.9354681
13,101041018,Batemans Bay - South,0,No change,10104,South Coast,101,Capital Region,1RNSW,Rest of NSW,1,New South Wales,AUS,Australia,30.5948,http://linked.data.gov.au/dataset/asgsed3/SA2/101041018,70227.8215414617,46589232.1244624
14,101041019,Bega - Tathra,0,No change,10104,South Coast,101,Capital Region,1RNSW,Rest of NSW,1,New South Wales,AUS,Australia,183.8984,http://linked.data.gov.au/dataset/asgsed3/SA2/101041019,122353.450336432,286807127.453904
15,101041020,Bega-Eden Hinterland,0,No change,10104,South Coast,101,Capital Region,1RNSW,Rest of NSW,1,New South Wales,AUS,Australia,4709.8265,http://linked.data.gov.au/dataset/asgsed3/SA2/101041020,953591.546341268,7384623482.95801
16,101041021,Broulee - Tomakin,0,No change,10104,South Coast,101,Capital Region,1RNSW,Rest of NSW,1,New South Wales,AUS,Australia,24.2329,http://linked.data.gov.au/dataset/asgsed3/SA2/101041021,49947.437397911,36958730.1799668
17,101041022,Deua - Wadbilliga,0,No change,10104,South Coast,101,Capital Region,1RNSW,Rest of NSW,1,New South Wales,AUS,Australia,2781.9988,http://linked.data.gov.au/dataset/asgsed3/SA2/101041022,750674.266543392,4278600260.6714
18,101041023,Eden,0,No change,10104,South Coast,101,Capital Region,1RNSW,Rest of NSW,1,New South Wales,AUS,Australia,94.8138,http://linked.data.gov.au/dataset/asgsed3/SA2/101041023,115080.405310551,149052156.959946
19,101041024,Eurobodalla Hinterland,0,No change,10104,South Coast,101,Capital Region,1RNSW,Rest of NSW,1,New South Wales,AUS,Australia,1460.0118,http://linked.data.gov.au/dataset/asgsed3/SA2/101041024,580861.356912555,2222820471.7407
20,101041025,Merimbula - Tura Beach,0,No change,10104,South Coast,101,Capital Region,1RNSW,Rest of NSW,1,New South Wales,AUS,Australia,97.3395,http://linked.data.gov.au/dataset/asgsed3/SA2/101041025,106005.26789899,152500317.260061
21,101041026,Moruya - Tuross Head,0,No change,10104,South Coast,101,Capital Region,1RNSW,Rest of NSW,1,New South Wales,AUS,Australia,165.4118,http://linked.data.gov.au/dataset/asgsed3/SA2/101041026,108064.309795681,252918759.84723
22,101041027,Narooma - Bermagui,0,No change,10104,South Coast,101,Capital Region,1RNSW,Rest of NSW,1,New South Wales,AUS,Australia,252.652,http://linked.data.gov.au/dataset/asgsed3/SA2/101041027,211916.92773618,389900571.882653
23,101051539,Goulburn,0,No change,10105,Goulburn - Mulwaree,101,Capital Region,1RNSW,Rest of NSW,1,New South Wales,AUS,Australia,64.7865,http://linked.data.gov.au/dataset/asgsed3/SA2/101051539,54584.7456710769,96195334.4273496
24,101051540,Goulburn Surrounds,3,Name change,10105,Goulburn - Mulwaree,101,Capital Region,1RNSW,Rest of NSW,1,New South Wales,AUS,Australia,9035.1222,http://linked.data.gov.au/dataset/asgsed3/SA2/101051540,975864.281422163,13340829043.7311
25,101061541,Yass,0,No change,10106,Young - Yass,101,Capital Region,1RNSW,Rest of NSW,1,New South Wales,AUS,Australia,99.7341,http://linked.data.gov.au/dataset/asgsed3/SA2/101061541,68047.8289924797,148340076.969353
26,101061542,Yass Surrounds,3,Name change,10106,Young - Yass,101,Capital Region,1RNSW,Rest of NSW,1,New South Wales,AUS,Australia,5680.5696,http://linked.data.gov.au/dataset/asgsed3/SA2/101061542,732177.200415156,8460159176.20342
27,101061543,Young,0,No change,10106,Young - Yass,101,Capital Region,1RNSW,Rest of NSW,1,New South Wales,AUS,Australia,505.753,http://linked.data.gov.au/dataset/asgsed3/SA2/101061543,179521.339234155,743295641.033334
28,101061544,Young Surrounds,3,Name change,10106,Young - Yass,101,Capital Region,1RNSW,Rest of NSW,1,New South Wales,AUS,Australia,5849.8086,http://linked.data.gov.au/dataset/asgsed3/SA2/101061544,958973.150422993,8595151942.69613
29,102011028,Avoca Beach - Copacabana,0,No change,10201,Gosford,102,Central Coast,1GSYD,Greater Sydney,1,New South Wales,AUS,Australia,6.4376,http://linked.data.gov.au/dataset/asgsed3/SA2/102011028,22285.2508262956,9276612.15289842
30,102011029,Box Head - MacMasters Beach,0,No change,10201,Gosford,102,Central Coast,1GSYD,Greater Sydney,1,New South Wales,AUS,Australia,32.0802,http://linked.data.gov.au/dataset/asgsed3/SA2/102011029,64281.6303432732,46265510.4646493
31,102011030,Calga - Kulnura,0,No change,10201,Gosford,102,Central Coast,1GSYD,Greater Sydney,1,New South Wales,AUS,Australia,767.9512,http://linked.data.gov.au/dataset/asgsed3/SA2/102011030,333407.077480959,1103259995.21498
32,102011031,Erina - Green Point,0,No change,10201,Gosford,102,Central Coast,1GSYD,Greater Sydney,1,New South Wales,AUS,Australia,33.7934,http://linked.data.gov.au/dataset/asgsed3/SA2/102011031,46665.1626097147,48641239.2728855
33,102011032,Gosford - Springfield,0,No change,10201,Gosford,102,Central Coast,1GSYD,Greater Sydney,1,New South Wales,AUS,Australia,16.9123,http://linked.data.gov.au/dataset/asgsed3/SA2/102011032,34295.102870086,24343350.1226065
34,102011033,Kariong,0,No change,10201,Gosford,102,Central Coast,1GSYD,Greater Sydney,1,New South Wales,AUS,Australia,8.3063,http://linked.data.gov.au/dataset/asgsed3/SA2/102011033,19230.4558729366,11960363.1687735
35,102011034,Kincumber - Picketts Valley,0,No change,10201,Gosford,102,Central Coast,1GSYD,Greater Sydney,1,New South Wales,AUS,Australia,11.7169,http://linked.data.gov.au/dataset/asgsed3/SA2/102011034,24838.8023339824,16883089.5068971
36,102011035,Narara,0,No change,10201,Gosford,102,Central Coast,1GSYD,Greater Sydney,1,New South Wales,AUS,Australia,7.7021,http://linked.data.gov.au/dataset/asgsed3/SA2/102011035,18637.0855089452,11079393.3116073
37,102011036,Niagara Park - Lisarow,0,No change,10201,Gosford,102,Central Coast,1GSYD,Greater Sydney,1,New South Wales,AUS,Australia,16.7316,http://linked.data.gov.au/dataset/asgsed3/SA2/102011036,28264.9144914323,24060565.1390864
38,102011037,Point Clare - Koolewong,0,No change,10201,Gosford,102,Central Coast,1GSYD,Greater Sydney,1,New South Wales,AUS,Australia,6.7794,http://linked.data.gov.au/dataset/asgsed3/SA2/102011037,21505.2873013054,9763838.8941089
39,102011038,Saratoga - Davistown,0,No change,10201,Gosford,102,Central Coast,1GSYD,Greater Sydney,1,New South Wales,AUS,Australia,4.7683,http://linked.data.gov.au/dataset/asgsed3/SA2/102011038,16087.8041715647,6871932.40636119
40,102011039,Terrigal - North Avoca,0,No change,10201,Gosford,102,Central Coast,1GSYD,Greater Sydney,1,New South Wales,AUS,Australia,10.4791,http://linked.data.gov.au/dataset/asgsed3/SA2/102011039,25968.9748337106,15090327.0137657
41,102011040,Umina - Booker Bay - Patonga,0,No change,10201,Gosford,102,Central Coast,1GSYD,Greater Sydney,1,New South Wales,AUS,Australia,25.2285,http://linked.data.gov.au/dataset/asgsed3/SA2/102011040,37652.3970170502,36401333.4874436
42,102011041,Wamberal - Forresters Beach,0,No change,10201,Gosford,102,Central Coast,1GSYD,Greater Sydney,1,New South Wales,AUS,Australia,13.7221,http://linked.data.gov.au/dataset/asgsed3/SA2/102011041,33312.5305614951,19746086.2870589
43,102011042,Woy Woy - Blackwall,0,No change,10201,Gosford,102,Central Coast,1GSYD,Greater Sydney,1,New South Wales,AUS,Australia,17.3963,http://linked.data.gov.au/dataset/asgsed3/SA2/102011042,48559.8131623611,25075952.4521705
44,102011043,Wyoming,0,No change,10201,Gosford,102,Central Coast,1GSYD,Greater Sydney,1,New South Wales,AUS,Australia,8.381,http://linked.data.gov.au/dataset/asgsed3/SA2/102011043,17089.8230676742,12058961.6917962
45,102021044,Bateau Bay - Killarney Vale,0,No change,10202,Wyong,102,Central Coast,1GSYD,Greater Sydney,1,New South Wales,AUS,Australia,10.8595,http://linked.data.gov.au/dataset/asgsed3/SA2/102021044,21938.936337304,15614705.5865997
46,102021045,Blue Haven - San Remo,0,No change,10202,Wyong,102,Central Coast,1GSYD,Greater Sydney,1,New South Wales,AUS,Australia,20.9795,http://linked.data.gov.au/dataset/asgsed3/SA2/102021045,32600.9416108907,30047547.6883825
47,102021046,Budgewoi - Buff Point - Halekulani,0,No change,10202,Wyong,102,Central Coast,1GSYD,Greater Sydney,1,New South Wales,AUS,Australia,9.3297,http://linked.data.gov.au/dataset/asgsed3/SA2/102021046,39795.1971223622,13368746.9970591
48,102021047,Chittaway Bay - Tumbi Umbi,0,No change,10202,Wyong,102,Central Coast,1GSYD,Greater Sydney,1,New South Wales,AUS,Australia,24.4986,http://linked.data.gov.au/dataset/asgsed3/SA2/102021047,41713.7649603202,35207439.6638644
49,102021048,Gorokan - Kanwal - Charmhaven,0,No change,10202,Wyong,102,Central Coast,1GSYD,Greater Sydney,1,New South Wales,AUS,Australia,11.249,http://linked.data.gov.au/dataset/asgsed3/SA2/102021048,32263.3473751823,16129754.9367333
50,102021049,Jilliby - Yarramalong,0,No change,10202,Wyong,102,Central Coast,1GSYD,Greater Sydney,1,New South Wales,AUS,Australia,346.7662,http://linked.data.gov.au/dataset/asgsed3/SA2/102021049,149126.897446286,496292566.279693
51,102021050,Lake Munmorah - Mannering Park,0,No change,10202,Wyong,102,Central Coast,1GSYD,Greater Sydney,1,New South Wales,AUS,Australia,35.4946,http://linked.data.gov.au/dataset/asgsed3/SA2/102021050,49019.3227839229,50809562.9307363
52,102021051,Ourimbah - Fountaindale,0,No change,10202,Wyong,102,Central Coast,1GSYD,Greater Sydney,1,New South Wales,AUS,Australia,114.1172,http://linked.data.gov.au/dataset/asgsed3/SA2/102021051,89942.1488894313,163856826.149297
53,102021052,Summerland Point - Gwandalan,0,No change,10202,Wyong,102,Central Coast,1GSYD,Greater Sydney,1,New South Wales,AUS,Australia,9.1793,http://linked.data.gov.au/dataset/asgsed3/SA2/102021052,25573.6015017406,13128023.1848061
54,102021053,The Entrance,0,No change,10202,Wyong,102,Central Coast,1GSYD,Greater Sydney,1,New South Wales,AUS,Australia,13.8576,http://linked.data.gov.au/dataset/asgsed3/SA2/102021053,38785.0112228074,19904345.2381384
55,102021054,Toukley - Norah Head,0,No change,10202,Wyong,102,Central Coast,1GSYD,Greater Sydney,1,New South Wales,AUS,Australia,10.5216,http://linked.data.gov.au/dataset/asgsed3/SA2/102021054,27679.7947283734,15093542.3007089
56,102021055,Tuggerah - Kangy Angy,0,No change,10202,Wyong,102,Central Coast,1GSYD,Greater Sydney,1,New South Wales,AUS,Australia,27.8463,http://linked.data.gov.au/dataset/asgsed3/SA2/102021055,41448.082296816,39972395.0549236
57,102021056,Warnervale - Wadalba,0,No change,10202,Wyong,102,Central Coast,1GSYD,Greater Sydney,1,New South Wales,AUS,Australia,42.89,http://linked.data.gov.au/dataset/asgsed3/SA2/102021056,40932.9274669163,61480023.3710008
58,102021057,Wyong,0,No change,10202,Wyong,102,Central Coast,1GSYD,Greater Sydney,1,New South Wales,AUS,Australia,15.0334,http://linked.data.gov.au/dataset/asgsed3/SA2/102021057,29325.6066157886,21566600.1008647
59,103011059,Bathurst - East,0,No change,10301,Bathurst,103,Central West,1RNSW,Rest of NSW,1,New South Wales,AUS,Australia,94.0342,http://linked.data.gov.au/dataset/asgsed3/SA2/103011059,65467.0799644761,135323811.724823
60,103011060,Bathurst Surrounds,3,Name change,10301,Bathurst,103,Central West,1RNSW,Rest of NSW,1,New South Wales,AUS,Australia,3798.2628,http://linked.data.gov.au/dataset/asgsed3/SA2/103011060,720216.697113795,5469371532.80041
61,103011061,Oberon,0,No change,10301,Bathurst,103,Central West,1RNSW,Rest of NSW,1,New South Wales,AUS,Australia,2972.3813,http://linked.data.gov.au/dataset/asgsed3/SA2/103011061,507061.59111422,4324396065.24056
62,103011612,Bathurst - South,1,New,10301,Bathurst,103,Central West,1RNSW,Rest of NSW,1,New South Wales,AUS,Australia,37.4794,http://linked.data.gov.au/dataset/asgsed3/SA2/103011612,50245.5506732263,53982141.235789
63,103011613,Bathurst - West,1,New,10301,Bathurst,103,Central West,1RNSW,Rest of NSW,1,New South Wales,AUS,Australia,82.0252,http://linked.data.gov.au/dataset/asgsed3/SA2/103011613,56210.0775328609,117933173.735945
64,103021062,Condobolin,0,No change,10302,Lachlan Valley,103,Central West,1RNSW,Rest of NSW,1,New South Wales,AUS,Australia,15858.8502,http://linked.data.gov.au/dataset/asgsed3/SA2/103021062,1031132.66429052,22564066178.4773
65,103021063,Cowra,0,No change,10302,Lachlan Valley,103,Central West,1RNSW,Rest of NSW,1,New South Wales,AUS,Australia,242.201,http://linked.data.gov.au/dataset/asgsed3/SA2/103021063,127892.014949537,351573365.66141
66,103021064,Cowra Surrounds,3,Name change,10302,Lachlan Valley,103,Central West,1RNSW,Rest of NSW,1,New South Wales,AUS,Australia,3037.1556,http://linked.data.gov.au/dataset/asgsed3/SA2/103021064,675917.436878726,4403539552.48449
67,103021065,Forbes,0,No change,10302,Lachlan Valley,103,Central West,1RNSW,Rest of NSW,1,New South Wales,AUS,Australia,4598.0438,http://linked.data.gov.au/dataset/asgsed3/SA2/103021065,523107.754603538,6624080611.19097
68,103021066,Grenfell,0,No change,10302,Lachlan Valley,103,Central West,1RNSW,Rest of NSW,1,New South Wales,AUS,Australia,3294.0766,http://linked.data.gov.au/dataset/asgsed3/SA2/103021066,490275.401765279,4791419207.17595
69,103021067,Parkes (NSW),0,No change,10302,Lachlan Valley,103,Central West,1RNSW,Rest of NSW,1,New South Wales,AUS,Australia,234.7555,http://linked.data.gov.au/dataset/asgsed3/SA2/103021067,105578.174606591,335982344.874625
70,103021068,Parkes Surrounds,3,Name change,10302,Lachlan Valley,103,Central West,1RNSW,Rest of NSW,1,New South Wales,AUS,Australia,5418.1649,http://linked.data.gov.au/dataset/asgsed3/SA2/103021068,635618.821048342,7716416371.75807
71,103021069,West Wyalong,0,No change,10302,Lachlan Valley,103,Central West,1RNSW,Rest of NSW,1,New South Wales,AUS,Australia,8317.473,http://linked.data.gov.au/dataset/asgsed3/SA2/103021069,657696.907127848,12104260271.6283
72,103031070,Lithgow,0,No change,10303,Lithgow - Mudgee,103,Central West,1RNSW,Rest of NSW,1,New South Wales,AUS,Australia,119.9844,http://linked.data.gov.au/dataset/asgsed3/SA2/103031070,88055.9011961676,172919736.498492
73,103031071,Lithgow Surrounds,3,Name change,10303,Lithgow - Mudgee,103,Central West,1RNSW,Rest of NSW,1,New South Wales,AUS,Australia,2514.0698,http://linked.data.gov.au/dataset/asgsed3/SA2/103031071,743911.052480442,3609197780.98686
74,103031072,Mudgee,0,No change,10303,Lithgow - Mudgee,103,Central West,1RNSW,Rest of NSW,1,New South Wales,AUS,Australia,65.8949,http://linked.data.gov.au/dataset/asgsed3/SA2/103031072,78573.3087055891,93117039.1615579
75,103031073,Mudgee Surrounds - East,3,Name change,10303,Lithgow - Mudgee,103,Central West,1RNSW,Rest of NSW,1,New South Wales,AUS,Australia,2852.0843,http://linked.data.gov.au/dataset/asgsed3/SA2/103031073,522280.761556274,4043290291.32098
76,103031074,Mudgee Surrounds - West,3,Name change,10303,Lithgow - Mudgee,103,Central West,1RNSW,Rest of NSW,1,New South Wales,AUS,Australia,8043.8633,http://linked.data.gov.au/dataset/asgsed3/SA2/103031074,996913.04249716,11317766862.4049
77,103031075,Wollangambe - Wollemi,0,No change,10303,Lithgow - Mudgee,103,Central West,1RNSW,Rest of NSW,1,New South Wales,AUS,Australia,2448.7276,http://linked.data.gov.au/dataset/asgsed3/SA2/103031075,574750.725341646,3503683771.6805
78,103041076,Blayney,0,No change,10304,Orange,103,Central West,1RNSW,Rest of NSW,1,New South Wales,AUS,Australia,1642.6748,http://linked.data.gov.au/dataset/asgsed3/SA2/103041076,307696.577312742,2374425412.19608
79,103041077,Orange,0,No change,10304,Orange,103,Central West,1RNSW,Rest of NSW,1,New South Wales,AUS,Australia,45.2499,http://linked.data.gov.au/dataset/asgsed3/SA2/103041077,48752.9833600995,64949834.756533
80,103041078,Orange - North,0,No change,10304,Orange,103,Central West,1RNSW,Rest of NSW,1,New South Wales,AUS,Australia,99.5119,http://linked.data.gov.au/dataset/asgsed3/SA2/103041078,76757.1416386457,142668240.719348
81,103041079,Orange Surrounds,3,Name change,10304,Orange,103,Central West,1RNSW,Rest of NSW,1,New South Wales,AUS,Australia,4480.0956,http://linked.data.gov.au/dataset/asgsed3/SA2/103041079,733756.036220807,6408176662.29199
82,104011080,Grafton,0,No change,10401,Clarence Valley,104,Coffs Harbour - Grafton,1RNSW,Rest of NSW,1,New South Wales,AUS,Australia,106.2537,http://linked.data.gov.au/dataset/asgsed3/SA2/104011080,75996.6770724328,141243317.94209
83,104011081,Grafton Surrounds,3,Name change,10401,Clarence Valley,104,Coffs Harbour - Grafton,1RNSW,Rest of NSW,1,New South Wales,AUS,Australia,8445.891,http://linked.data.gov.au/dataset/asgsed3/SA2/104011081,883692.720690443,11218093212.8438
84,104011082,Maclean - Yamba - Iluka,0,No change,10401,Clarence Valley,104,Coffs Harbour - Grafton,1RNSW,Rest of NSW,1,New South Wales,AUS,Australia,711.0493,http://linked.data.gov.au/dataset/asgsed3/SA2/104011082,200295.934039753,940464056.833654
85,104021083,Bellingen,0,No change,10402,Coffs Harbour,104,Coffs Harbour - Grafton,1RNSW,Rest of NSW,1,New South Wales,AUS,Australia,1001.0481,http://linked.data.gov.au/dataset/asgsed3/SA2/104021083,253701.617137466,1351361064.37635
86,104021084,Coffs Harbour - North,0,No change,10402,Coffs Harbour,104,Coffs Harbour - Grafton,1RNSW,Rest of NSW,1,New South Wales,AUS,Australia,25.6688,http://linked.data.gov.au/dataset/asgsed3/SA2/104021084,38525.1119974369,34535542.3708797
87,104021085,Coffs Harbour - South,0,No change,10402,Coffs Harbour,104,Coffs Harbour - Grafton,1RNSW,Rest of NSW,1,New South Wales,AUS,Australia,33.6996,http://linked.data.gov.au/dataset/asgsed3/SA2/104021085,47582.017344106,45370820.7172142
88,104021086,Coramba - Nana Glen - Bucca,0,No change,10402,Coffs Harbour,104,Coffs Harbour - Grafton,1RNSW,Rest of NSW,1,New South Wales,AUS,Australia,363.909,http://linked.data.gov.au/dataset/asgsed3/SA2/104021086,136703.149117907,488886880.037074
89,104021087,Dorrigo,0,No change,10402,Coffs Harbour,104,Coffs Harbour - Grafton,1RNSW,Rest of NSW,1,New South Wales,AUS,Australia,1987.6714,http://linked.data.gov.au/dataset/asgsed3/SA2/104021087,358790.653309673,2670584701.05508
90,104021088,Korora - Emerald Beach,0,No change,10402,Coffs Harbour,104,Coffs Harbour - Grafton,1RNSW,Rest of NSW,1,New South Wales,AUS,Australia,57.6882,http://linked.data.gov.au/dataset/asgsed3/SA2/104021088,60909.0698730661,77496056.3706056
91,104021089,Sawtell - Boambee,0,No change,10402,Coffs Harbour,104,Coffs Harbour - Grafton,1RNSW,Rest of NSW,1,New South Wales,AUS,Australia,118.2251,http://linked.data.gov.au/dataset/asgsed3/SA2/104021089,62595.4990728194,159365174.798155
92,104021090,Urunga,0,No change,10402,Coffs Harbour,104,Coffs Harbour - Grafton,1RNSW,Rest of NSW,1,New South Wales,AUS,Australia,108.4124,http://linked.data.gov.au/dataset/asgsed3/SA2/104021090,66015.1476634951,146476135.374712
93,104021091,Woolgoolga - Arrawarra,0,No change,10402,Coffs Harbour,104,Coffs Harbour - Grafton,1RNSW,Rest of NSW,1,New South Wales,AUS,Australia,270.2411,http://linked.data.gov.au/dataset/asgsed3/SA2/104021091,137395.49366576,361737811.943633
94,105011092,Bourke - Brewarrina,0,No change,10501,Bourke - Cobar - Coonamble,105,Far West and Orana,1RNSW,Rest of NSW,1,New South Wales,AUS,Australia,56841.5222,http://linked.data.gov.au/dataset/asgsed3/SA2/105011092,1619034.48941611,75919751597.5587
95,105011093,Cobar,0,No change,10501,Bourke - Cobar - Coonamble,105,Far West and Orana,1RNSW,Rest of NSW,1,New South Wales,AUS,Australia,45551.398,http://linked.data.gov.au/dataset/asgsed3/SA2/105011093,1669729.16211415,63365367830.3682
96,105011094,Coonamble,0,No change,10501,Bourke - Cobar - Coonamble,105,Far West and Orana,1RNSW,Rest of NSW,1,New South Wales,AUS,Australia,12142.3532,http://linked.data.gov.au/dataset/asgsed3/SA2/105011094,841093.80734116,16572157185.5495
97,105011095,Nyngan - Warren,0,No change,10501,Bourke - Cobar - Coonamble,105,Far West and Orana,1RNSW,Rest of NSW,1,New South Wales,AUS,Australia,21216.0023,http://linked.data.gov.au/dataset/asgsed3/SA2/105011095,1168554.49554146,29244467603.0715
98,105011096,Walgett - Lightning Ridge,0,No change,10501,Bourke - Cobar - Coonamble,105,Far West and Orana,1RNSW,Rest of NSW,1,New South Wales,AUS,Australia,27011.1328,http://linked.data.gov.au/dataset/asgsed3/SA2/105011096,1318628.03585533,35970814002.6406
99,105021097,Broken Hill,0,No change,10502,Broken Hill and Far West,105,Far West and Orana,1RNSW,Rest of NSW,1,New South Wales,AUS,Australia,170.1153,http://linked.data.gov.au/dataset/asgsed3/SA2/105021097,72797.6027831942,236954015.972836
100,105021098,Far West,0,No change,10502,Broken Hill and Far West,105,Far West and Orana,1RNSW,Rest of NSW,1,New South Wales,AUS,Australia,146684.7317,http://linked.data.gov.au/dataset/asgsed3/SA2/105021098,2755274.16603107,200789335285.854
101,105031099,Coonabarabran,0,No change,10503,Dubbo,105,Far West and Orana,1RNSW,Rest of NSW,1,New South Wales,AUS,Australia,10474.1331,http://linked.data.gov.au/dataset/asgsed3/SA2/105031099,939578.196802701,14408139527.5975
102,105031100,Dubbo - East,0,No change,10503,Dubbo,105,Far West and Orana,1RNSW,Rest of NSW,1,New South Wales,AUS,Australia,87.6912,http://linked.data.gov.au/dataset/asgsed3/SA2/105031100,70158.1624934606,122950808.471961
103,105031101,Dubbo - South,0,No change,10503,Dubbo,105,Far West and Orana,1RNSW,Rest of NSW,1,New South Wales,AUS,Australia,25.4336,http://linked.data.gov.au/dataset/asgsed3/SA2/105031101,30553.0912354298,35673525.1486519
104,105031102,Dubbo - West,0,No change,10503,Dubbo,105,Far West and Orana,1RNSW,Rest of NSW,1,New South Wales,AUS,Australia,69.436,http://linked.data.gov.au/dataset/asgsed3/SA2/105031102,63979.5115143677,97323735.2559739
105,105031103,Dubbo Surrounds,3,Name change,10503,Dubbo,105,Far West and Orana,1RNSW,Rest of NSW,1,New South Wales,AUS,Australia,4128.5682,http://linked.data.gov.au/dataset/asgsed3/SA2/105031103,654816.023817102,5790507026.41195
106,105031104,Gilgandra,0,No change,10503,Dubbo,105,Far West and Orana,1RNSW,Rest of NSW,1,New South Wales,AUS,Australia,5393.4381,http://linked.data.gov.au/dataset/asgsed3/SA2/105031104,510501.141021742,7460369147.36621
107,105031105,Narromine,0,No change,10503,Dubbo,105,Far West and Orana,1RNSW,Rest of NSW,1,New South Wales,AUS,Australia,5956.2535,http://linked.data.gov.au/dataset/asgsed3/SA2/105031105,549286.220524293,8339313433.95084
108,105031106,Wellington,0,No change,10503,Dubbo,105,Far West and Orana,1RNSW,Rest of NSW,1,New South Wales,AUS,Australia,3603.4369,http://linked.data.gov.au/dataset/asgsed3/SA2/105031106,612346.011742566,5097485730.16726
109,106011107,Branxton - Greta - Pokolbin,0,No change,10601,Lower Hunter,106,Hunter Valley exc Newcastle,1RNSW,Rest of NSW,1,New South Wales,AUS,Australia,392.2862,http://linked.data.gov.au/dataset/asgsed3/SA2/106011107,142466.910255694,555646328.894425
110,106011108,Cessnock,0,No change,10601,Lower Hunter,106,Hunter Valley exc Newcastle,1RNSW,Rest of NSW,1,New South Wales,AUS,Australia,68.9812,http://linked.data.gov.au/dataset/asgsed3/SA2/106011108,64217.4489787913,97973822.7017389
111,106011109,Cessnock Surrounds,3,Name change,10601,Lower Hunter,106,Hunter Valley exc Newcastle,1RNSW,Rest of NSW,1,New South Wales,AUS,Australia,1570.4345,http://linked.data.gov.au/dataset/asgsed3/SA2/106011109,368298.363945235,2236994285.76587
112,106011110,Dungog,0,No change,10601,Lower Hunter,106,Hunter Valley exc Newcastle,1RNSW,Rest of NSW,1,New South Wales,AUS,Australia,2249.9983,http://linked.data.gov.au/dataset/asgsed3/SA2/106011110,319058.42597837,3161767470.39886
113,106011111,Kurri Kurri - Abermain,0,No change,10601,Lower Hunter,106,Hunter Valley exc Newcastle,1RNSW,Rest of NSW,1,New South Wales,AUS,Australia,90.6145,http://linked.data.gov.au/dataset/asgsed3/SA2/106011111,67340.6969129646,128607085.998736
114,106011112,Singleton,0,No change,10601,Lower Hunter,106,Hunter Valley exc Newcastle,1RNSW,Rest of NSW,1,New South Wales,AUS,Australia,127.2317,http://linked.data.gov.au/dataset/asgsed3/SA2/106011112,91868.5356965479,179676688.701878
115,106011113,Singleton Surrounds,3,Name change,10601,Lower Hunter,106,Hunter Valley exc Newcastle,1RNSW,Rest of NSW,1,New South Wales,AUS,Australia,4067.2348,http://linked.data.gov.au/dataset/asgsed3/SA2/106011113,608205.724521943,5750778906.19179
116,106021114,Maitland,0,No change,10602,Maitland,106,Hunter Valley exc Newcastle,1RNSW,Rest of NSW,1,New South Wales,AUS,Australia,32.0793,http://linked.data.gov.au/dataset/asgsed3/SA2/106021114,44557.8202095722,45487890.3470213
117,106021116,Maitland - North,0,No change,10602,Maitland,106,Hunter Valley exc Newcastle,1RNSW,Rest of NSW,1,New South Wales,AUS,Australia,70.5478,http://linked.data.gov.au/dataset/asgsed3/SA2/106021116,61891.0958973539,99852546.3164295
118,106021614,East Maitland - Metford,1,New,10602,Maitland,106,Hunter Valley exc Newcastle,1RNSW,Rest of NSW,1,New South Wales,AUS,Australia,21.6762,http://linked.data.gov.au/dataset/asgsed3/SA2/106021614,25927.4847640358,30744143.1348513
119,106021615,Rutherford (North) - Aberglasslyn,1,New,10602,Maitland,106,Hunter Valley exc Newcastle,1RNSW,Rest of NSW,1,New South Wales,AUS,Australia,136.1326,http://linked.data.gov.au/dataset/asgsed3/SA2/106021615,82462.4897982034,192653264.72202
120,106021616,Rutherford (South) - Telarah,1,New,10602,Maitland,106,Hunter Valley exc Newcastle,1RNSW,Rest of NSW,1,New South Wales,AUS,Australia,39.3028,http://linked.data.gov.au/dataset/asgsed3/SA2/106021616,45678.715642087,55699946.5225747
121,106021617,Tenambit - East Maitland,1,New,10602,Maitland,106,Hunter Valley exc Newcastle,1RNSW,Rest of NSW,1,New South Wales,AUS,Australia,17.2818,http://linked.data.gov.au/dataset/asgsed3/SA2/106021617,26936.7857410743,24491470.3132641
122,106021618,Thornton - Millers Forest,1,New,10602,Maitland,106,Hunter Valley exc Newcastle,1RNSW,Rest of NSW,1,New South Wales,AUS,Australia,63.0964,http://linked.data.gov.au/dataset/asgsed3/SA2/106021618,55850.1588825645,89477000.8123422
123,106031119,Anna Bay,0,No change,10603,Port Stephens,106,Hunter Valley exc Newcastle,1RNSW,Rest of NSW,1,New South Wales,AUS,Australia,68.05,http://linked.data.gov.au/dataset/asgsed3/SA2/106031119,83718.6430371302,96524113.6282712
124,106031120,Lemon Tree Passage - Tanilba Bay,0,No change,10603,Port Stephens,106,Hunter Valley exc Newcastle,1RNSW,Rest of NSW,1,New South Wales,AUS,Australia,29.9822,http://linked.data.gov.au/dataset/asgsed3/SA2/106031120,63888.9962304748,42500182.7603474
125,106031121,Nelson Bay Peninsula,0,No change,10603,Port Stephens,106,Hunter Valley exc Newcastle,1RNSW,Rest of NSW,1,New South Wales,AUS,Australia,47.4762,http://linked.data.gov.au/dataset/asgsed3/SA2/106031121,91826.3037768006,67285657.3211646
126,106031122,Raymond Terrace,0,No change,10603,Port Stephens,106,Hunter Valley exc Newcastle,1RNSW,Rest of NSW,1,New South Wales,AUS,Australia,109.4864,http://linked.data.gov.au/dataset/asgsed3/SA2/106031122,91752.2020330398,155288731.634156
127,106031123,Seaham - Woodville,0,No change,10603,Port Stephens,106,Hunter Valley exc Newcastle,1RNSW,Rest of NSW,1,New South Wales,AUS,Australia,247.4836,http://linked.data.gov.au/dataset/asgsed3/SA2/106031123,120968.371236735,350149187.658203
128,106031124,Tea Gardens - Hawks Nest,0,No change,10603,Port Stephens,106,Hunter Valley exc Newcastle,1RNSW,Rest of NSW,1,New South Wales,AUS,Australia,204.3164,http://linked.data.gov.au/dataset/asgsed3/SA2/106031124,171050.246012855,288874316.621803
129,106031125,Williamtown - Medowie - Karuah,0,No change,10603,Port Stephens,106,Hunter Valley exc Newcastle,1RNSW,Rest of NSW,1,New South Wales,AUS,Australia,365.182,http://linked.data.gov.au/dataset/asgsed3/SA2/106031125,187851.067755742,517338955.649407
130,106041126,Muswellbrook,0,No change,10604,Upper Hunter,106,Hunter Valley exc Newcastle,1RNSW,Rest of NSW,1,New South Wales,AUS,Australia,262.3964,http://linked.data.gov.au/dataset/asgsed3/SA2/106041126,143271.970471184,368438037.179678
131,106041127,Muswellbrook Surrounds,3,Name change,10604,Upper Hunter,106,Hunter Valley exc Newcastle,1RNSW,Rest of NSW,1,New South Wales,AUS,Australia,3142.4877,http://linked.data.gov.au/dataset/asgsed3/SA2/106041127,579802.084671523,4425714361.63125
132,106041128,Scone,0,No change,10604,Upper Hunter,106,Hunter Valley exc Newcastle,1RNSW,Rest of NSW,1,New South Wales,AUS,Australia,118.5743,http://linked.data.gov.au/dataset/asgsed3/SA2/106041128,73878.5997421178,165540282.558648
133,106041129,Scone Surrounds,3,Name change,10604,Upper Hunter,106,Hunter Valley exc Newcastle,1RNSW,Rest of NSW,1,New South Wales,AUS,Australia,7948.9584,http://linked.data.gov.au/dataset/asgsed3/SA2/106041129,943339.272128223,11077693915.5145
134,107011131,Dapto - Avondale,0,No change,10701,Dapto - Port Kembla,107,Illawarra,1RNSW,Rest of NSW,1,New South Wales,AUS,Australia,56.6003,http://linked.data.gov.au/dataset/asgsed3/SA2/107011131,66238.2725059876,83581081.030632
135,107011132,Horsley - Kembla Grange,0,No change,10701,Dapto - Port Kembla,107,Illawarra,1RNSW,Rest of NSW,1,New South Wales,AUS,Australia,44.2402,http://linked.data.gov.au/dataset/asgsed3/SA2/107011132,50917.7627111082,65259184.1932071
136,107011133,Port Kembla Industrial,0,No change,10701,Dapto - Port Kembla,107,Illawarra,1RNSW,Rest of NSW,1,New South Wales,AUS,Australia,12.939,http://linked.data.gov.au/dataset/asgsed3/SA2/107011133,40844.5852208672,19079420.5540222
137,107011134,Unanderra - Mount Kembla,0,No change,10701,Dapto - Port Kembla,107,Illawarra,1RNSW,Rest of NSW,1,New South Wales,AUS,Australia,25.1483,http://linked.data.gov.au/dataset/asgsed3/SA2/107011134,38210.4332879966,37065821.6819446
138,107011545,Berkeley - Lake Heights - Cringila,0,No change,10701,Dapto - Port Kembla,107,Illawarra,1RNSW,Rest of NSW,1,New South Wales,AUS,Australia,12.5307,http://linked.data.gov.au/dataset/asgsed3/SA2/107011545,29331.5542989703,18485224.2623068
139,107011546,Port Kembla - Warrawong,0,No change,10701,Dapto - Port Kembla,107,Illawarra,1RNSW,Rest of NSW,1,New South Wales,AUS,Australia,6.9708,http://linked.data.gov.au/dataset/asgsed3/SA2/107011546,23517.0775912291,10285142.0827599
140,107011547,Windang - Primbee,0,No change,10701,Dapto - Port Kembla,107,Illawarra,1RNSW,Rest of NSW,1,New South Wales,AUS,Australia,5.5883,http://linked.data.gov.au/dataset/asgsed3/SA2/107011547,16866.2729555904,8250556.27736495
141,107021135,Illawarra Catchment Reserve,0,No change,10702,Illawarra Catchment Reserve,107,Illawarra,1RNSW,Rest of NSW,1,New South Wales,AUS,Australia,744.3423,http://linked.data.gov.au/dataset/asgsed3/SA2/107021135,209790.089114721,1095195396.85377
142,107031136,Albion Park - Macquarie Pass,0,No change,10703,Kiama - Shellharbour,107,Illawarra,1RNSW,Rest of NSW,1,New South Wales,AUS,Australia,75.1254,http://linked.data.gov.au/dataset/asgsed3/SA2/107031136,59215.5477711264,111081640.327314
143,107031137,Albion Park Rail,0,No change,10703,Kiama - Shellharbour,107,Illawarra,1RNSW,Rest of NSW,1,New South Wales,AUS,Australia,7.1682,http://linked.data.gov.au/dataset/asgsed3/SA2/107031137,24259.4584950657,10594842.1005119
144,107031138,Kiama,0,No change,10703,Kiama - Shellharbour,107,Illawarra,1RNSW,Rest of NSW,1,New South Wales,AUS,Australia,13.8553,http://linked.data.gov.au/dataset/asgsed3/SA2/107031138,31126.4418117598,20537889.6851249
145,107031139,Kiama Downs - Minnamurra,0,No change,10703,Kiama - Shellharbour,107,Illawarra,1RNSW,Rest of NSW,1,New South Wales,AUS,Australia,7.261,http://linked.data.gov.au/dataset/asgsed3/SA2/107031139,24936.8901609689,10752550.7995079
146,107031140,Kiama Hinterland - Gerringong,0,No change,10703,Kiama - Shellharbour,107,Illawarra,1RNSW,Rest of NSW,1,New South Wales,AUS,Australia,222.2611,http://linked.data.gov.au/dataset/asgsed3/SA2/107031140,135291.469115503,329522568.725021
147,107031141,Shellharbour - Flinders,0,No change,10703,Kiama - Shellharbour,107,Illawarra,1RNSW,Rest of NSW,1,New South Wales,AUS,Australia,49.5813,http://linked.data.gov.au/dataset/asgsed3/SA2/107031141,67856.1058226819,73356721.9417822
148,107031142,Shellharbour - Oak Flats,0,No change,10703,Kiama - Shellharbour,107,Illawarra,1RNSW,Rest of NSW,1,New South Wales,AUS,Australia,6.051,http://linked.data.gov.au/dataset/asgsed3/SA2/107031142,14860.8857595905,8944734.81642855
149,107031143,Warilla,0,No change,10703,Kiama - Shellharbour,107,Illawarra,1RNSW,Rest of NSW,1,New South Wales,AUS,Australia,9.4949,http://linked.data.gov.au/dataset/asgsed3/SA2/107031143,19228.8272944882,14032551.5359886
150,107041144,Balgownie - Fairy Meadow,0,No change,10704,Wollongong,107,Illawarra,1RNSW,Rest of NSW,1,New South Wales,AUS,Australia,12.2638,http://linked.data.gov.au/dataset/asgsed3/SA2/107041144,25631.4314352893,18054794.8613733
151,107041145,Corrimal - Tarrawanna - Bellambi,0,No change,10704,Wollongong,107,Illawarra,1RNSW,Rest of NSW,1,New South Wales,AUS,Australia,11.0648,http://linked.data.gov.au/dataset/asgsed3/SA2/107041145,22087.4150291674,16280441.9201734
152,107041146,Figtree - Keiraville,0,No change,10704,Wollongong,107,Illawarra,1RNSW,Rest of NSW,1,New South Wales,AUS,Australia,18.8129,http://linked.data.gov.au/dataset/asgsed3/SA2/107041146,24307.0135829832,27713123.6955104
153,107041147,Helensburgh,0,No change,10704,Wollongong,107,Illawarra,1RNSW,Rest of NSW,1,New South Wales,AUS,Australia,154.8373,http://linked.data.gov.au/dataset/asgsed3/SA2/107041147,89563.7042263018,226840484.706299
154,107041148,Thirroul - Austinmer - Coalcliff,0,No change,10704,Wollongong,107,Illawarra,1RNSW,Rest of NSW,1,New South Wales,AUS,Australia,16.1558,http://linked.data.gov.au/dataset/asgsed3/SA2/107041148,42730.3478448022,23725097.067799
155,107041150,Woonona - Bulli - Russell Vale,0,No change,10704,Wollongong,107,Illawarra,1RNSW,Rest of NSW,1,New South Wales,AUS,Australia,15.7847,http://linked.data.gov.au/dataset/asgsed3/SA2/107041150,27169.5327381463,23209732.0882345
156,107041548,Wollongong - East,0,No change,10704,Wollongong,107,Illawarra,1RNSW,Rest of NSW,1,New South Wales,AUS,Australia,5.5039,http://linked.data.gov.au/dataset/asgsed3/SA2/107041548,16802.7937727868,8108718.16197513
157,107041549,Wollongong - West,0,No change,10704,Wollongong,107,Illawarra,1RNSW,Rest of NSW,1,New South Wales,AUS,Australia,5.6592,http://linked.data.gov.au/dataset/asgsed3/SA2/107041549,14020.0761754382,8338412.0458812
158,108011151,Bulahdelah - Stroud,0,No change,10801,Great Lakes,108,Mid North Coast,1RNSW,Rest of NSW,1,New South Wales,AUS,Australia,2334.0245,http://linked.data.gov.au/dataset/asgsed3/SA2/108011151,396216.779605067,3280951086.88529
159,108011152,Forster,0,No change,10801,Great Lakes,108,Mid North Coast,1RNSW,Rest of NSW,1,New South Wales,AUS,Australia,33.873,http://linked.data.gov.au/dataset/asgsed3/SA2/108011152,57522.3967694753,47465732.012303
160,108011153,Forster-Tuncurry Surrounds,3,Name change,10801,Great Lakes,108,Mid North Coast,1RNSW,Rest of NSW,1,New South Wales,AUS,Australia,749.4773,http://linked.data.gov.au/dataset/asgsed3/SA2/108011153,233335.139088634,1050905301.278
161,108011154,Tuncurry,0,No change,10801,Great Lakes,108,Mid North Coast,1RNSW,Rest of NSW,1,New South Wales,AUS,Australia,15.6698,http://linked.data.gov.au/dataset/asgsed3/SA2/108011154,23406.8223171894,21929391.3244893
162,108021155,Kempsey,0,No change,10802,Kempsey - Nambucca,108,Mid North Coast,1RNSW,Rest of NSW,1,New South Wales,AUS,Australia,195.1561,http://linked.data.gov.au/dataset/asgsed3/SA2/108021155,120177.478577641,266907874.020387
163,108021156,Kempsey Surrounds,3,Name change,10802,Kempsey - Nambucca,108,Mid North Coast,1RNSW,Rest of NSW,1,New South Wales,AUS,Australia,3627.2591,http://linked.data.gov.au/dataset/asgsed3/SA2/108021156,614842.543189724,4944269570.95527
164,108021157,Macksville - Scotts Head,0,No change,10802,Kempsey - Nambucca,108,Mid North Coast,1RNSW,Rest of NSW,1,New South Wales,AUS,Australia,83.793,http://linked.data.gov.au/dataset/asgsed3/SA2/108021157,72921.5889171108,113749074.162279
165,108021158,Nambucca Heads,0,No change,10802,Kempsey - Nambucca,108,Mid North Coast,1RNSW,Rest of NSW,1,New South Wales,AUS,Australia,31.0503,http://linked.data.gov.au/dataset/asgsed3/SA2/108021158,37548.3146667643,42086104.5840036
166,108021159,Nambucca Heads Surrounds,3,Name change,10802,Kempsey - Nambucca,108,Mid North Coast,1RNSW,Rest of NSW,1,New South Wales,AUS,Australia,1356.0988,http://linked.data.gov.au/dataset/asgsed3/SA2/108021159,250795.790842303,1839712122.71379
167,108021160,South West Rocks,0,No change,10802,Kempsey - Nambucca,108,Mid North Coast,1RNSW,Rest of NSW,1,New South Wales,AUS,Australia,45.9673,http://linked.data.gov.au/dataset/asgsed3/SA2/108021160,47569.0389677189,62649573.0399386
168,108031161,Lord Howe Island,0,No change,10803,Lord Howe Island,108,Mid North Coast,1RNSW,Rest of NSW,1,New South Wales,AUS,Australia,16.2918,http://linked.data.gov.au/dataset/asgsed3/SA2/108031161,58979.54568181,22503802.8817818
169,108041162,Laurieton - Bonny Hills,0,No change,10804,Port Macquarie,108,Mid North Coast,1RNSW,Rest of NSW,1,New South Wales,AUS,Australia,524.9062,http://linked.data.gov.au/dataset/asgsed3/SA2/108041162,150757.182278928,726059243.830344
170,108041164,Port Macquarie - West,0,No change,10804,Port Macquarie,108,Mid North Coast,1RNSW,Rest of NSW,1,New South Wales,AUS,Australia,54.1668,http://linked.data.gov.au/dataset/asgsed3/SA2/108041164,56264.6328622072,74638190.1429527
171,108041165,Port Macquarie Surrounds,3,Name change,10804,Port Macquarie,108,Mid North Coast,1RNSW,Rest of NSW,1,New South Wales,AUS,Australia,2871.7473,http://linked.data.gov.au/dataset/asgsed3/SA2/108041165,481593.900263566,3951125308.7591
172,108041166,Wauchope,0,No change,10804,Port Macquarie,108,Mid North Coast,1RNSW,Rest of NSW,1,New South Wales,AUS,Australia,194.8611,http://linked.data.gov.au/dataset/asgsed3/SA2/108041166,104931.003956796,268673518.241785
173,108041619,Port Macquarie - East,1,New,10804,Port Macquarie,108,Mid North Coast,1RNSW,Rest of NSW,1,New South Wales,AUS,Australia,7.0934,http://linked.data.gov.au/dataset/asgsed3/SA2/108041619,23135.6893223575,9777744.50195821
174,108041620,Port Macquarie - South,1,New,10804,Port Macquarie,108,Mid North Coast,1RNSW,Rest of NSW,1,New South Wales,AUS,Australia,34.9946,http://linked.data.gov.au/dataset/asgsed3/SA2/108041620,40901.8662278498,48267122.8134887
175,108051167,Gloucester,0,No change,10805,Taree - Gloucester,108,Mid North Coast,1RNSW,Rest of NSW,1,New South Wales,AUS,Australia,2933.8676,http://linked.data.gov.au/dataset/asgsed3/SA2/108051167,391743.275744831,4083208911.97268
176,108051168,Old Bar - Manning Point - Red Head,0,No change,10805,Taree - Gloucester,108,Mid North Coast,1RNSW,Rest of NSW,1,New South Wales,AUS,Australia,209.6182,http://linked.data.gov.au/dataset/asgsed3/SA2/108051168,117502.152134306,292155351.402057
177,108051169,Taree,0,No change,10805,Taree - Gloucester,108,Mid North Coast,1RNSW,Rest of NSW,1,New South Wales,AUS,Australia,125.1186,http://linked.data.gov.au/dataset/asgsed3/SA2/108051169,101430.645954185,174144844.084326
178,108051170,Taree Surrounds,3,Name change,10805,Taree - Gloucester,108,Mid North Coast,1RNSW,Rest of NSW,1,New South Wales,AUS,Australia,3344.9329,http://linked.data.gov.au/dataset/asgsed3/SA2/108051170,655716.422450972,4642409841.18312
179,108051171,Wingham,0,No change,10805,Taree - Gloucester,108,Mid North Coast,1RNSW,Rest of NSW,1,New South Wales,AUS,Australia,61.5309,http://linked.data.gov.au/dataset/asgsed3/SA2/108051171,65612.6031952493,85546942.6456549
180,109011172,Albury - East,0,No change,10901,Albury,109,Murray,1RNSW,Rest of NSW,1,New South Wales,AUS,Australia,101.484,http://linked.data.gov.au/dataset/asgsed3/SA2/109011172,88234.7690949028,155611758.957118
181,109011173,Albury - North,0,No change,10901,Albury,109,Murray,1RNSW,Rest of NSW,1,New South Wales,AUS,Australia,24.1552,http://linked.data.gov.au/dataset/asgsed3/SA2/109011173,34019.9840164513,37020579.7043595
182,109011174,Albury - South,0,No change,10901,Albury,109,Murray,1RNSW,Rest of NSW,1,New South Wales,AUS,Australia,48.1442,http://linked.data.gov.au/dataset/asgsed3/SA2/109011174,66125.1018898967,73826130.6398073
183,109011175,Albury Surrounds,3,Name change,10901,Albury,109,Murray,1RNSW,Rest of NSW,1,New South Wales,AUS,Australia,5401.7533,http://linked.data.gov.au/dataset/asgsed3/SA2/109011175,634639.993376995,8220170373.11753
184,109011176,Lavington,0,No change,10901,Albury,109,Murray,1RNSW,Rest of NSW,1,New South Wales,AUS,Australia,21.467,http://linked.data.gov.au/dataset/asgsed3/SA2/109011176,30218.6856790138,32894111.7176044
185,109021177,Hay,0,No change,10902,Lower Murray,109,Murray,1RNSW,Rest of NSW,1,New South Wales,AUS,Australia,13922.8975,http://linked.data.gov.au/dataset/asgsed3/SA2/109021177,1037291.69524985,20383132054.9923
186,109021178,Wentworth - Buronga,0,No change,10902,Lower Murray,109,Murray,1RNSW,Rest of NSW,1,New South Wales,AUS,Australia,322.4567,http://linked.data.gov.au/dataset/asgsed3/SA2/109021178,240574.867487667,471619887.364667
187,109021179,Wentworth-Balranald Region,0,No change,10902,Lower Murray,109,Murray,1RNSW,Rest of NSW,1,New South Wales,AUS,Australia,49722.5286,http://linked.data.gov.au/dataset/asgsed3/SA2/109021179,2220097.31749141,72170896776.1004
188,109031180,Corowa,0,No change,10903,Upper Murray exc. Albury,109,Murray,1RNSW,Rest of NSW,1,New South Wales,AUS,Australia,77.1283,http://linked.data.gov.au/dataset/asgsed3/SA2/109031180,65751.8880719288,118069378.616532
189,109031181,Corowa Surrounds,3,Name change,10903,Upper Murray exc. Albury,109,Murray,1RNSW,Rest of NSW,1,New South Wales,AUS,Australia,4495.1557,http://linked.data.gov.au/dataset/asgsed3/SA2/109031181,668173.857483614,6821438710.62458
190,109031182,Deniliquin,0,No change,10903,Upper Murray exc. Albury,109,Murray,1RNSW,Rest of NSW,1,New South Wales,AUS,Australia,143.2081,http://linked.data.gov.au/dataset/asgsed3/SA2/109031182,58945.5772558163,216701280.596698
191,109031183,Deniliquin Surrounds,3,Name change,10903,Upper Murray exc. Albury,109,Murray,1RNSW,Rest of NSW,1,New South Wales,AUS,Australia,18337.9454,http://linked.data.gov.au/dataset/asgsed3/SA2/109031183,1289367.71746085,27599297298.5654
192,109031184,Moama,0,No change,10903,Upper Murray exc. Albury,109,Murray,1RNSW,Rest of NSW,1,New South Wales,AUS,Australia,167.0068,http://linked.data.gov.au/dataset/asgsed3/SA2/109031184,119043.506856285,256069497.726062
193,109031185,Tocumwal - Finley - Jerilderie,0,No change,10903,Upper Murray exc. Albury,109,Murray,1RNSW,Rest of NSW,1,New South Wales,AUS,Australia,5011.159,http://linked.data.gov.au/dataset/asgsed3/SA2/109031185,605970.667512527,7569134130.2116
194,110011186,Armidale,0,No change,11001,Armidale,110,New England and North West,1RNSW,Rest of NSW,1,New South Wales,AUS,Australia,274.5996,http://linked.data.gov.au/dataset/asgsed3/SA2/110011186,96077.8970649556,371110685.320619
195,110011187,Armidale Surrounds - North,3,Name change,11001,Armidale,110,New England and North West,1RNSW,Rest of NSW,1,New South Wales,AUS,Australia,6098.2353,http://linked.data.gov.au/dataset/asgsed3/SA2/110011187,725006.848527084,8213898351.84026
196,110011188,Armidale Surrounds - South,3,Name change,11001,Armidale,110,New England and North West,1RNSW,Rest of NSW,1,New South Wales,AUS,Australia,3280.2792,http://linked.data.gov.au/dataset/asgsed3/SA2/110011188,492117.470427861,4439960425.8633
197,110011189,Walcha,0,No change,11001,Armidale,110,New England and North West,1RNSW,Rest of NSW,1,New South Wales,AUS,Australia,6742.5353,http://linked.data.gov.au/dataset/asgsed3/SA2/110011189,667102.774272694,9238019227.89791
198,110021190,Glen Innes,0,No change,11002,Inverell - Tenterfield,110,New England and North West,1RNSW,Rest of NSW,1,New South Wales,AUS,Australia,5479.977,http://linked.data.gov.au/dataset/asgsed3/SA2/110021190,574407.89998889,7280022000.00895
199,110021191,Inverell,0,No change,11002,Inverell - Tenterfield,110,New England and North West,1RNSW,Rest of NSW,1,New South Wales,AUS,Australia,207.6617,http://linked.data.gov.au/dataset/asgsed3/SA2/110021191,107869.665347017,276509782.44206
200,110021192,Inverell Surrounds - East,3,Name change,11002,Inverell - Tenterfield,110,New England and North West,1RNSW,Rest of NSW,1,New South Wales,AUS,Australia,9270.8567,http://linked.data.gov.au/dataset/asgsed3/SA2/110021192,974514.941871489,12272503452.934
201,110021193,Inverell Surrounds - West,3,Name change,11002,Inverell - Tenterfield,110,New England and North West,1RNSW,Rest of NSW,1,New South Wales,AUS,Australia,8283.6399,http://linked.data.gov.au/dataset/asgsed3/SA2/110021193,739134.350927397,11026484872.3497
202,110021194,Tenterfield,0,No change,11002,Inverell - Tenterfield,110,New England and North West,1RNSW,Rest of NSW,1,New South Wales,AUS,Australia,7324.3072,http://linked.data.gov.au/dataset/asgsed3/SA2/110021194,779519.514948852,9598964784.26949
203,110031195,Moree,0,No change,11003,Moree - Narrabri,110,New England and North West,1RNSW,Rest of NSW,1,New South Wales,AUS,Australia,69.3971,http://linked.data.gov.au/dataset/asgsed3/SA2/110031195,74718.615219478,91859209.9944524
204,110031196,Moree Surrounds,3,Name change,11003,Moree - Narrabri,110,New England and North West,1RNSW,Rest of NSW,1,New South Wales,AUS,Australia,19807.3163,http://linked.data.gov.au/dataset/asgsed3/SA2/110031196,1229891.76115056,26102253808.1419
205,110031197,Narrabri,0,No change,11003,Moree - Narrabri,110,New England and North West,1RNSW,Rest of NSW,1,New South Wales,AUS,Australia,180.363,http://linked.data.gov.au/dataset/asgsed3/SA2/110031197,93235.0365396318,243013428.522122
206,110031198,Narrabri Surrounds,3,Name change,11003,Moree - Narrabri,110,New England and North West,1RNSW,Rest of NSW,1,New South Wales,AUS,Australia,11965.644,http://linked.data.gov.au/dataset/asgsed3/SA2/110031198,887506.864791625,16116121981.7028
207,110041199,Gunnedah,0,No change,11004,Tamworth - Gunnedah,110,New England and North West,1RNSW,Rest of NSW,1,New South Wales,AUS,Australia,90.1551,http://linked.data.gov.au/dataset/asgsed3/SA2/110041199,59283.3299822119,123053180.765586
208,110041200,Gunnedah Surrounds,3,Name change,11004,Tamworth - Gunnedah,110,New England and North West,1RNSW,Rest of NSW,1,New South Wales,AUS,Australia,5765.8611,http://linked.data.gov.au/dataset/asgsed3/SA2/110041200,702722.324355393,7871099957.63827
209,110041201,Quirindi,0,No change,11004,Tamworth - Gunnedah,110,New England and North West,1RNSW,Rest of NSW,1,New South Wales,AUS,Australia,5077.8424,http://linked.data.gov.au/dataset/asgsed3/SA2/110041201,586603.661390818,7013673293.94315
210,110041202,Tamworth - East,0,No change,11004,Tamworth - Gunnedah,110,New England and North West,1RNSW,Rest of NSW,1,New South Wales,AUS,Australia,102.1806,http://linked.data.gov.au/dataset/asgsed3/SA2/110041202,65627.5602123463,139964518.151603
211,110041203,Tamworth - North,0,No change,11004,Tamworth - Gunnedah,110,New England and North West,1RNSW,Rest of NSW,1,New South Wales,AUS,Australia,76.0422,http://linked.data.gov.au/dataset/asgsed3/SA2/110041203,76706.3877925576,104022955.043471
212,110041204,Tamworth - West,0,No change,11004,Tamworth - Gunnedah,110,New England and North West,1RNSW,Rest of NSW,1,New South Wales,AUS,Australia,62.5221,http://linked.data.gov.au/dataset/asgsed3/SA2/110041204,41333.3089379763,85525924.7054511
213,110041205,Tamworth Surrounds,3,Name change,11004,Tamworth - Gunnedah,110,New England and North West,1RNSW,Rest of NSW,1,New South Wales,AUS,Australia,8980.4841,http://linked.data.gov.au/dataset/asgsed3/SA2/110041205,965687.237683082,12230898817.4626
214,111011206,Belmont - Bennetts Green,0,No change,11101,Lake Macquarie - East,111,Newcastle and Lake Macquarie,1RNSW,Rest of NSW,1,New South Wales,AUS,Australia,22.2102,http://linked.data.gov.au/dataset/asgsed3/SA2/111011206,41114.2877208358,31677367.4902796
215,111011207,Belmont South - Blacksmiths,0,No change,11101,Lake Macquarie - East,111,Newcastle and Lake Macquarie,1RNSW,Rest of NSW,1,New South Wales,AUS,Australia,6.8068,http://linked.data.gov.au/dataset/asgsed3/SA2/111011207,25121.4937913049,9718601.09039953
216,111011208,Charlestown - Dudley,0,No change,11101,Lake Macquarie - East,111,Newcastle and Lake Macquarie,1RNSW,Rest of NSW,1,New South Wales,AUS,Australia,22.2795,http://linked.data.gov.au/dataset/asgsed3/SA2/111011208,31391.4887577842,31745161.4203633
217,111011209,Glendale - Cardiff - Hillsborough,0,No change,11101,Lake Macquarie - East,111,Newcastle and Lake Macquarie,1RNSW,Rest of NSW,1,New South Wales,AUS,Australia,21.9176,http://linked.data.gov.au/dataset/asgsed3/SA2/111011209,32053.4549765958,31207851.9983296
218,111011210,Mount Hutton - Windale,0,No change,11101,Lake Macquarie - East,111,Newcastle and Lake Macquarie,1RNSW,Rest of NSW,1,New South Wales,AUS,Australia,6.2654,http://linked.data.gov.au/dataset/asgsed3/SA2/111011210,18538.8922174813,8930510.98697939
219,111011211,Redhead,0,No change,11101,Lake Macquarie - East,111,Newcastle and Lake Macquarie,1RNSW,Rest of NSW,1,New South Wales,AUS,Australia,3.6842,http://linked.data.gov.au/dataset/asgsed3/SA2/111011211,15632.3859868217,5253327.53636396
220,111011212,Swansea - Caves Beach,0,No change,11101,Lake Macquarie - East,111,Newcastle and Lake Macquarie,1RNSW,Rest of NSW,1,New South Wales,AUS,Australia,32.4068,http://linked.data.gov.au/dataset/asgsed3/SA2/111011212,62818.7136108593,46336797.6953915
221,111011213,Valentine - Eleebana,0,No change,11101,Lake Macquarie - East,111,Newcastle and Lake Macquarie,1RNSW,Rest of NSW,1,New South Wales,AUS,Australia,9.9748,http://linked.data.gov.au/dataset/asgsed3/SA2/111011213,22761.4591664932,14222190.9633732
222,111011214,Warners Bay - Boolaroo,0,No change,11101,Lake Macquarie - East,111,Newcastle and Lake Macquarie,1RNSW,Rest of NSW,1,New South Wales,AUS,Australia,12.54,http://linked.data.gov.au/dataset/asgsed3/SA2/111011214,24617.520990244,17863477.2855815
223,111021215,Bolton Point - Teralba,0,No change,11102,Lake Macquarie - West,111,Newcastle and Lake Macquarie,1RNSW,Rest of NSW,1,New South Wales,AUS,Australia,21.9698,http://linked.data.gov.au/dataset/asgsed3/SA2/111021215,37471.010767946,31294652.4543865
224,111021216,Bonnells Bay - Silverwater,0,No change,11102,Lake Macquarie - West,111,Newcastle and Lake Macquarie,1RNSW,Rest of NSW,1,New South Wales,AUS,Australia,10.1593,http://linked.data.gov.au/dataset/asgsed3/SA2/111021216,28753.2861682072,14518710.58516
225,111021217,Edgeworth - Cameron Park,0,No change,11102,Lake Macquarie - West,111,Newcastle and Lake Macquarie,1RNSW,Rest of NSW,1,New South Wales,AUS,Australia,15.6078,http://linked.data.gov.au/dataset/asgsed3/SA2/111021217,24370.4511349649,22207433.0263099
226,111021218,Morisset - Cooranbong,0,No change,11102,Lake Macquarie - West,111,Newcastle and Lake Macquarie,1RNSW,Rest of NSW,1,New South Wales,AUS,Australia,330.5207,http://linked.data.gov.au/dataset/asgsed3/SA2/111021218,141190.100117004,472079739.321055
227,111021219,Toronto - Awaba,0,No change,11102,Lake Macquarie - West,111,Newcastle and Lake Macquarie,1RNSW,Rest of NSW,1,New South Wales,AUS,Australia,43.6626,http://linked.data.gov.au/dataset/asgsed3/SA2/111021219,62743.2557088858,62270247.5022571
228,111021220,Wangi Wangi - Rathmines,0,No change,11102,Lake Macquarie - West,111,Newcastle and Lake Macquarie,1RNSW,Rest of NSW,1,New South Wales,AUS,Australia,13.1714,http://linked.data.gov.au/dataset/asgsed3/SA2/111021220,44727.8046517814,18801161.9920152
229,111021221,West Wallsend - Barnsley - Killingworth,0,No change,11102,Lake Macquarie - West,111,Newcastle and Lake Macquarie,1RNSW,Rest of NSW,1,New South Wales,AUS,Australia,72.5413,http://linked.data.gov.au/dataset/asgsed3/SA2/111021221,64612.4765139254,103252973.626857
230,111031222,Adamstown - Kotara,0,No change,11103,Newcastle,111,Newcastle and Lake Macquarie,1RNSW,Rest of NSW,1,New South Wales,AUS,Australia,8.0182,http://linked.data.gov.au/dataset/asgsed3/SA2/111031222,18079.8789468227,11416700.0198242
231,111031223,Beresfield - Hexham,0,No change,11103,Newcastle,111,Newcastle and Lake Macquarie,1RNSW,Rest of NSW,1,New South Wales,AUS,Australia,59.2573,http://linked.data.gov.au/dataset/asgsed3/SA2/111031223,47667.5713513933,84154047.6969258
232,111031224,Hamilton - Broadmeadow,0,No change,11103,Newcastle,111,Newcastle and Lake Macquarie,1RNSW,Rest of NSW,1,New South Wales,AUS,Australia,6.7462,http://linked.data.gov.au/dataset/asgsed3/SA2/111031224,16833.9375125657,9601216.77082196
233,111031225,Lambton - New Lambton,0,No change,11103,Newcastle,111,Newcastle and Lake Macquarie,1RNSW,Rest of NSW,1,New South Wales,AUS,Australia,10.5485,http://linked.data.gov.au/dataset/asgsed3/SA2/111031225,18018.6465140589,15012795.8089177
234,111031226,Maryland - Fletcher - Minmi,0,No change,11103,Newcastle,111,Newcastle and Lake Macquarie,1RNSW,Rest of NSW,1,New South Wales,AUS,Australia,17.2634,http://linked.data.gov.au/dataset/asgsed3/SA2/111031226,30007.1804380367,24542415.7780409
235,111031227,Mayfield - Warabrook,0,No change,11103,Newcastle,111,Newcastle and Lake Macquarie,1RNSW,Rest of NSW,1,New South Wales,AUS,Australia,7.5372,http://linked.data.gov.au/dataset/asgsed3/SA2/111031227,15163.2255782117,10718667.0599265
236,111031228,Merewether - The Junction,0,No change,11103,Newcastle,111,Newcastle and Lake Macquarie,1RNSW,Rest of NSW,1,New South Wales,AUS,Australia,7.2464,http://linked.data.gov.au/dataset/asgsed3/SA2/111031228,16398.9841722258,10317892.1744041
237,111031229,Newcastle - Cooks Hill,0,No change,11103,Newcastle,111,Newcastle and Lake Macquarie,1RNSW,Rest of NSW,1,New South Wales,AUS,Australia,3.9772,http://linked.data.gov.au/dataset/asgsed3/SA2/111031229,17306.0550097266,5661524.3121303
238,111031230,Newcastle Port - Kooragang,0,No change,11103,Newcastle,111,Newcastle and Lake Macquarie,1RNSW,Rest of NSW,1,New South Wales,AUS,Australia,30.8589,http://linked.data.gov.au/dataset/asgsed3/SA2/111031230,61029.1431600529,43864966.8666001
239,111031231,Shortland - Jesmond,0,No change,11103,Newcastle,111,Newcastle and Lake Macquarie,1RNSW,Rest of NSW,1,New South Wales,AUS,Australia,12.7086,http://linked.data.gov.au/dataset/asgsed3/SA2/111031231,26015.1484723823,18070544.4279846
240,111031232,Stockton - Fullerton Cove,0,No change,11103,Newcastle,111,Newcastle and Lake Macquarie,1RNSW,Rest of NSW,1,New South Wales,AUS,Australia,30.5131,http://linked.data.gov.au/dataset/asgsed3/SA2/111031232,42277.7453940818,43358276.8714886
241,111031233,Wallsend - Elermore Vale,0,No change,11103,Newcastle,111,Newcastle and Lake Macquarie,1RNSW,Rest of NSW,1,New South Wales,AUS,Australia,21.52,http://linked.data.gov.au/dataset/asgsed3/SA2/111031233,31025.8405346958,30611431.1513219
242,111031234,Waratah - North Lambton,0,No change,11103,Newcastle,111,Newcastle and Lake Macquarie,1RNSW,Rest of NSW,1,New South Wales,AUS,Australia,5.114,http://linked.data.gov.au/dataset/asgsed3/SA2/111031234,12286.9421911653,7274937.54093945
243,111031235,Wickham - Carrington - Tighes Hill,0,No change,11103,Newcastle,111,Newcastle and Lake Macquarie,1RNSW,Rest of NSW,1,New South Wales,AUS,Australia,3.5549,http://linked.data.gov.au/dataset/asgsed3/SA2/111031235,15256.2801934164,5058378.68966607
244,112011236,Ballina,0,No change,11201,Richmond Valley - Coastal,112,Richmond - Tweed,1RNSW,Rest of NSW,1,New South Wales,AUS,Australia,36.1602,http://linked.data.gov.au/dataset/asgsed3/SA2/112011236,65925.4115973812,47301657.780643
245,112011237,Ballina Surrounds,3,Name change,11201,Richmond Valley - Coastal,112,Richmond - Tweed,1RNSW,Rest of NSW,1,New South Wales,AUS,Australia,406.5486,http://linked.data.gov.au/dataset/asgsed3/SA2/112011237,167509.401505153,531941500.408347
246,112011238,Bangalow,0,No change,11201,Richmond Valley - Coastal,112,Richmond - Tweed,1RNSW,Rest of NSW,1,New South Wales,AUS,Australia,186.5293,http://linked.data.gov.au/dataset/asgsed3/SA2/112011238,132357.522336445,243198057.518111
247,112011239,Brunswick Heads - Ocean Shores,0,No change,11201,Richmond Valley - Coastal,112,Richmond - Tweed,1RNSW,Rest of NSW,1,New South Wales,AUS,Australia,54.4454,http://linked.data.gov.au/dataset/asgsed3/SA2/112011239,64284.9751742816,70817219.3944404
248,112011240,Byron Bay,0,No change,11201,Richmond Valley - Coastal,112,Richmond - Tweed,1RNSW,Rest of NSW,1,New South Wales,AUS,Australia,39.7771,http://linked.data.gov.au/dataset/asgsed3/SA2/112011240,62899.7535823736,51868922.1062655
249,112011241,Evans Head,0,No change,11201,Richmond Valley - Coastal,112,Richmond - Tweed,1RNSW,Rest of NSW,1,New South Wales,AUS,Australia,543.5362,http://linked.data.gov.au/dataset/asgsed3/SA2/112011241,163235.256866972,714992676.57765
250,112011242,Lennox Head - Skennars Head,0,No change,11201,Richmond Valley - Coastal,112,Richmond - Tweed,1RNSW,Rest of NSW,1,New South Wales,AUS,Australia,37.846,http://linked.data.gov.au/dataset/asgsed3/SA2/112011242,43198.3436343083,49451069.0974839
251,112011243,Mullumbimby,0,No change,11201,Richmond Valley - Coastal,112,Richmond - Tweed,1RNSW,Rest of NSW,1,New South Wales,AUS,Australia,268.075,http://linked.data.gov.au/dataset/asgsed3/SA2/112011243,117257.624320905,348692310.324059
252,112021244,Casino,0,No change,11202,Richmond Valley - Hinterland,112,Richmond - Tweed,1RNSW,Rest of NSW,1,New South Wales,AUS,Australia,138.9581,http://linked.data.gov.au/dataset/asgsed3/SA2/112021244,79135.1434473161,181760453.879925
253,112021245,Casino Surrounds,3,Name change,11202,Richmond Valley - Hinterland,112,Richmond - Tweed,1RNSW,Rest of NSW,1,New South Wales,AUS,Australia,3950.1024,http://linked.data.gov.au/dataset/asgsed3/SA2/112021245,619142.094753188,5175355443.30923
254,112021246,Goonellabah,0,No change,11202,Richmond Valley - Hinterland,112,Richmond - Tweed,1RNSW,Rest of NSW,1,New South Wales,AUS,Australia,25.2269,http://linked.data.gov.au/dataset/asgsed3/SA2/112021246,41662.7566802586,32984535.2985229
255,112021247,Kyogle,0,No change,11202,Richmond Valley - Hinterland,112,Richmond - Tweed,1RNSW,Rest of NSW,1,New South Wales,AUS,Australia,1979.7778,http://linked.data.gov.au/dataset/asgsed3/SA2/112021247,360560.255244558,2573484572.76274
256,112021248,Lismore,0,No change,11202,Richmond Valley - Hinterland,112,Richmond - Tweed,1RNSW,Rest of NSW,1,New South Wales,AUS,Australia,63.3097,http://linked.data.gov.au/dataset/asgsed3/SA2/112021248,62960.1390261102,82773685.8181065
257,112021249,Lismore Surrounds,3,Name change,11202,Richmond Valley - Hinterland,112,Richmond - Tweed,1RNSW,Rest of NSW,1,New South Wales,AUS,Australia,1233.2421,http://linked.data.gov.au/dataset/asgsed3/SA2/112021249,376001.476076517,1610278436.05188
258,112031250,Kingscliff - Fingal Head,0,No change,11203,Tweed Valley,112,Richmond - Tweed,1RNSW,Rest of NSW,1,New South Wales,AUS,Australia,38.4359,http://linked.data.gov.au/dataset/asgsed3/SA2/112031250,56611.9431232155,49724394.5454719
259,112031251,Murwillumbah,0,No change,11203,Tweed Valley,112,Richmond - Tweed,1RNSW,Rest of NSW,1,New South Wales,AUS,Australia,24.2868,http://linked.data.gov.au/dataset/asgsed3/SA2/112031251,34146.365303108,31464326.3287686
260,112031252,Murwillumbah Surrounds,3,Name change,11203,Tweed Valley,112,Richmond - Tweed,1RNSW,Rest of NSW,1,New South Wales,AUS,Australia,908.2415,http://linked.data.gov.au/dataset/asgsed3/SA2/112031252,228420.797873466,1177639927.54947
261,112031253,Pottsville,0,No change,11203,Tweed Valley,112,Richmond - Tweed,1RNSW,Rest of NSW,1,New South Wales,AUS,Australia,189.4635,http://linked.data.gov.au/dataset/asgsed3/SA2/112031253,99534.7717218105,245759898.016486
262,112031254,Tweed Heads,0,No change,11203,Tweed Valley,112,Richmond - Tweed,1RNSW,Rest of NSW,1,New South Wales,AUS,Australia,100.4343,http://linked.data.gov.au/dataset/asgsed3/SA2/112031254,85257.2322672575,129831930.791278
263,112031550,Banora Point,0,No change,11203,Tweed Valley,112,Richmond - Tweed,1RNSW,Rest of NSW,1,New South Wales,AUS,Australia,9.4424,http://linked.data.gov.au/dataset/asgsed3/SA2/112031550,29586.2808594829,12206509.9057939
264,112031551,Terranora - North Tumbulgum,3,Name change,11203,Tweed Valley,112,Richmond - Tweed,1RNSW,Rest of NSW,1,New South Wales,AUS,Australia,29.0247,http://linked.data.gov.au/dataset/asgsed3/SA2/112031551,35558.0799183076,37544172.6512525
265,112031552,Tweed Heads South,0,No change,11203,Tweed Valley,112,Richmond - Tweed,1RNSW,Rest of NSW,1,New South Wales,AUS,Australia,8.4562,http://linked.data.gov.au/dataset/asgsed3/SA2/112031552,19018.2083884766,10927799.8110256
266,113011256,Griffith (NSW),0,No change,11301,Griffith - Murrumbidgee (West),113,Riverina,1RNSW,Rest of NSW,1,New South Wales,AUS,Australia,56.3332,http://linked.data.gov.au/dataset/asgsed3/SA2/113011256,48428.168277001,82713784.987989
267,113011257,Griffith Surrounds,3,Name change,11301,Griffith - Murrumbidgee (West),113,Riverina,1RNSW,Rest of NSW,1,New South Wales,AUS,Australia,23020.2045,http://linked.data.gov.au/dataset/asgsed3/SA2/113011257,1189711.20748858,33506116739.7372
268,113011258,Leeton,0,No change,11301,Griffith - Murrumbidgee (West),113,Riverina,1RNSW,Rest of NSW,1,New South Wales,AUS,Australia,373.8747,http://linked.data.gov.au/dataset/asgsed3/SA2/113011258,132532.13463295,552316046.677177
269,113011259,Narrandera,0,No change,11301,Griffith - Murrumbidgee (West),113,Riverina,1RNSW,Rest of NSW,1,New South Wales,AUS,Australia,5409.2764,http://linked.data.gov.au/dataset/asgsed3/SA2/113011259,585410.441217039,8031742232.29713
270,113021260,Tumbarumba,0,No change,11302,Tumut - Tumbarumba,113,Riverina,1RNSW,Rest of NSW,1,New South Wales,AUS,Australia,4520.6743,http://linked.data.gov.au/dataset/asgsed3/SA2/113021260,808506.779592902,6925557397.96207
271,113021261,Tumut,0,No change,11302,Tumut - Tumbarumba,113,Riverina,1RNSW,Rest of NSW,1,New South Wales,AUS,Australia,40.3087,http://linked.data.gov.au/dataset/asgsed3/SA2/113021261,70698.1175669431,60677972.2047272
272,113021262,Tumut Surrounds,3,Name change,11302,Tumut - Tumbarumba,113,Riverina,1RNSW,Rest of NSW,1,New South Wales,AUS,Australia,4613.7431,http://linked.data.gov.au/dataset/asgsed3/SA2/113021262,717745.55497163,6968452370.5166
273,113031263,Cootamundra,0,No change,11303,Wagga Wagga,113,Riverina,1RNSW,Rest of NSW,1,New South Wales,AUS,Australia,1656.1222,http://linked.data.gov.au/dataset/asgsed3/SA2/113031263,326761.382539892,2450121348.62746
274,113031264,Gundagai,0,No change,11303,Wagga Wagga,113,Riverina,1RNSW,Rest of NSW,1,New South Wales,AUS,Australia,2362.5241,http://linked.data.gov.au/dataset/asgsed3/SA2/113031264,431563.880736166,3530965610.23322
275,113031265,Junee,0,No change,11303,Wagga Wagga,113,Riverina,1RNSW,Rest of NSW,1,New South Wales,AUS,Australia,1970.8746,http://linked.data.gov.au/dataset/asgsed3/SA2/113031265,303699.593826062,2930817077.46156
276,113031266,Temora,0,No change,11303,Wagga Wagga,113,Riverina,1RNSW,Rest of NSW,1,New South Wales,AUS,Australia,3434.2619,http://linked.data.gov.au/dataset/asgsed3/SA2/113031266,435493.830076303,5055896403.46135
277,113031267,Wagga Wagga - East,0,No change,11303,Wagga Wagga,113,Riverina,1RNSW,Rest of NSW,1,New South Wales,AUS,Australia,54.0429,http://linked.data.gov.au/dataset/asgsed3/SA2/113031267,49848.4457212028,81020354.4713048
278,113031268,Wagga Wagga - North,0,No change,11303,Wagga Wagga,113,Riverina,1RNSW,Rest of NSW,1,New South Wales,AUS,Australia,53.6776,http://linked.data.gov.au/dataset/asgsed3/SA2/113031268,61788.2266845691,80323571.7845841
279,113031269,Wagga Wagga - South,0,No change,11303,Wagga Wagga,113,Riverina,1RNSW,Rest of NSW,1,New South Wales,AUS,Australia,29.4358,http://linked.data.gov.au/dataset/asgsed3/SA2/113031269,37604.8936454129,44134344.8521554
280,113031270,Wagga Wagga - West,0,No change,11303,Wagga Wagga,113,Riverina,1RNSW,Rest of NSW,1,New South Wales,AUS,Australia,54.9391,http://linked.data.gov.au/dataset/asgsed3/SA2/113031270,72260.4764559588,82321894.5733333
281,113031271,Wagga Wagga Surrounds,3,Name change,11303,Wagga Wagga,113,Riverina,1RNSW,Rest of NSW,1,New South Wales,AUS,Australia,9334.6874,http://linked.data.gov.au/dataset/asgsed3/SA2/113031271,872965.640076782,13993906963.2668
282,114011272,Berry - Kangaroo Valley,0,No change,11401,Shoalhaven,114,Southern Highlands and Shoalhaven,1RNSW,Rest of NSW,1,New South Wales,AUS,Australia,537.0884,http://linked.data.gov.au/dataset/asgsed3/SA2/114011272,286421.837368283,797625509.451047
283,114011273,Callala Bay - Currarong,0,No change,11401,Shoalhaven,114,Southern Highlands and Shoalhaven,1RNSW,Rest of NSW,1,New South Wales,AUS,Australia,166.9089,http://linked.data.gov.au/dataset/asgsed3/SA2/114011273,142429.755105014,249260645.641778
284,114011274,Culburra Beach,0,No change,11401,Shoalhaven,114,Southern Highlands and Shoalhaven,1RNSW,Rest of NSW,1,New South Wales,AUS,Australia,76.4017,http://linked.data.gov.au/dataset/asgsed3/SA2/114011274,69680.8508746647,113854464.129409
285,114011275,Ettrema - Sassafras - Budawang,0,No change,11401,Shoalhaven,114,Southern Highlands and Shoalhaven,1RNSW,Rest of NSW,1,New South Wales,AUS,Australia,2144.4618,http://linked.data.gov.au/dataset/asgsed3/SA2/114011275,482358.459896767,3210827335.89809
286,114011276,Huskisson - Vincentia,0,No change,11401,Shoalhaven,114,Southern Highlands and Shoalhaven,1RNSW,Rest of NSW,1,New South Wales,AUS,Australia,31.0117,http://linked.data.gov.au/dataset/asgsed3/SA2/114011276,46721.2129747461,46397212.5260639
287,114011277,North Nowra - Bomaderry,0,No change,11401,Shoalhaven,114,Southern Highlands and Shoalhaven,1RNSW,Rest of NSW,1,New South Wales,AUS,Australia,99.7318,http://linked.data.gov.au/dataset/asgsed3/SA2/114011277,76163.8275854979,148367400.537512
288,114011278,Nowra,0,No change,11401,Shoalhaven,114,Southern Highlands and Shoalhaven,1RNSW,Rest of NSW,1,New South Wales,AUS,Australia,101.6799,http://linked.data.gov.au/dataset/asgsed3/SA2/114011278,78239.0807547202,151538228.872196
289,114011279,St Georges Basin - Erowal Bay,0,No change,11401,Shoalhaven,114,Southern Highlands and Shoalhaven,1RNSW,Rest of NSW,1,New South Wales,AUS,Australia,76.8594,http://linked.data.gov.au/dataset/asgsed3/SA2/114011279,70099.3598808281,115096573.377537
290,114011280,Sussex Inlet - Berrara,0,No change,11401,Shoalhaven,114,Southern Highlands and Shoalhaven,1RNSW,Rest of NSW,1,New South Wales,AUS,Australia,40.4363,http://linked.data.gov.au/dataset/asgsed3/SA2/114011280,69876.1355390527,60616574.7833707
291,114011281,Tomerong - Wandandian - Woollamia,0,No change,11401,Shoalhaven,114,Southern Highlands and Shoalhaven,1RNSW,Rest of NSW,1,New South Wales,AUS,Australia,375.9761,http://linked.data.gov.au/dataset/asgsed3/SA2/114011281,221201.575295967,561567078.229691
292,114011282,Ulladulla,0,No change,11401,Shoalhaven,114,Southern Highlands and Shoalhaven,1RNSW,Rest of NSW,1,New South Wales,AUS,Australia,46.7765,http://linked.data.gov.au/dataset/asgsed3/SA2/114011282,64346.0376510867,70459245.1803775
293,114011283,Ulladulla Surrounds,3,Name change,11401,Shoalhaven,114,Southern Highlands and Shoalhaven,1RNSW,Rest of NSW,1,New South Wales,AUS,Australia,677.6148,http://linked.data.gov.au/dataset/asgsed3/SA2/114011283,301732.590389225,1021521604.97325
294,114021284,Bowral,0,No change,11402,Southern Highlands,114,Southern Highlands and Shoalhaven,1RNSW,Rest of NSW,1,New South Wales,AUS,Australia,55.572,http://linked.data.gov.au/dataset/asgsed3/SA2/114021284,60183.9668568787,81993883.7432043
295,114021285,Hill Top - Colo Vale,0,No change,11402,Southern Highlands,114,Southern Highlands and Shoalhaven,1RNSW,Rest of NSW,1,New South Wales,AUS,Australia,174.3752,http://linked.data.gov.au/dataset/asgsed3/SA2/114021285,104405.164656305,256515490.026146
296,114021286,Mittagong,0,No change,11402,Southern Highlands,114,Southern Highlands and Shoalhaven,1RNSW,Rest of NSW,1,New South Wales,AUS,Australia,73.7568,http://linked.data.gov.au/dataset/asgsed3/SA2/114021286,66897.6774775125,108752935.319889
297,114021287,Moss Vale - Berrima,0,No change,11402,Southern Highlands,114,Southern Highlands and Shoalhaven,1RNSW,Rest of NSW,1,New South Wales,AUS,Australia,118.1152,http://linked.data.gov.au/dataset/asgsed3/SA2/114021287,90522.4421615104,174463521.792587
298,114021288,Robertson - Fitzroy Falls,0,No change,11402,Southern Highlands,114,Southern Highlands and Shoalhaven,1RNSW,Rest of NSW,1,New South Wales,AUS,Australia,498.4941,http://linked.data.gov.au/dataset/asgsed3/SA2/114021288,241229.92600355,737738626.694238
299,114021289,Southern Highlands,0,No change,11402,Southern Highlands,114,Southern Highlands and Shoalhaven,1RNSW,Rest of NSW,1,New South Wales,AUS,Australia,1409.7013,http://linked.data.gov.au/dataset/asgsed3/SA2/114021289,331021.989777415,2078920650.19199
300,115011290,Baulkham Hills - East,3,Name change,11501,Baulkham Hills,115,Sydney - Baulkham Hills and Hawkesbury,1GSYD,Greater Sydney,1,New South Wales,AUS,Australia,8.3081,http://linked.data.gov.au/dataset/asgsed3/SA2/115011290,17470.2450292009,12051982.8546463
301,115011291,Baulkham Hills (West) - Bella Vista,0,No change,11501,Baulkham Hills,115,Sydney - Baulkham Hills and Hawkesbury,1GSYD,Greater Sydney,1,New South Wales,AUS,Australia,10.8721,http://linked.data.gov.au/dataset/asgsed3/SA2/115011291,21091.5092597384,15763281.4931288
302,115011294,Glenhaven,0,No change,11501,Baulkham Hills,115,Sydney - Baulkham Hills and Hawkesbury,1GSYD,Greater Sydney,1,New South Wales,AUS,Australia,7.2309,http://linked.data.gov.au/dataset/asgsed3/SA2/115011294,19808.858134664,10475213.0836334
303,115011296,West Pennant Hills,0,No change,11501,Baulkham Hills,115,Sydney - Baulkham Hills and Hawkesbury,1GSYD,Greater Sydney,1,New South Wales,AUS,Australia,7.8291,http://linked.data.gov.au/dataset/asgsed3/SA2/115011296,15076.9437377928,11353485.3617462
304,115011553,Castle Hill - Central,0,No change,11501,Baulkham Hills,115,Sydney - Baulkham Hills and Hawkesbury,1GSYD,Greater Sydney,1,New South Wales,AUS,Australia,4.1512,http://linked.data.gov.au/dataset/asgsed3/SA2/115011553,10672.7024150243,6017907.19185035
305,115011554,Castle Hill - East,0,No change,11501,Baulkham Hills,115,Sydney - Baulkham Hills and Hawkesbury,1GSYD,Greater Sydney,1,New South Wales,AUS,Australia,2.072,http://linked.data.gov.au/dataset/asgsed3/SA2/115011554,7471.20762323279,3002680.53019909
306,115011555,Castle Hill - North,0,No change,11501,Baulkham Hills,115,Sydney - Baulkham Hills and Hawkesbury,1GSYD,Greater Sydney,1,New South Wales,AUS,Australia,6.8149,http://linked.data.gov.au/dataset/asgsed3/SA2/115011555,14881.1487465088,9876134.98263826
307,115011556,Castle Hill - South,0,No change,11501,Baulkham Hills,115,Sydney - Baulkham Hills and Hawkesbury,1GSYD,Greater Sydney,1,New South Wales,AUS,Australia,4.1277,http://linked.data.gov.au/dataset/asgsed3/SA2/115011556,11240.827577515,5985780.14466473
308,115011557,Castle Hill - West,0,No change,11501,Baulkham Hills,115,Sydney - Baulkham Hills and Hawkesbury,1GSYD,Greater Sydney,1,New South Wales,AUS,Australia,1.6363,http://linked.data.gov.au/dataset/asgsed3/SA2/115011557,7297.82645464763,2371118.89724151
309,115011558,Cherrybrook,0,No change,11501,Baulkham Hills,115,Sydney - Baulkham Hills and Hawkesbury,1GSYD,Greater Sydney,1,New South Wales,AUS,Australia,8.2514,http://linked.data.gov.au/dataset/asgsed3/SA2/115011558,17726.8116637704,11957656.2492549
310,115011621,Kellyville - East,1,New,11501,Baulkham Hills,115,Sydney - Baulkham Hills and Hawkesbury,1GSYD,Greater Sydney,1,New South Wales,AUS,Australia,5.7375,http://linked.data.gov.au/dataset/asgsed3/SA2/115011621,13836.1510616011,8312146.67971562
311,115011622,Kellyville - West,1,New,11501,Baulkham Hills,115,Sydney - Baulkham Hills and Hawkesbury,1GSYD,Greater Sydney,1,New South Wales,AUS,Australia,4.9945,http://linked.data.gov.au/dataset/asgsed3/SA2/115011622,14437.7807072006,7238159.7928934
312,115021297,Dural - Kenthurst - Wisemans Ferry,0,No change,11502,Dural - Wisemans Ferry,115,Sydney - Baulkham Hills and Hawkesbury,1GSYD,Greater Sydney,1,New South Wales,AUS,Australia,377.5396,http://linked.data.gov.au/dataset/asgsed3/SA2/115021297,211823.205946734,544951049.368462
313,115021298,Galston - Laughtondale,0,No change,11502,Dural - Wisemans Ferry,115,Sydney - Baulkham Hills and Hawkesbury,1GSYD,Greater Sydney,1,New South Wales,AUS,Australia,191.699,http://linked.data.gov.au/dataset/asgsed3/SA2/115021298,177328.973011584,276722330.444356
314,115031299,Bilpin - Colo - St Albans,0,No change,11503,Hawkesbury,115,Sydney - Baulkham Hills and Hawkesbury,1GSYD,Greater Sydney,1,New South Wales,AUS,Australia,2160.1601,http://linked.data.gov.au/dataset/asgsed3/SA2/115031299,500071.115814223,3098497922.47945
315,115031300,Kurrajong Heights - Ebenezer,0,No change,11503,Hawkesbury,115,Sydney - Baulkham Hills and Hawkesbury,1GSYD,Greater Sydney,1,New South Wales,AUS,Australia,331.85,http://linked.data.gov.au/dataset/asgsed3/SA2/115031300,187908.831550471,478789565.901914
316,115041301,Pitt Town - McGraths Hill,0,No change,11504,Rouse Hill - McGraths Hill,115,Sydney - Baulkham Hills and Hawkesbury,1GSYD,Greater Sydney,1,New South Wales,AUS,Australia,80.503,http://linked.data.gov.au/dataset/asgsed3/SA2/115041301,64556.1714494201,116348375.313521
317,115041623,Box Hill - Nelson,1,New,11504,Rouse Hill - McGraths Hill,115,Sydney - Baulkham Hills and Hawkesbury,1GSYD,Greater Sydney,1,New South Wales,AUS,Australia,21.0706,http://linked.data.gov.au/dataset/asgsed3/SA2/115041623,27263.4102378285,30482615.639592
318,115041624,North Kellyville,1,New,11504,Rouse Hill - McGraths Hill,115,Sydney - Baulkham Hills and Hawkesbury,1GSYD,Greater Sydney,1,New South Wales,AUS,Australia,8.0039,http://linked.data.gov.au/dataset/asgsed3/SA2/115041624,17784.6355233058,11589788.9623261
319,115041625,Rouse Hill - Beaumont Hills,1,New,11504,Rouse Hill - McGraths Hill,115,Sydney - Baulkham Hills and Hawkesbury,1GSYD,Greater Sydney,1,New South Wales,AUS,Australia,8.6462,http://linked.data.gov.au/dataset/asgsed3/SA2/115041625,19839.1752210687,12519728.7556856
320,116011303,Blacktown (East) - Kings Park,0,No change,11601,Blacktown,116,Sydney - Blacktown,1GSYD,Greater Sydney,1,New South Wales,AUS,Australia,7.9753,http://linked.data.gov.au/dataset/asgsed3/SA2/116011303,20878.4335323146,11567216.3732614
321,116011304,Blacktown (North) - Marayong,0,No change,11601,Blacktown,116,Sydney - Blacktown,1GSYD,Greater Sydney,1,New South Wales,AUS,Australia,7.3828,http://linked.data.gov.au/dataset/asgsed3/SA2/116011304,16180.878805688,10706727.5180098
322,116011306,Doonside - Woodcroft,0,No change,11601,Blacktown,116,Sydney - Blacktown,1GSYD,Greater Sydney,1,New South Wales,AUS,Australia,9.9106,http://linked.data.gov.au/dataset/asgsed3/SA2/116011306,20795.2704817032,14377758.3721418
323,116011307,Lalor Park - Kings Langley,0,No change,11601,Blacktown,116,Sydney - Blacktown,1GSYD,Greater Sydney,1,New South Wales,AUS,Australia,11.7998,http://linked.data.gov.au/dataset/asgsed3/SA2/116011307,23529.9537994251,17117046.2162696
324,116011560,Blacktown - South,3,Name change,11601,Blacktown,116,Sydney - Blacktown,1GSYD,Greater Sydney,1,New South Wales,AUS,Australia,3.3594,http://linked.data.gov.au/dataset/asgsed3/SA2/116011560,11302.3971712229,4876189.43414911
325,116011561,Blacktown - West,3,Name change,11601,Blacktown,116,Sydney - Blacktown,1GSYD,Greater Sydney,1,New South Wales,AUS,Australia,4.6753,http://linked.data.gov.au/dataset/asgsed3/SA2/116011561,11486.609876504,6784831.22517393
326,116011626,Seven Hills - Prospect,1,New,11601,Blacktown,116,Sydney - Blacktown,1GSYD,Greater Sydney,1,New South Wales,AUS,Australia,7.5851,http://linked.data.gov.au/dataset/asgsed3/SA2/116011626,21425.8746005066,11010638.33483
327,116011627,Toongabbie - West,1,New,11601,Blacktown,116,Sydney - Blacktown,1GSYD,Greater Sydney,1,New South Wales,AUS,Australia,3.2406,http://linked.data.gov.au/dataset/asgsed3/SA2/116011627,10381.0172858784,4703716.32135838
328,116021309,Glenwood,0,No change,11602,Blacktown - North,116,Sydney - Blacktown,1GSYD,Greater Sydney,1,New South Wales,AUS,Australia,5.1186,http://linked.data.gov.au/dataset/asgsed3/SA2/116021309,13027.3342156581,7420590.75887325
329,116021562,Acacia Gardens,0,No change,11602,Blacktown - North,116,Sydney - Blacktown,1GSYD,Greater Sydney,1,New South Wales,AUS,Australia,0.9466,http://linked.data.gov.au/dataset/asgsed3/SA2/116021562,4931.52561810091,1372271.09426856
330,116021563,Quakers Hill,0,No change,11602,Blacktown - North,116,Sydney - Blacktown,1GSYD,Greater Sydney,1,New South Wales,AUS,Australia,7.7674,http://linked.data.gov.au/dataset/asgsed3/SA2/116021563,19503.5128773618,11257703.3620969
331,116021628,Kellyville Ridge - The Ponds,1,New,11602,Blacktown - North,116,Sydney - Blacktown,1GSYD,Greater Sydney,1,New South Wales,AUS,Australia,5.9124,http://linked.data.gov.au/dataset/asgsed3/SA2/116021628,13436.9239008521,8564838.78675121
332,116021629,Marsden Park - Shanes Park,1,New,11602,Blacktown - North,116,Sydney - Blacktown,1GSYD,Greater Sydney,1,New South Wales,AUS,Australia,25.0406,http://linked.data.gov.au/dataset/asgsed3/SA2/116021629,27902.4502045293,36276710.5685509
333,116021630,Riverstone,1,New,11602,Blacktown - North,116,Sydney - Blacktown,1GSYD,Greater Sydney,1,New South Wales,AUS,Australia,32.1656,http://linked.data.gov.au/dataset/asgsed3/SA2/116021630,38237.6459493417,46566193.3025289
334,116021631,Schofields (West) - Colebee,1,New,11602,Blacktown - North,116,Sydney - Blacktown,1GSYD,Greater Sydney,1,New South Wales,AUS,Australia,10.5499,http://linked.data.gov.au/dataset/asgsed3/SA2/116021631,20441.1845613512,15286564.0265903
335,116021632,Schofields - East,1,New,11602,Blacktown - North,116,Sydney - Blacktown,1GSYD,Greater Sydney,1,New South Wales,AUS,Australia,11.6638,http://linked.data.gov.au/dataset/asgsed3/SA2/116021632,19723.2276467662,16893065.0749347
336,116021633,Stanhope Gardens - Parklea,1,New,11602,Blacktown - North,116,Sydney - Blacktown,1GSYD,Greater Sydney,1,New South Wales,AUS,Australia,3.9008,http://linked.data.gov.au/dataset/asgsed3/SA2/116021633,11368.1959967027,5653132.33987204
337,116031313,Bidwill - Hebersham - Emerton,0,No change,11603,Mount Druitt,116,Sydney - Blacktown,1GSYD,Greater Sydney,1,New South Wales,AUS,Australia,6.095,http://linked.data.gov.au/dataset/asgsed3/SA2/116031313,13429.9316369379,8836148.31731439
338,116031314,Glendenning - Dean Park,0,No change,11603,Mount Druitt,116,Sydney - Blacktown,1GSYD,Greater Sydney,1,New South Wales,AUS,Australia,5.1425,http://linked.data.gov.au/dataset/asgsed3/SA2/116031314,13742.9616416728,7457117.4990919
339,116031315,Hassall Grove - Plumpton,0,No change,11603,Mount Druitt,116,Sydney - Blacktown,1GSYD,Greater Sydney,1,New South Wales,AUS,Australia,6.2052,http://linked.data.gov.au/dataset/asgsed3/SA2/116031315,12934.0605935389,8997627.59585575
340,116031316,Lethbridge Park - Tregear,0,No change,11603,Mount Druitt,116,Sydney - Blacktown,1GSYD,Greater Sydney,1,New South Wales,AUS,Australia,11.2672,http://linked.data.gov.au/dataset/asgsed3/SA2/116031316,21469.4514766377,16332683.3759794
341,116031317,Mount Druitt - Whalan,0,No change,11603,Mount Druitt,116,Sydney - Blacktown,1GSYD,Greater Sydney,1,New South Wales,AUS,Australia,8.6855,http://linked.data.gov.au/dataset/asgsed3/SA2/116031317,16799.35890624,12598659.1403625
342,116031318,Prospect Reservoir,0,No change,11603,Mount Druitt,116,Sydney - Blacktown,1GSYD,Greater Sydney,1,New South Wales,AUS,Australia,29.8693,http://linked.data.gov.au/dataset/asgsed3/SA2/116031318,39158.502590555,43375471.8491909
343,116031319,Rooty Hill - Minchinbury,0,No change,11603,Mount Druitt,116,Sydney - Blacktown,1GSYD,Greater Sydney,1,New South Wales,AUS,Australia,14.6242,http://linked.data.gov.au/dataset/asgsed3/SA2/116031319,27589.4518926705,21222576.5796245
344,117011320,Banksmeadow,0,No change,11701,Botany,117,Sydney - City and Inner South,1GSYD,Greater Sydney,1,New South Wales,AUS,Australia,3.9384,http://linked.data.gov.au/dataset/asgsed3/SA2/117011320,15073.5321779437,5739020.10059735
345,117011321,Botany,0,No change,11701,Botany,117,Sydney - City and Inner South,1GSYD,Greater Sydney,1,New South Wales,AUS,Australia,3.4307,http://linked.data.gov.au/dataset/asgsed3/SA2/117011321,11141.4895938147,4998005.89386353
346,117011323,Pagewood - Hillsdale - Daceyville,0,No change,11701,Botany,117,Sydney - City and Inner South,1GSYD,Greater Sydney,1,New South Wales,AUS,Australia,3.1186,http://linked.data.gov.au/dataset/asgsed3/SA2/117011323,14437.6228324025,4543258.29387259
347,117011324,Port Botany Industrial,0,No change,11701,Botany,117,Sydney - City and Inner South,1GSYD,Greater Sydney,1,New South Wales,AUS,Australia,2.8044,http://linked.data.gov.au/dataset/asgsed3/SA2/117011324,11820.0017155453,4087688.27110523
348,117011325,Sydney Airport,0,No change,11701,Botany,117,Sydney - City and Inner South,1GSYD,Greater Sydney,1,New South Wales,AUS,Australia,8.9106,http://linked.data.gov.au/dataset/asgsed3/SA2/117011325,23535.1726147631,12980490.2425673
349,117011634,Eastlakes,1,New,11701,Botany,117,Sydney - City and Inner South,1GSYD,Greater Sydney,1,New South Wales,AUS,Australia,3.1149,http://linked.data.gov.au/dataset/asgsed3/SA2/117011634,12857.3523429187,4536719.56957658
350,117011635,Mascot,1,New,11701,Botany,117,Sydney - City and Inner South,1GSYD,Greater Sydney,1,New South Wales,AUS,Australia,3.0501,http://linked.data.gov.au/dataset/asgsed3/SA2/117011635,12250.4041826124,4442176.12829495
351,117021327,Petersham - Stanmore,0,No change,11702,Marrickville - Sydenham - Petersham,117,Sydney - City and Inner South,1GSYD,Greater Sydney,1,New South Wales,AUS,Australia,3.0033,http://linked.data.gov.au/dataset/asgsed3/SA2/117021327,11286.692416897,4369148.7621727
352,117021328,Sydenham - Tempe - St Peters,0,No change,11702,Marrickville - Sydenham - Petersham,117,Sydney - City and Inner South,1GSYD,Greater Sydney,1,New South Wales,AUS,Australia,3.8539,http://linked.data.gov.au/dataset/asgsed3/SA2/117021328,11232.1283260008,5611098.96478776
353,117021636,Marrickville - North,1,New,11702,Marrickville - Sydenham - Petersham,117,Sydney - City and Inner South,1GSYD,Greater Sydney,1,New South Wales,AUS,Australia,2.8199,http://linked.data.gov.au/dataset/asgsed3/SA2/117021636,9054.83791158103,4104112.33451734
354,117021637,Marrickville - South,1,New,11702,Marrickville - Sydenham - Petersham,117,Sydney - City and Inner South,1GSYD,Greater Sydney,1,New South Wales,AUS,Australia,2.9929,http://linked.data.gov.au/dataset/asgsed3/SA2/117021637,10331.2760990543,4356797.06521966
355,117031329,Darlinghurst,0,No change,11703,Sydney Inner City,117,Sydney - City and Inner South,1GSYD,Greater Sydney,1,New South Wales,AUS,Australia,0.8569,http://linked.data.gov.au/dataset/asgsed3/SA2/117031329,5899.66674710585,1246560.61724167
356,117031330,Erskineville - Alexandria,0,No change,11703,Sydney Inner City,117,Sydney - City and Inner South,1GSYD,Greater Sydney,1,New South Wales,AUS,Australia,4.3199,http://linked.data.gov.au/dataset/asgsed3/SA2/117031330,13080.1564037849,6288051.35121489
357,117031331,Glebe - Forest Lodge,0,No change,11703,Sydney Inner City,117,Sydney - City and Inner South,1GSYD,Greater Sydney,1,New South Wales,AUS,Australia,2.3018,http://linked.data.gov.au/dataset/asgsed3/SA2/117031331,8465.48437869658,3347769.84321924
358,117031333,Potts Point - Woolloomooloo,0,No change,11703,Sydney Inner City,117,Sydney - City and Inner South,1GSYD,Greater Sydney,1,New South Wales,AUS,Australia,1.4636,http://linked.data.gov.au/dataset/asgsed3/SA2/117031333,11022.7117667368,2128987.56705867
359,117031336,Surry Hills,0,No change,11703,Sydney Inner City,117,Sydney - City and Inner South,1GSYD,Greater Sydney,1,New South Wales,AUS,Australia,1.3164,http://linked.data.gov.au/dataset/asgsed3/SA2/117031336,6367.95136476629,1914847.22405909
360,117031638,Camperdown - Darlington,1,New,11703,Sydney Inner City,117,Sydney - City and Inner South,1GSYD,Greater Sydney,1,New South Wales,AUS,Australia,1.7106,http://linked.data.gov.au/dataset/asgsed3/SA2/117031638,9184.28992118784,2488454.89750965
361,117031639,Chippendale,1,New,11703,Sydney Inner City,117,Sydney - City and Inner South,1GSYD,Greater Sydney,1,New South Wales,AUS,Australia,0.4642,http://linked.data.gov.au/dataset/asgsed3/SA2/117031639,3905.58909462824,674860.211703931
362,117031640,Newtown (NSW),1,New,11703,Sydney Inner City,117,Sydney - City and Inner South,1GSYD,Greater Sydney,1,New South Wales,AUS,Australia,1.5707,http://linked.data.gov.au/dataset/asgsed3/SA2/117031640,8650.49783150274,2285457.48786311
363,117031641,Pyrmont,1,New,11703,Sydney Inner City,117,Sydney - City and Inner South,1GSYD,Greater Sydney,1,New South Wales,AUS,Australia,0.9299,http://linked.data.gov.au/dataset/asgsed3/SA2/117031641,7906.24302657184,1352535.3440671
364,117031642,Redfern,1,New,11703,Sydney Inner City,117,Sydney - City and Inner South,1GSYD,Greater Sydney,1,New South Wales,AUS,Australia,1.6989,http://linked.data.gov.au/dataset/asgsed3/SA2/117031642,9517.42832815814,2471861.99188795
365,117031643,Rosebery - Beaconsfield,1,New,11703,Sydney Inner City,117,Sydney - City and Inner South,1GSYD,Greater Sydney,1,New South Wales,AUS,Australia,1.6423,http://linked.data.gov.au/dataset/asgsed3/SA2/117031643,7920.61243529799,2391082.001644
366,117031644,Sydney (North) - Millers Point,1,New,11703,Sydney Inner City,117,Sydney - City and Inner South,1GSYD,Greater Sydney,1,New South Wales,AUS,Australia,3.2122,http://linked.data.gov.au/dataset/asgsed3/SA2/117031644,18139.1021059685,4670456.77916931
367,117031645,Sydney (South) - Haymarket,1,New,11703,Sydney Inner City,117,Sydney - City and Inner South,1GSYD,Greater Sydney,1,New South Wales,AUS,Australia,1.081,http://linked.data.gov.au/dataset/asgsed3/SA2/117031645,7163.74681261279,1573034.80399404
368,117031646,Ultimo,1,New,11703,Sydney Inner City,117,Sydney - City and Inner South,1GSYD,Greater Sydney,1,New South Wales,AUS,Australia,0.5588,http://linked.data.gov.au/dataset/asgsed3/SA2/117031646,4147.62279130273,812257.760407996
369,117031647,Waterloo,1,New,11703,Sydney Inner City,117,Sydney - City and Inner South,1GSYD,Greater Sydney,1,New South Wales,AUS,Australia,1.1339,http://linked.data.gov.au/dataset/asgsed3/SA2/117031647,5685.29879421155,1649901.50337532
370,117031648,Zetland,1,New,11703,Sydney Inner City,117,Sydney - City and Inner South,1GSYD,Greater Sydney,1,New South Wales,AUS,Australia,0.8047,http://linked.data.gov.au/dataset/asgsed3/SA2/117031648,4408.72157443458,1171525.9997896
371,118011339,Bondi - Tamarama - Bronte,0,No change,11801,Eastern Suburbs - North,118,Sydney - Eastern Suburbs,1GSYD,Greater Sydney,1,New South Wales,AUS,Australia,2.4962,http://linked.data.gov.au/dataset/asgsed3/SA2/118011339,10307.2156332102,3632993.50568407
372,118011340,Bondi Beach - North Bondi,0,No change,11801,Eastern Suburbs - North,118,Sydney - Eastern Suburbs,1GSYD,Greater Sydney,1,New South Wales,AUS,Australia,2.4604,http://linked.data.gov.au/dataset/asgsed3/SA2/118011340,9971.18088577177,3579528.33762762
373,118011341,Bondi Junction - Waverly,0,No change,11801,Eastern Suburbs - North,118,Sydney - Eastern Suburbs,1GSYD,Greater Sydney,1,New South Wales,AUS,Australia,2.5235,http://linked.data.gov.au/dataset/asgsed3/SA2/118011341,10212.7398824566,3672059.09871091
374,118011342,Centennial Park,0,No change,11801,Eastern Suburbs - North,118,Sydney - Eastern Suburbs,1GSYD,Greater Sydney,1,New South Wales,AUS,Australia,1.9786,http://linked.data.gov.au/dataset/asgsed3/SA2/118011342,7625.16269309381,2879205.78216921
375,118011344,Dover Heights,0,No change,11801,Eastern Suburbs - North,118,Sydney - Eastern Suburbs,1GSYD,Greater Sydney,1,New South Wales,AUS,Australia,1.8705,http://linked.data.gov.au/dataset/asgsed3/SA2/118011344,10181.0076417687,2719779.00132469
376,118011345,Paddington - Moore Park,0,No change,11801,Eastern Suburbs - North,118,Sydney - Eastern Suburbs,1GSYD,Greater Sydney,1,New South Wales,AUS,Australia,3.725,http://linked.data.gov.au/dataset/asgsed3/SA2/118011345,11644.7737677492,5418860.61015586
377,118011346,Rose Bay - Vaucluse - Watsons Bay,0,No change,11801,Eastern Suburbs - North,118,Sydney - Eastern Suburbs,1GSYD,Greater Sydney,1,New South Wales,AUS,Australia,5.1368,http://linked.data.gov.au/dataset/asgsed3/SA2/118011346,23165.7831907909,7467773.47020723
378,118011347,Woollahra,0,No change,11801,Eastern Suburbs - North,118,Sydney - Eastern Suburbs,1GSYD,Greater Sydney,1,New South Wales,AUS,Australia,1.2805,http://linked.data.gov.au/dataset/asgsed3/SA2/118011347,8099.81530475879,1862771.05696323
379,118011649,Bellevue Hill,1,New,11801,Eastern Suburbs - North,118,Sydney - Eastern Suburbs,1GSYD,Greater Sydney,1,New South Wales,AUS,Australia,3.1556,http://linked.data.gov.au/dataset/asgsed3/SA2/118011649,12169.5963883315,4589206.45665975
380,118011650,Double Bay - Darling Point,1,New,11801,Eastern Suburbs - North,118,Sydney - Eastern Suburbs,1GSYD,Greater Sydney,1,New South Wales,AUS,Australia,1.5591,http://linked.data.gov.au/dataset/asgsed3/SA2/118011650,10248.8831625867,2267203.89004498
381,118021564,Kensington (NSW),0,No change,11802,Eastern Suburbs - South,118,Sydney - Eastern Suburbs,1GSYD,Greater Sydney,1,New South Wales,AUS,Australia,2.6423,http://linked.data.gov.au/dataset/asgsed3/SA2/118021564,12436.8106410345,3846419.41737342
382,118021565,Kingsford,0,No change,11802,Eastern Suburbs - South,118,Sydney - Eastern Suburbs,1GSYD,Greater Sydney,1,New South Wales,AUS,Australia,2.0141,http://linked.data.gov.au/dataset/asgsed3/SA2/118021565,10321.6725974862,2932399.29149756
383,118021566,Maroubra - North,0,No change,11802,Eastern Suburbs - South,118,Sydney - Eastern Suburbs,1GSYD,Greater Sydney,1,New South Wales,AUS,Australia,1.8112,http://linked.data.gov.au/dataset/asgsed3/SA2/118021566,9308.64318671131,2638558.85540107
384,118021567,Maroubra - South,0,No change,11802,Eastern Suburbs - South,118,Sydney - Eastern Suburbs,1GSYD,Greater Sydney,1,New South Wales,AUS,Australia,2.065,http://linked.data.gov.au/dataset/asgsed3/SA2/118021567,8223.14126113015,3008812.08641347
385,118021568,Maroubra - West,0,No change,11802,Eastern Suburbs - South,118,Sydney - Eastern Suburbs,1GSYD,Greater Sydney,1,New South Wales,AUS,Australia,2.0464,http://linked.data.gov.au/dataset/asgsed3/SA2/118021568,8061.76579883202,2981651.50087908
386,118021569,Randwick - North,0,No change,11802,Eastern Suburbs - South,118,Sydney - Eastern Suburbs,1GSYD,Greater Sydney,1,New South Wales,AUS,Australia,1.9356,http://linked.data.gov.au/dataset/asgsed3/SA2/118021569,7542.49419524317,2818453.44037689
387,118021570,Randwick - South,0,No change,11802,Eastern Suburbs - South,118,Sydney - Eastern Suburbs,1GSYD,Greater Sydney,1,New South Wales,AUS,Australia,3.3725,http://linked.data.gov.au/dataset/asgsed3/SA2/118021570,13211.6883654703,4910342.89150652
388,118021651,Coogee - Clovelly,1,New,11802,Eastern Suburbs - South,118,Sydney - Eastern Suburbs,1GSYD,Greater Sydney,1,New South Wales,AUS,Australia,2.7034,http://linked.data.gov.au/dataset/asgsed3/SA2/118021651,13178.2240619025,3937218.16545618
389,118021652,Malabar - La Perouse,1,New,11802,Eastern Suburbs - South,118,Sydney - Eastern Suburbs,1GSYD,Greater Sydney,1,New South Wales,AUS,Australia,8.4115,http://linked.data.gov.au/dataset/asgsed3/SA2/118021652,27985.1678093116,12262496.0187932
390,118021653,Matraville - Chifley,1,New,11802,Eastern Suburbs - South,118,Sydney - Eastern Suburbs,1GSYD,Greater Sydney,1,New South Wales,AUS,Australia,3.4138,http://linked.data.gov.au/dataset/asgsed3/SA2/118021653,11147.6691608612,4975947.95439172
391,118021654,South Coogee,1,New,11802,Eastern Suburbs - South,118,Sydney - Eastern Suburbs,1GSYD,Greater Sydney,1,New South Wales,AUS,Australia,1.1322,http://linked.data.gov.au/dataset/asgsed3/SA2/118021654,6502.84797340058,1648831.15052337
392,119011354,Bass Hill - Georges Hall,0,No change,11901,Bankstown,119,Sydney - Inner South West,1GSYD,Greater Sydney,1,New South Wales,AUS,Australia,8.9161,http://linked.data.gov.au/dataset/asgsed3/SA2/119011354,18890.4266753748,12974214.2680626
393,119011355,Chullora,0,No change,11901,Bankstown,119,Sydney - Inner South West,1GSYD,Greater Sydney,1,New South Wales,AUS,Australia,4.0501,http://linked.data.gov.au/dataset/asgsed3/SA2/119011355,14287.7628970376,5892818.40730811
394,119011356,Condell Park,0,No change,11901,Bankstown,119,Sydney - Inner South West,1GSYD,Greater Sydney,1,New South Wales,AUS,Australia,10.0036,http://linked.data.gov.au/dataset/asgsed3/SA2/119011356,18851.2515430354,14568381.4386997
395,119011358,Padstow,0,No change,11901,Bankstown,119,Sydney - Inner South West,1GSYD,Greater Sydney,1,New South Wales,AUS,Australia,6.5091,http://linked.data.gov.au/dataset/asgsed3/SA2/119011358,16715.8159870771,9484299.52135132
396,119011360,Revesby,0,No change,11901,Bankstown,119,Sydney - Inner South West,1GSYD,Greater Sydney,1,New South Wales,AUS,Australia,5.0925,http://linked.data.gov.au/dataset/asgsed3/SA2/119011360,19253.1564330622,7420339.08896475
397,119011361,Yagoona - Birrong,0,No change,11901,Bankstown,119,Sydney - Inner South West,1GSYD,Greater Sydney,1,New South Wales,AUS,Australia,5.5597,http://linked.data.gov.au/dataset/asgsed3/SA2/119011361,16972.5904497957,8090222.13249523
398,119011571,Bankstown - North,0,No change,11901,Bankstown,119,Sydney - Inner South West,1GSYD,Greater Sydney,1,New South Wales,AUS,Australia,2.7405,http://linked.data.gov.au/dataset/asgsed3/SA2/119011571,13034.1646436082,3989419.8254915
399,119011572,Bankstown - South,0,No change,11901,Bankstown,119,Sydney - Inner South West,1GSYD,Greater Sydney,1,New South Wales,AUS,Australia,4.4232,http://linked.data.gov.au/dataset/asgsed3/SA2/119011572,13268.6914721754,6441591.98561361
400,119011655,Greenacre - North,1,New,11901,Bankstown,119,Sydney - Inner South West,1GSYD,Greater Sydney,1,New South Wales,AUS,Australia,4.0802,http://linked.data.gov.au/dataset/asgsed3/SA2/119011655,12430.8971464866,5937712.28656641
401,119011656,Greenacre - South,1,New,11901,Bankstown,119,Sydney - Inner South West,1GSYD,Greater Sydney,1,New South Wales,AUS,Australia,2.9017,http://linked.data.gov.au/dataset/asgsed3/SA2/119011656,9932.74398578958,4224296.44191069
402,119011657,Panania (North) - Milperra,1,New,11901,Bankstown,119,Sydney - Inner South West,1GSYD,Greater Sydney,1,New South Wales,AUS,Australia,7.5649,http://linked.data.gov.au/dataset/asgsed3/SA2/119011657,17205.7397837083,11019929.5932505
403,119011658,Panania (South) - Picnic Point,1,New,11901,Bankstown,119,Sydney - Inner South West,1GSYD,Greater Sydney,1,New South Wales,AUS,Australia,6.8259,http://linked.data.gov.au/dataset/asgsed3/SA2/119011658,16323.0395810564,9948604.94468492
404,119021362,Belmore - Belfield,0,No change,11902,Canterbury,119,Sydney - Inner South West,1GSYD,Greater Sydney,1,New South Wales,AUS,Australia,4.5136,http://linked.data.gov.au/dataset/asgsed3/SA2/119021362,13234.9733709757,6570209.62946265
405,119021366,Punchbowl,0,No change,11902,Canterbury,119,Sydney - Inner South West,1GSYD,Greater Sydney,1,New South Wales,AUS,Australia,5.2458,http://linked.data.gov.au/dataset/asgsed3/SA2/119021366,14751.0305621411,7637777.65452406
406,119021367,Roselands,0,No change,11902,Canterbury,119,Sydney - Inner South West,1GSYD,Greater Sydney,1,New South Wales,AUS,Australia,3.6461,http://linked.data.gov.au/dataset/asgsed3/SA2/119021367,11646.8472544357,5309363.18819178
407,119021573,Lakemba,0,No change,11902,Canterbury,119,Sydney - Inner South West,1GSYD,Greater Sydney,1,New South Wales,AUS,Australia,2.1866,http://linked.data.gov.au/dataset/asgsed3/SA2/119021573,8912.03589598219,3183973.77524602
408,119021574,Wiley Park,0,No change,11902,Canterbury,119,Sydney - Inner South West,1GSYD,Greater Sydney,1,New South Wales,AUS,Australia,1.3933,http://linked.data.gov.au/dataset/asgsed3/SA2/119021574,6826.07066733713,2028397.05636512
409,119021659,Campsie - North,1,New,11902,Canterbury,119,Sydney - Inner South West,1GSYD,Greater Sydney,1,New South Wales,AUS,Australia,1.5672,http://linked.data.gov.au/dataset/asgsed3/SA2/119021659,8083.22299003375,2281628.82050055
410,119021660,Campsie - South,1,New,11902,Canterbury,119,Sydney - Inner South West,1GSYD,Greater Sydney,1,New South Wales,AUS,Australia,1.12,http://linked.data.gov.au/dataset/asgsed3/SA2/119021660,5452.47986536113,1630084.67356636
411,119021661,Canterbury - South,1,New,11902,Canterbury,119,Sydney - Inner South West,1GSYD,Greater Sydney,1,New South Wales,AUS,Australia,2.0906,http://linked.data.gov.au/dataset/asgsed3/SA2/119021661,9981.56000276825,3043785.59602778
412,119021662,Earlwood,1,New,11902,Canterbury,119,Sydney - Inner South West,1GSYD,Greater Sydney,1,New South Wales,AUS,Australia,5.5897,http://linked.data.gov.au/dataset/asgsed3/SA2/119021662,15996.4454103352,8139587.22470885
413,119021663,Kingsgrove - North,1,New,11902,Canterbury,119,Sydney - Inner South West,1GSYD,Greater Sydney,1,New South Wales,AUS,Australia,2.6119,http://linked.data.gov.au/dataset/asgsed3/SA2/119021663,9877.19317378727,3804301.15186443
414,119031370,Narwee - Beverly Hills,0,No change,11903,Hurstville,119,Sydney - Inner South West,1GSYD,Greater Sydney,1,New South Wales,AUS,Australia,3.3909,http://linked.data.gov.au/dataset/asgsed3/SA2/119031370,9818.86038783487,4941289.6872044
415,119031371,Oatley - Hurstville Grove,0,No change,11903,Hurstville,119,Sydney - Inner South West,1GSYD,Greater Sydney,1,New South Wales,AUS,Australia,4.3549,http://linked.data.gov.au/dataset/asgsed3/SA2/119031371,14187.2479302533,6349373.6143912
416,119031372,Peakhurst - Lugarno,0,No change,11903,Hurstville,119,Sydney - Inner South West,1GSYD,Greater Sydney,1,New South Wales,AUS,Australia,7.4721,http://linked.data.gov.au/dataset/asgsed3/SA2/119031372,22105.786189908,10891110.5287199
417,119031373,Riverwood,0,No change,11903,Hurstville,119,Sydney - Inner South West,1GSYD,Greater Sydney,1,New South Wales,AUS,Australia,2.7319,http://linked.data.gov.au/dataset/asgsed3/SA2/119031373,9561.68729401862,3979264.71666659
418,119031374,South Hurstville - Blakehurst,0,No change,11903,Hurstville,119,Sydney - Inner South West,1GSYD,Greater Sydney,1,New South Wales,AUS,Australia,6.2406,http://linked.data.gov.au/dataset/asgsed3/SA2/119031374,21820.3277349379,9101094.8034684
419,119031664,Hurstville - Central,1,New,11903,Hurstville,119,Sydney - Inner South West,1GSYD,Greater Sydney,1,New South Wales,AUS,Australia,1.2264,http://linked.data.gov.au/dataset/asgsed3/SA2/119031664,7344.43438243248,1787357.19375125
420,119031665,Hurstville - North,1,New,11903,Hurstville,119,Sydney - Inner South West,1GSYD,Greater Sydney,1,New South Wales,AUS,Australia,2.4137,http://linked.data.gov.au/dataset/asgsed3/SA2/119031665,7935.34415656697,3517664.55470726
421,119031666,Mortdale - Oatley,1,New,11903,Hurstville,119,Sydney - Inner South West,1GSYD,Greater Sydney,1,New South Wales,AUS,Australia,4.4442,http://linked.data.gov.au/dataset/asgsed3/SA2/119031666,15676.5118421973,6478000.90835052
422,119031667,Penshurst,1,New,11903,Hurstville,119,Sydney - Inner South West,1GSYD,Greater Sydney,1,New South Wales,AUS,Australia,1.6722,http://linked.data.gov.au/dataset/asgsed3/SA2/119031667,7497.64296917877,2436375.1702186
423,119041377,Kingsgrove (South) - Bardwell Park,0,No change,11904,Kogarah - Rockdale,119,Sydney - Inner South West,1GSYD,Greater Sydney,1,New South Wales,AUS,Australia,3.7871,http://linked.data.gov.au/dataset/asgsed3/SA2/119041377,14359.3549658775,5516498.63290816
424,119041378,Kogarah,0,No change,11904,Kogarah - Rockdale,119,Sydney - Inner South West,1GSYD,Greater Sydney,1,New South Wales,AUS,Australia,2.2197,http://linked.data.gov.au/dataset/asgsed3/SA2/119041378,9423.64250114726,3235493.78173102
425,119041379,Kogarah Bay - Carlton - Allawah,0,No change,11904,Kogarah - Rockdale,119,Sydney - Inner South West,1GSYD,Greater Sydney,1,New South Wales,AUS,Australia,3.5033,http://linked.data.gov.au/dataset/asgsed3/SA2/119041379,11457.4500709294,5107453.55446059
426,119041380,Monterey - Brighton-le-Sands - Kyeemagh,0,No change,11904,Kogarah - Rockdale,119,Sydney - Inner South West,1GSYD,Greater Sydney,1,New South Wales,AUS,Australia,3.3799,http://linked.data.gov.au/dataset/asgsed3/SA2/119041380,12888.3911711001,4926809.89117947
427,119041381,Rockdale - Banksia,0,No change,11904,Kogarah - Rockdale,119,Sydney - Inner South West,1GSYD,Greater Sydney,1,New South Wales,AUS,Australia,3.5762,http://linked.data.gov.au/dataset/asgsed3/SA2/119041381,11723.0725869235,5210219.37639271
428,119041382,Sans Souci - Ramsgate,0,No change,11904,Kogarah - Rockdale,119,Sydney - Inner South West,1GSYD,Greater Sydney,1,New South Wales,AUS,Australia,4.6115,http://linked.data.gov.au/dataset/asgsed3/SA2/119041382,12995.6912902678,6725481.21445432
429,119041668,Arncliffe - Bardwell Valley,1,New,11904,Kogarah - Rockdale,119,Sydney - Inner South West,1GSYD,Greater Sydney,1,New South Wales,AUS,Australia,4.313,http://linked.data.gov.au/dataset/asgsed3/SA2/119041668,15386.8749042761,6283015.61094373
430,119041669,Bexley - North,1,New,11904,Kogarah - Rockdale,119,Sydney - Inner South West,1GSYD,Greater Sydney,1,New South Wales,AUS,Australia,2.6007,http://linked.data.gov.au/dataset/asgsed3/SA2/119041669,10370.4547985415,3788718.27707076
431,119041670,Bexley - South,1,New,11904,Kogarah - Rockdale,119,Sydney - Inner South West,1GSYD,Greater Sydney,1,New South Wales,AUS,Australia,2.6771,http://linked.data.gov.au/dataset/asgsed3/SA2/119041670,7925.79794443669,3901890.97131715
432,119041671,Wolli Creek,1,New,11904,Kogarah - Rockdale,119,Sydney - Inner South West,1GSYD,Greater Sydney,1,New South Wales,AUS,Australia,0.6795,http://linked.data.gov.au/dataset/asgsed3/SA2/119041671,5488.65849003703,989322.148387669
433,120011383,Concord - Mortlake - Cabarita,0,No change,12001,Canada Bay,120,Sydney - Inner West,1GSYD,Greater Sydney,1,New South Wales,AUS,Australia,6.3199,http://linked.data.gov.au/dataset/asgsed3/SA2/120011383,17889.8151315126,9187369.53806939
434,120011385,Drummoyne - Rodd Point,0,No change,12001,Canada Bay,120,Sydney - Inner West,1GSYD,Greater Sydney,1,New South Wales,AUS,Australia,3.7047,http://linked.data.gov.au/dataset/asgsed3/SA2/120011385,16242.914379048,5385840.05409145
435,120011386,Five Dock - Abbotsford,0,No change,12001,Canada Bay,120,Sydney - Inner West,1GSYD,Greater Sydney,1,New South Wales,AUS,Australia,4.6202,http://linked.data.gov.au/dataset/asgsed3/SA2/120011386,18225.021067278,6715845.93336138
436,120011672,Concord West - North Strathfield,1,New,12001,Canada Bay,120,Sydney - Inner West,1GSYD,Greater Sydney,1,New South Wales,AUS,Australia,4.0969,http://linked.data.gov.au/dataset/asgsed3/SA2/120011672,15695.1814592826,5954115.39748131
437,120011673,Rhodes,1,New,12001,Canada Bay,120,Sydney - Inner West,1GSYD,Greater Sydney,1,New South Wales,AUS,Australia,1.006,http://linked.data.gov.au/dataset/asgsed3/SA2/120011673,5513.12493087068,1461933.19457053
438,120021387,Balmain,0,No change,12002,Leichhardt,120,Sydney - Inner West,1GSYD,Greater Sydney,1,New South Wales,AUS,Australia,2.5815,http://linked.data.gov.au/dataset/asgsed3/SA2/120021387,17530.3839363332,3752132.63189636
439,120021389,Lilyfield - Rozelle,0,No change,12002,Leichhardt,120,Sydney - Inner West,1GSYD,Greater Sydney,1,New South Wales,AUS,Australia,3.6039,http://linked.data.gov.au/dataset/asgsed3/SA2/120021389,12837.3418047859,5240857.63796566
440,120021674,Annandale (NSW),1,New,12002,Leichhardt,120,Sydney - Inner West,1GSYD,Greater Sydney,1,New South Wales,AUS,Australia,1.4885,http://linked.data.gov.au/dataset/asgsed3/SA2/120021674,6990.81328699998,2165357.61000392
441,120021675,Leichhardt,1,New,12002,Leichhardt,120,Sydney - Inner West,1GSYD,Greater Sydney,1,New South Wales,AUS,Australia,2.9838,http://linked.data.gov.au/dataset/asgsed3/SA2/120021675,8926.33774035648,4340231.22441837
442,120031392,Canterbury (North) - Ashbury,0,No change,12003,Strathfield - Burwood - Ashfield,120,Sydney - Inner West,1GSYD,Greater Sydney,1,New South Wales,AUS,Australia,3.0278,http://linked.data.gov.au/dataset/asgsed3/SA2/120031392,10791.5266932954,4406237.83707532
443,120031393,Croydon Park - Enfield,0,No change,12003,Strathfield - Burwood - Ashfield,120,Sydney - Inner West,1GSYD,Greater Sydney,1,New South Wales,AUS,Australia,3.9711,http://linked.data.gov.au/dataset/asgsed3/SA2/120031393,10286.2454116685,5778162.56106668
444,120031394,Dulwich Hill - Lewisham,0,No change,12003,Strathfield - Burwood - Ashfield,120,Sydney - Inner West,1GSYD,Greater Sydney,1,New South Wales,AUS,Australia,2.7016,http://linked.data.gov.au/dataset/asgsed3/SA2/120031394,10295.3193442137,3931751.38466545
445,120031395,Haberfield - Summer Hill,0,No change,12003,Strathfield - Burwood - Ashfield,120,Sydney - Inner West,1GSYD,Greater Sydney,1,New South Wales,AUS,Australia,3.4746,http://linked.data.gov.au/dataset/asgsed3/SA2/120031395,12400.0299794188,5054151.57210316
446,120031396,Homebush,0,No change,12003,Strathfield - Burwood - Ashfield,120,Sydney - Inner West,1GSYD,Greater Sydney,1,New South Wales,AUS,Australia,3.8432,http://linked.data.gov.au/dataset/asgsed3/SA2/120031396,12463.1548628476,5588139.21574954
447,120031576,Strathfield South,0,No change,12003,Strathfield - Burwood - Ashfield,120,Sydney - Inner West,1GSYD,Greater Sydney,1,New South Wales,AUS,Australia,2.5112,http://linked.data.gov.au/dataset/asgsed3/SA2/120031576,11227.1601514432,3653673.55817614
448,120031676,Ashfield - North,1,New,12003,Strathfield - Burwood - Ashfield,120,Sydney - Inner West,1GSYD,Greater Sydney,1,New South Wales,AUS,Australia,1.5609,http://linked.data.gov.au/dataset/asgsed3/SA2/120031676,6532.56659708375,2270019.52352227
449,120031677,Ashfield - South,1,New,12003,Strathfield - Burwood - Ashfield,120,Sydney - Inner West,1GSYD,Greater Sydney,1,New South Wales,AUS,Australia,2.1091,http://linked.data.gov.au/dataset/asgsed3/SA2/120031677,9111.56457363506,3068463.21275261
450,120031678,Burwood (NSW),1,New,12003,Strathfield - Burwood - Ashfield,120,Sydney - Inner West,1GSYD,Greater Sydney,1,New South Wales,AUS,Australia,1.905,http://linked.data.gov.au/dataset/asgsed3/SA2/120031678,7172.24764014189,2770585.19468941
451,120031679,Croydon,1,New,12003,Strathfield - Burwood - Ashfield,120,Sydney - Inner West,1GSYD,Greater Sydney,1,New South Wales,AUS,Australia,2.5877,http://linked.data.gov.au/dataset/asgsed3/SA2/120031679,8320.79839074729,3764097.94301882
452,120031680,Strathfield - East,1,New,12003,Strathfield - Burwood - Ashfield,120,Sydney - Inner West,1GSYD,Greater Sydney,1,New South Wales,AUS,Australia,2.5414,http://linked.data.gov.au/dataset/asgsed3/SA2/120031680,9790.85699735603,3697035.47998024
453,120031681,Strathfield - West,1,New,12003,Strathfield - Burwood - Ashfield,120,Sydney - Inner West,1GSYD,Greater Sydney,1,New South Wales,AUS,Australia,3.9101,http://linked.data.gov.au/dataset/asgsed3/SA2/120031681,11750.7568841578,5687623.92463379
454,121011399,Chatswood (West) - Lane Cove North,0,No change,12101,Chatswood - Lane Cove,121,Sydney - North Sydney and Hornsby,1GSYD,Greater Sydney,1,New South Wales,AUS,Australia,5.5372,http://linked.data.gov.au/dataset/asgsed3/SA2/121011399,13689.7702397726,8039513.0327169
455,121011401,St Leonards - Naremburn,0,No change,12101,Chatswood - Lane Cove,121,Sydney - North Sydney and Hornsby,1GSYD,Greater Sydney,1,New South Wales,AUS,Australia,2.761,http://linked.data.gov.au/dataset/asgsed3/SA2/121011401,10680.7740624145,4010703.04774492
456,121011682,Artarmon,1,New,12101,Chatswood - Lane Cove,121,Sydney - North Sydney and Hornsby,1GSYD,Greater Sydney,1,New South Wales,AUS,Australia,1.6583,http://linked.data.gov.au/dataset/asgsed3/SA2/121011682,6512.703376668,2408939.25246648
457,121011683,Castle Cove - Northbridge,1,New,12101,Chatswood - Lane Cove,121,Sydney - North Sydney and Hornsby,1GSYD,Greater Sydney,1,New South Wales,AUS,Australia,7.6847,http://linked.data.gov.au/dataset/asgsed3/SA2/121011683,28918.9063262548,11157298.0213376
458,121011684,Chatswood - East,1,New,12101,Chatswood - Lane Cove,121,Sydney - North Sydney and Hornsby,1GSYD,Greater Sydney,1,New South Wales,AUS,Australia,3.4093,http://linked.data.gov.au/dataset/asgsed3/SA2/121011684,10116.2912238522,4949711.5845748
459,121011685,Greenwich - Riverview,1,New,12101,Chatswood - Lane Cove,121,Sydney - North Sydney and Hornsby,1GSYD,Greater Sydney,1,New South Wales,AUS,Australia,4.5871,http://linked.data.gov.au/dataset/asgsed3/SA2/121011685,22650.004871605,6663170.73451141
460,121011686,Lane Cove,1,New,12101,Chatswood - Lane Cove,121,Sydney - North Sydney and Hornsby,1GSYD,Greater Sydney,1,New South Wales,AUS,Australia,4.4686,http://linked.data.gov.au/dataset/asgsed3/SA2/121011686,16059.0583904188,6491915.43312964
461,121011687,Willoughby,1,New,12101,Chatswood - Lane Cove,121,Sydney - North Sydney and Hornsby,1GSYD,Greater Sydney,1,New South Wales,AUS,Australia,3.0671,http://linked.data.gov.au/dataset/asgsed3/SA2/121011687,9584.90327611658,4452541.28047459
462,121021403,Asquith - Mount Colah,0,No change,12102,Hornsby,121,Sydney - North Sydney and Hornsby,1GSYD,Greater Sydney,1,New South Wales,AUS,Australia,34.6889,http://linked.data.gov.au/dataset/asgsed3/SA2/121021403,42405.3157492742,50201854.9886095
463,121021404,Berowra - Brooklyn - Cowan,0,No change,12102,Hornsby,121,Sydney - North Sydney and Hornsby,1GSYD,Greater Sydney,1,New South Wales,AUS,Australia,81.7548,http://linked.data.gov.au/dataset/asgsed3/SA2/121021404,114907.328662164,118106346.434022
464,121021406,Normanhurst - Thornleigh - Westleigh,0,No change,12102,Hornsby,121,Sydney - North Sydney and Hornsby,1GSYD,Greater Sydney,1,New South Wales,AUS,Australia,9.9882,http://linked.data.gov.au/dataset/asgsed3/SA2/121021406,22636.9609769932,14475274.6470958
465,121021577,Hornsby - East,0,No change,12102,Hornsby,121,Sydney - North Sydney and Hornsby,1GSYD,Greater Sydney,1,New South Wales,AUS,Australia,2.5688,http://linked.data.gov.au/dataset/asgsed3/SA2/121021577,12105.137387436,3720601.6792053
466,121021578,Hornsby - West,0,No change,12102,Hornsby,121,Sydney - North Sydney and Hornsby,1GSYD,Greater Sydney,1,New South Wales,AUS,Australia,6.2858,http://linked.data.gov.au/dataset/asgsed3/SA2/121021578,17031.2123561031,9104643.58387127
467,121021579,Wahroonga (West) - Waitara,3,Name change,12102,Hornsby,121,Sydney - North Sydney and Hornsby,1GSYD,Greater Sydney,1,New South Wales,AUS,Australia,2.1124,http://linked.data.gov.au/dataset/asgsed3/SA2/121021579,8926.36225808106,3060595.12351418
468,121031407,Gordon - Killara,0,No change,12103,Ku-ring-gai,121,Sydney - North Sydney and Hornsby,1GSYD,Greater Sydney,1,New South Wales,AUS,Australia,11.6713,http://linked.data.gov.au/dataset/asgsed3/SA2/121031407,25361.1637268877,16929419.1607416
469,121031408,Lindfield - Roseville,0,No change,12103,Ku-ring-gai,121,Sydney - North Sydney and Hornsby,1GSYD,Greater Sydney,1,New South Wales,AUS,Australia,11.8765,http://linked.data.gov.au/dataset/asgsed3/SA2/121031408,22599.7473180776,17234607.8856128
470,121031409,Pymble,0,No change,12103,Ku-ring-gai,121,Sydney - North Sydney and Hornsby,1GSYD,Greater Sydney,1,New South Wales,AUS,Australia,10.2515,http://linked.data.gov.au/dataset/asgsed3/SA2/121031409,22338.2004959917,14867257.710076
471,121031410,St Ives,0,No change,12103,Ku-ring-gai,121,Sydney - North Sydney and Hornsby,1GSYD,Greater Sydney,1,New South Wales,AUS,Australia,17.7774,http://linked.data.gov.au/dataset/asgsed3/SA2/121031410,27611.7834025554,25762353.0499356
472,121031411,Turramurra,0,No change,12103,Ku-ring-gai,121,Sydney - North Sydney and Hornsby,1GSYD,Greater Sydney,1,New South Wales,AUS,Australia,20.6426,http://linked.data.gov.au/dataset/asgsed3/SA2/121031411,45456.3351927529,29909461.4079653
473,121031412,Wahroonga (East) - Warrawee,0,No change,12103,Ku-ring-gai,121,Sydney - North Sydney and Hornsby,1GSYD,Greater Sydney,1,New South Wales,AUS,Australia,13.327,http://linked.data.gov.au/dataset/asgsed3/SA2/121031412,27085.1025479769,19310829.6807376
474,121041413,Cremorne - Cammeray,0,No change,12104,North Sydney - Mosman,121,Sydney - North Sydney and Hornsby,1GSYD,Greater Sydney,1,New South Wales,AUS,Australia,3.238,http://linked.data.gov.au/dataset/asgsed3/SA2/121041413,16633.9145715244,4703944.69372949
475,121041414,Crows Nest - Waverton,0,No change,12104,North Sydney - Mosman,121,Sydney - North Sydney and Hornsby,1GSYD,Greater Sydney,1,New South Wales,AUS,Australia,2.9668,http://linked.data.gov.au/dataset/asgsed3/SA2/121041414,15593.8792247559,4311008.88504212
476,121041416,Neutral Bay - Kirribilli,0,No change,12104,North Sydney - Mosman,121,Sydney - North Sydney and Hornsby,1GSYD,Greater Sydney,1,New South Wales,AUS,Australia,2.2116,http://linked.data.gov.au/dataset/asgsed3/SA2/121041416,13867.0282998548,3213003.11715073
477,121041417,North Sydney - Lavender Bay,0,No change,12104,North Sydney - Mosman,121,Sydney - North Sydney and Hornsby,1GSYD,Greater Sydney,1,New South Wales,AUS,Australia,1.9142,http://linked.data.gov.au/dataset/asgsed3/SA2/121041417,11029.9225598461,2781871.5194853
478,121041688,Mosman - North,1,New,12104,North Sydney - Mosman,121,Sydney - North Sydney and Hornsby,1GSYD,Greater Sydney,1,New South Wales,AUS,Australia,3.2831,http://linked.data.gov.au/dataset/asgsed3/SA2/121041688,14732.501693188,4769388.68197813
479,121041689,Mosman - South,1,New,12104,North Sydney - Mosman,121,Sydney - North Sydney and Hornsby,1GSYD,Greater Sydney,1,New South Wales,AUS,Australia,5.3672,http://linked.data.gov.au/dataset/asgsed3/SA2/121041689,20452.7548529804,7799237.22259634
480,122011418,Balgowlah - Clontarf - Seaforth,0,No change,12201,Manly,122,Sydney - Northern Beaches,1GSYD,Greater Sydney,1,New South Wales,AUS,Australia,7.6104,http://linked.data.gov.au/dataset/asgsed3/SA2/122011418,23145.0168959621,11048457.6315611
481,122011419,Manly - Fairlight,0,No change,12201,Manly,122,Sydney - Northern Beaches,1GSYD,Greater Sydney,1,New South Wales,AUS,Australia,6.7351,http://linked.data.gov.au/dataset/asgsed3/SA2/122011419,23571.9585510113,9779729.06111775
482,122021420,Avalon - Palm Beach,0,No change,12202,Pittwater,122,Sydney - Northern Beaches,1GSYD,Greater Sydney,1,New South Wales,AUS,Australia,8.6057,http://linked.data.gov.au/dataset/asgsed3/SA2/122021420,34716.1146832929,12441339.1925319
483,122021421,Bayview - Elanora Heights,0,No change,12202,Pittwater,122,Sydney - Northern Beaches,1GSYD,Greater Sydney,1,New South Wales,AUS,Australia,64.583,http://linked.data.gov.au/dataset/asgsed3/SA2/122021421,108344.117786068,93406306.283828
484,122021422,Newport - Bilgola,0,No change,12202,Pittwater,122,Sydney - Northern Beaches,1GSYD,Greater Sydney,1,New South Wales,AUS,Australia,5.798,http://linked.data.gov.au/dataset/asgsed3/SA2/122021422,22607.0333646724,8390117.31710833
485,122021690,Mona Vale - Warriewood (North),1,New,12202,Pittwater,122,Sydney - Northern Beaches,1GSYD,Greater Sydney,1,New South Wales,AUS,Australia,6.4617,http://linked.data.gov.au/dataset/asgsed3/SA2/122021690,17197.9722261828,9355222.69541628
486,122021691,North Narrabeen - Warriewood (South),1,New,12202,Pittwater,122,Sydney - Northern Beaches,1GSYD,Greater Sydney,1,New South Wales,AUS,Australia,5.201,http://linked.data.gov.au/dataset/asgsed3/SA2/122021691,18421.7127626531,7534233.56672744
487,122031424,Beacon Hill - Narraweena,0,No change,12203,Warringah,122,Sydney - Northern Beaches,1GSYD,Greater Sydney,1,New South Wales,AUS,Australia,4.3406,http://linked.data.gov.au/dataset/asgsed3/SA2/122031424,15483.7719442526,6295053.65913913
488,122031425,Cromer,0,No change,12203,Warringah,122,Sydney - Northern Beaches,1GSYD,Greater Sydney,1,New South Wales,AUS,Australia,7.4915,http://linked.data.gov.au/dataset/asgsed3/SA2/122031425,19603.5341763129,10859800.471051
489,122031427,Forestville - Killarney Heights,0,No change,12203,Warringah,122,Sydney - Northern Beaches,1GSYD,Greater Sydney,1,New South Wales,AUS,Australia,8.9311,http://linked.data.gov.au/dataset/asgsed3/SA2/122031427,20746.4501782935,12956220.334083
490,122031429,Freshwater - Brookvale,0,No change,12203,Warringah,122,Sydney - Northern Beaches,1GSYD,Greater Sydney,1,New South Wales,AUS,Australia,7.1838,http://linked.data.gov.au/dataset/asgsed3/SA2/122031429,19981.6838735031,10422143.1444329
491,122031430,Manly Vale - Allambie Heights,0,No change,12203,Warringah,122,Sydney - Northern Beaches,1GSYD,Greater Sydney,1,New South Wales,AUS,Australia,9.3541,http://linked.data.gov.au/dataset/asgsed3/SA2/122031430,18858.0300630897,13572722.6839994
492,122031432,Terrey Hills - Duffys Forest,0,No change,12203,Warringah,122,Sydney - Northern Beaches,1GSYD,Greater Sydney,1,New South Wales,AUS,Australia,70.5438,http://linked.data.gov.au/dataset/asgsed3/SA2/122031432,59761.053815812,102113003.801834
493,122031692,Belrose,1,New,12203,Warringah,122,Sydney - Northern Beaches,1GSYD,Greater Sydney,1,New South Wales,AUS,Australia,13.4385,http://linked.data.gov.au/dataset/asgsed3/SA2/122031692,22930.2825510041,19475615.4716348
494,122031693,Collaroy - Collaroy Plateau,1,New,12203,Warringah,122,Sydney - Northern Beaches,1GSYD,Greater Sydney,1,New South Wales,AUS,Australia,4.1295,http://linked.data.gov.au/dataset/asgsed3/SA2/122031693,13011.5462806425,5986530.19827382
495,122031694,Dee Why (South) - North Curl Curl,1,New,12203,Warringah,122,Sydney - Northern Beaches,1GSYD,Greater Sydney,1,New South Wales,AUS,Australia,1.9915,http://linked.data.gov.au/dataset/asgsed3/SA2/122031694,9215.08261394321,2889172.9931937
496,122031695,Dee Why - North,1,New,12203,Warringah,122,Sydney - Northern Beaches,1GSYD,Greater Sydney,1,New South Wales,AUS,Australia,2.0816,http://linked.data.gov.au/dataset/asgsed3/SA2/122031695,10266.6203770242,3018696.61018704
497,122031696,Frenchs Forest - Oxford Falls,1,New,12203,Warringah,122,Sydney - Northern Beaches,1GSYD,Greater Sydney,1,New South Wales,AUS,Australia,16.6936,http://linked.data.gov.au/dataset/asgsed3/SA2/122031696,37648.7919175683,24203894.0009076
498,122031697,Narrabeen - Wheeler Heights,1,New,12203,Warringah,122,Sydney - Northern Beaches,1GSYD,Greater Sydney,1,New South Wales,AUS,Australia,3.0327,http://linked.data.gov.au/dataset/asgsed3/SA2/122031697,15887.0347005526,4394979.49636307
499,123011433,Camden - Ellis Lane,0,No change,12301,Camden,123,Sydney - Outer South West,1GSYD,Greater Sydney,1,New South Wales,AUS,Australia,26.1934,http://linked.data.gov.au/dataset/asgsed3/SA2/123011433,39065.1870184467,38265100.0936569
500,123011698,Currans Hill,1,New,12301,Camden,123,Sydney - Outer South West,1GSYD,Greater Sydney,1,New South Wales,AUS,Australia,7.0704,http://linked.data.gov.au/dataset/asgsed3/SA2/123011698,15802.6683581964,10322863.887865
501,123011699,Elderslie - Narellan,1,New,12301,Camden,123,Sydney - Outer South West,1GSYD,Greater Sydney,1,New South Wales,AUS,Australia,15.3086,http://linked.data.gov.au/dataset/asgsed3/SA2/123011699,22498.559001206,22351722.2639973
502,123011700,Harrington Park,1,New,12301,Camden,123,Sydney - Outer South West,1GSYD,Greater Sydney,1,New South Wales,AUS,Australia,6.2329,http://linked.data.gov.au/dataset/asgsed3/SA2/123011700,13573.5325266525,9096884.0091433
503,123011701,Mount Annan,1,New,12301,Camden,123,Sydney - Outer South West,1GSYD,Greater Sydney,1,New South Wales,AUS,Australia,13.2044,http://linked.data.gov.au/dataset/asgsed3/SA2/123011701,21829.6760664669,19288659.1109203
504,123011702,Spring Farm,1,New,12301,Camden,123,Sydney - Outer South West,1GSYD,Greater Sydney,1,New South Wales,AUS,Australia,5.8595,http://linked.data.gov.au/dataset/asgsed3/SA2/123011702,14594.2420226186,8560499.94090152
505,123021436,Bradbury - Wedderburn,0,No change,12302,Campbelltown (NSW),123,Sydney - Outer South West,1GSYD,Greater Sydney,1,New South Wales,AUS,Australia,36.6552,http://linked.data.gov.au/dataset/asgsed3/SA2/123021436,51140.2148927024,53626656.7592664
506,123021437,Campbelltown - Woodbine,0,No change,12302,Campbelltown (NSW),123,Sydney - Outer South West,1GSYD,Greater Sydney,1,New South Wales,AUS,Australia,13.7477,http://linked.data.gov.au/dataset/asgsed3/SA2/123021437,28705.6607769649,20083311.4809766
507,123021438,Claymore - Eagle Vale - Raby,0,No change,12302,Campbelltown (NSW),123,Sydney - Outer South West,1GSYD,Greater Sydney,1,New South Wales,AUS,Australia,22.9252,http://linked.data.gov.au/dataset/asgsed3/SA2/123021438,29714.5082156621,33459660.1636627
508,123021439,Holsworthy Military Area,0,No change,12302,Campbelltown (NSW),123,Sydney - Outer South West,1GSYD,Greater Sydney,1,New South Wales,AUS,Australia,129.823,http://linked.data.gov.au/dataset/asgsed3/SA2/123021439,104922.943496806,189812684.51671
509,123021441,Leumeah - Minto Heights,0,No change,12302,Campbelltown (NSW),123,Sydney - Outer South West,1GSYD,Greater Sydney,1,New South Wales,AUS,Australia,23.6461,http://linked.data.gov.au/dataset/asgsed3/SA2/123021441,34465.2017823526,34534902.7349552
510,123021443,Minto - St Andrews,0,No change,12302,Campbelltown (NSW),123,Sydney - Outer South West,1GSYD,Greater Sydney,1,New South Wales,AUS,Australia,12.4133,http://linked.data.gov.au/dataset/asgsed3/SA2/123021443,18884.9093986049,18119538.3870215
511,123021444,Rosemeadow - Glen Alpine,0,No change,12302,Campbelltown (NSW),123,Sydney - Outer South West,1GSYD,Greater Sydney,1,New South Wales,AUS,Australia,48.0827,http://linked.data.gov.au/dataset/asgsed3/SA2/123021444,46033.14150356,70332979.7655789
512,123021703,Denham Court - Bardia,1,New,12302,Campbelltown (NSW),123,Sydney - Outer South West,1GSYD,Greater Sydney,1,New South Wales,AUS,Australia,15.5853,http://linked.data.gov.au/dataset/asgsed3/SA2/123021703,28621.1580765636,22722209.311256
513,123021704,Glenfield,1,New,12302,Campbelltown (NSW),123,Sydney - Outer South West,1GSYD,Greater Sydney,1,New South Wales,AUS,Australia,6.9946,http://linked.data.gov.au/dataset/asgsed3/SA2/123021704,14617.2703077015,10195889.6812536
514,123021705,Ingleburn,1,New,12302,Campbelltown (NSW),123,Sydney - Outer South West,1GSYD,Greater Sydney,1,New South Wales,AUS,Australia,14.1156,http://linked.data.gov.au/dataset/asgsed3/SA2/123021705,27398.9850437688,20590523.7164489
515,123021706,Macquarie Fields,1,New,12302,Campbelltown (NSW),123,Sydney - Outer South West,1GSYD,Greater Sydney,1,New South Wales,AUS,Australia,9.0236,http://linked.data.gov.au/dataset/asgsed3/SA2/123021706,20421.7804693146,13160125.4794807
516,123031445,Bargo,0,No change,12303,Wollondilly,123,Sydney - Outer South West,1GSYD,Greater Sydney,1,New South Wales,AUS,Australia,67.7705,http://linked.data.gov.au/dataset/asgsed3/SA2/123031445,58894.7274512574,99486460.4913119
517,123031446,Douglas Park - Appin,0,No change,12303,Wollondilly,123,Sydney - Outer South West,1GSYD,Greater Sydney,1,New South Wales,AUS,Australia,289.946,http://linked.data.gov.au/dataset/asgsed3/SA2/123031446,147621.754808697,424728673.193824
518,123031447,Picton - Tahmoor - Buxton,0,No change,12303,Wollondilly,123,Sydney - Outer South West,1GSYD,Greater Sydney,1,New South Wales,AUS,Australia,189.9087,http://linked.data.gov.au/dataset/asgsed3/SA2/123031447,95559.9958086486,278266049.891697
519,123031448,The Oaks - Oakdale,0,No change,12303,Wollondilly,123,Sydney - Outer South West,1GSYD,Greater Sydney,1,New South Wales,AUS,Australia,322.7354,http://linked.data.gov.au/dataset/asgsed3/SA2/123031448,146006.606504592,471393677.948385
520,124011449,Blackheath - Megalong Valley,0,No change,12401,Blue Mountains,124,Sydney - Outer West and Blue Mountains,1GSYD,Greater Sydney,1,New South Wales,AUS,Australia,139.2166,http://linked.data.gov.au/dataset/asgsed3/SA2/124011449,194209.412924051,201537553.669213
521,124011450,Blaxland - Warrimoo - Lapstone,0,No change,12401,Blue Mountains,124,Sydney - Outer West and Blue Mountains,1GSYD,Greater Sydney,1,New South Wales,AUS,Australia,29.6935,http://linked.data.gov.au/dataset/asgsed3/SA2/124011450,37589.1766130906,43054653.3729265
522,124011451,Blue Mountains - North,0,No change,12401,Blue Mountains,124,Sydney - Outer West and Blue Mountains,1GSYD,Greater Sydney,1,New South Wales,AUS,Australia,595.0366,http://linked.data.gov.au/dataset/asgsed3/SA2/124011451,293061.544221899,859995233.663692
523,124011452,Katoomba - Leura,0,No change,12401,Blue Mountains,124,Sydney - Outer West and Blue Mountains,1GSYD,Greater Sydney,1,New South Wales,AUS,Australia,40.8734,http://linked.data.gov.au/dataset/asgsed3/SA2/124011452,63433.5173930963,59208728.4826686
524,124011453,Lawson - Hazelbrook - Linden,0,No change,12401,Blue Mountains,124,Sydney - Outer West and Blue Mountains,1GSYD,Greater Sydney,1,New South Wales,AUS,Australia,46.8873,http://linked.data.gov.au/dataset/asgsed3/SA2/124011453,58241.7324379139,67955081.6499965
525,124011454,Springwood - Winmalee,0,No change,12401,Blue Mountains,124,Sydney - Outer West and Blue Mountains,1GSYD,Greater Sydney,1,New South Wales,AUS,Australia,69.6647,http://linked.data.gov.au/dataset/asgsed3/SA2/124011454,66166.430673861,100888057.748488
526,124011455,Wentworth Falls,0,No change,12401,Blue Mountains,124,Sydney - Outer West and Blue Mountains,1GSYD,Greater Sydney,1,New South Wales,AUS,Australia,21.0358,http://linked.data.gov.au/dataset/asgsed3/SA2/124011455,54926.6633633793,30485543.2719047
527,124021456,Blue Mountains - South,0,No change,12402,Blue Mountains - South,124,Sydney - Outer West and Blue Mountains,1GSYD,Greater Sydney,1,New South Wales,AUS,Australia,2456.9093,http://linked.data.gov.au/dataset/asgsed3/SA2/124021456,454471.091349463,3583228821.30623
528,124031457,Cambridge Park,0,No change,12403,Penrith,124,Sydney - Outer West and Blue Mountains,1GSYD,Greater Sydney,1,New South Wales,AUS,Australia,6.5871,http://linked.data.gov.au/dataset/asgsed3/SA2/124031457,15786.1601576339,9551290.91194027
529,124031459,Emu Plains - Leonay,0,No change,12403,Penrith,124,Sydney - Outer West and Blue Mountains,1GSYD,Greater Sydney,1,New South Wales,AUS,Australia,13.794,http://linked.data.gov.au/dataset/asgsed3/SA2/124031459,25094.2394126724,20002297.1302806
530,124031460,Glenmore Park - Regentville,0,No change,12403,Penrith,124,Sydney - Outer West and Blue Mountains,1GSYD,Greater Sydney,1,New South Wales,AUS,Australia,9.233,http://linked.data.gov.au/dataset/asgsed3/SA2/124031460,20256.1017913493,13401372.5344195
531,124031461,Jamisontown - South Penrith,0,No change,12403,Penrith,124,Sydney - Outer West and Blue Mountains,1GSYD,Greater Sydney,1,New South Wales,AUS,Australia,9.0181,http://linked.data.gov.au/dataset/asgsed3/SA2/124031461,14958.8719167557,13084333.6122074
532,124031462,Kingswood - Werrington,0,No change,12403,Penrith,124,Sydney - Outer West and Blue Mountains,1GSYD,Greater Sydney,1,New South Wales,AUS,Australia,14.023,http://linked.data.gov.au/dataset/asgsed3/SA2/124031462,25627.5944215469,20343507.8225405
533,124031463,Mulgoa - Luddenham - Orchard Hills,0,No change,12403,Penrith,124,Sydney - Outer West and Blue Mountains,1GSYD,Greater Sydney,1,New South Wales,AUS,Australia,158.6777,http://linked.data.gov.au/dataset/asgsed3/SA2/124031463,92453.4932000197,230568858.504059
534,124031464,Penrith,0,No change,12403,Penrith,124,Sydney - Outer West and Blue Mountains,1GSYD,Greater Sydney,1,New South Wales,AUS,Australia,10.3945,http://linked.data.gov.au/dataset/asgsed3/SA2/124031464,17106.9772632831,15072512.2214299
535,124031465,Warragamba - Silverdale,0,No change,12403,Penrith,124,Sydney - Outer West and Blue Mountains,1GSYD,Greater Sydney,1,New South Wales,AUS,Australia,63.6142,http://linked.data.gov.au/dataset/asgsed3/SA2/124031465,51906.9467479649,92613933.3152962
536,124031707,Cranebrook - Castlereagh,1,New,12403,Penrith,124,Sydney - Outer West and Blue Mountains,1GSYD,Greater Sydney,1,New South Wales,AUS,Australia,48.9014,http://linked.data.gov.au/dataset/asgsed3/SA2/124031707,41730.848746044,70826885.8262749
537,124031708,Jordan Springs - Llandilo,1,New,12403,Penrith,124,Sydney - Outer West and Blue Mountains,1GSYD,Greater Sydney,1,New South Wales,AUS,Australia,22.616,http://linked.data.gov.au/dataset/asgsed3/SA2/124031708,31574.2532312725,32769720.8268729
538,124041466,Richmond - Clarendon,0,No change,12404,Richmond - Windsor,124,Sydney - Outer West and Blue Mountains,1GSYD,Greater Sydney,1,New South Wales,AUS,Australia,74.6728,http://linked.data.gov.au/dataset/asgsed3/SA2/124041466,64981.133590267,107891869.199278
539,124041467,Windsor - Bligh Park,0,No change,12404,Richmond - Windsor,124,Sydney - Outer West and Blue Mountains,1GSYD,Greater Sydney,1,New South Wales,AUS,Australia,22.73,http://linked.data.gov.au/dataset/asgsed3/SA2/124041467,39807.0345515875,32875461.0798516
540,124041468,Yarramundi - Londonderry,0,No change,12404,Richmond - Windsor,124,Sydney - Outer West and Blue Mountains,1GSYD,Greater Sydney,1,New South Wales,AUS,Australia,81.4358,http://linked.data.gov.au/dataset/asgsed3/SA2/124041468,72943.544000659,117831539.420088
541,124051469,Erskine Park,0,No change,12405,St Marys,124,Sydney - Outer West and Blue Mountains,1GSYD,Greater Sydney,1,New South Wales,AUS,Australia,8.3944,http://linked.data.gov.au/dataset/asgsed3/SA2/124051469,17252.6839513409,12191280.1358578
542,124051470,St Clair,0,No change,12405,St Marys,124,Sydney - Outer West and Blue Mountains,1GSYD,Greater Sydney,1,New South Wales,AUS,Australia,7.2035,http://linked.data.gov.au/dataset/asgsed3/SA2/124051470,13149.8855695868,10457932.2180483
543,124051580,Colyton - Oxley Park,0,No change,12405,St Marys,124,Sydney - Outer West and Blue Mountains,1GSYD,Greater Sydney,1,New South Wales,AUS,Australia,4.6521,http://linked.data.gov.au/dataset/asgsed3/SA2/124051580,13337.0411674202,6751063.04616174
544,124051581,St Marys - North St Marys,0,No change,12405,St Marys,124,Sydney - Outer West and Blue Mountains,1GSYD,Greater Sydney,1,New South Wales,AUS,Australia,12.8646,http://linked.data.gov.au/dataset/asgsed3/SA2/124051581,26470.7795514506,18660119.7445196
545,125011475,Rookwood Cemetery,0,No change,12501,Auburn,125,Sydney - Parramatta,1GSYD,Greater Sydney,1,New South Wales,AUS,Australia,3.015,http://linked.data.gov.au/dataset/asgsed3/SA2/125011475,8422.05688192318,4385016.35446591
546,125011582,Auburn - Central,0,No change,12501,Auburn,125,Sydney - Parramatta,1GSYD,Greater Sydney,1,New South Wales,AUS,Australia,3.7326,http://linked.data.gov.au/dataset/asgsed3/SA2/125011582,11461.0601094416,5425954.63187015
547,125011583,Auburn - North,0,No change,12501,Auburn,125,Sydney - Parramatta,1GSYD,Greater Sydney,1,New South Wales,AUS,Australia,2.0966,http://linked.data.gov.au/dataset/asgsed3/SA2/125011583,8926.52116259423,3047068.2740268
548,125011584,Auburn - South,0,No change,12501,Auburn,125,Sydney - Parramatta,1GSYD,Greater Sydney,1,New South Wales,AUS,Australia,2.4313,http://linked.data.gov.au/dataset/asgsed3/SA2/125011584,9454.50222443651,3535392.11854632
549,125011585,Berala,0,No change,12501,Auburn,125,Sydney - Parramatta,1GSYD,Greater Sydney,1,New South Wales,AUS,Australia,2.0865,http://linked.data.gov.au/dataset/asgsed3/SA2/125011585,9677.05413697169,3034521.94433498
550,125011586,Lidcombe,0,No change,12501,Auburn,125,Sydney - Parramatta,1GSYD,Greater Sydney,1,New South Wales,AUS,Australia,6.4036,http://linked.data.gov.au/dataset/asgsed3/SA2/125011586,19622.0828431879,9311402.13105275
551,125011587,Regents Park,0,No change,12501,Auburn,125,Sydney - Parramatta,1GSYD,Greater Sydney,1,New South Wales,AUS,Australia,2.0325,http://linked.data.gov.au/dataset/asgsed3/SA2/125011587,9326.03066297509,2956561.72422258
552,125011709,Silverwater - Newington,1,New,12501,Auburn,125,Sydney - Parramatta,1GSYD,Greater Sydney,1,New South Wales,AUS,Australia,3.934,http://linked.data.gov.au/dataset/asgsed3/SA2/125011709,11330.5078265305,5716514.16972147
553,125011710,Wentworth Point - Sydney Olympic Park,1,New,12501,Auburn,125,Sydney - Parramatta,1GSYD,Greater Sydney,1,New South Wales,AUS,Australia,7.3279,http://linked.data.gov.au/dataset/asgsed3/SA2/125011710,16707.0435703889,10648699.1991331
554,125021477,Ermington - Rydalmere,0,No change,12502,Carlingford,125,Sydney - Parramatta,1GSYD,Greater Sydney,1,New South Wales,AUS,Australia,9.8655,http://linked.data.gov.au/dataset/asgsed3/SA2/125021477,16246.8031618918,14327977.2660822
555,125021478,Oatlands - Dundas Valley,0,No change,12502,Carlingford,125,Sydney - Parramatta,1GSYD,Greater Sydney,1,New South Wales,AUS,Australia,6.0763,http://linked.data.gov.au/dataset/asgsed3/SA2/125021478,16131.3485927014,8820733.67319736
556,125021711,Carlingford - East,1,New,12502,Carlingford,125,Sydney - Parramatta,1GSYD,Greater Sydney,1,New South Wales,AUS,Australia,3.7288,http://linked.data.gov.au/dataset/asgsed3/SA2/125021711,14991.5349122175,5410000.56161988
557,125021712,Carlingford - West,1,New,12502,Carlingford,125,Sydney - Parramatta,1GSYD,Greater Sydney,1,New South Wales,AUS,Australia,6.0167,http://linked.data.gov.au/dataset/asgsed3/SA2/125021712,16309.479221233,8730854.84494788
558,125031479,Chester Hill - Sefton,0,No change,12503,Merrylands - Guildford,125,Sydney - Parramatta,1GSYD,Greater Sydney,1,New South Wales,AUS,Australia,7.2676,http://linked.data.gov.au/dataset/asgsed3/SA2/125031479,15377.5295857332,10570638.8827977
559,125031480,Fairfield - East,0,No change,12503,Merrylands - Guildford,125,Sydney - Parramatta,1GSYD,Greater Sydney,1,New South Wales,AUS,Australia,5.7115,http://linked.data.gov.au/dataset/asgsed3/SA2/125031480,15932.2924032306,8306727.69566683
560,125031481,Granville - Clyde,0,No change,12503,Merrylands - Guildford,125,Sydney - Parramatta,1GSYD,Greater Sydney,1,New South Wales,AUS,Australia,5.6086,http://linked.data.gov.au/dataset/asgsed3/SA2/125031481,15730.9463106131,8149925.80663694
561,125031483,Guildford - South Granville,0,No change,12503,Merrylands - Guildford,125,Sydney - Parramatta,1GSYD,Greater Sydney,1,New South Wales,AUS,Australia,6.7962,http://linked.data.gov.au/dataset/asgsed3/SA2/125031483,16266.8351088334,9881346.85636051
562,125031484,Guildford West - Merrylands West,0,No change,12503,Merrylands - Guildford,125,Sydney - Parramatta,1GSYD,Greater Sydney,1,New South Wales,AUS,Australia,5.4654,http://linked.data.gov.au/dataset/asgsed3/SA2/125031484,14298.486539904,7943888.69295749
563,125031486,Smithfield Industrial,0,No change,12503,Merrylands - Guildford,125,Sydney - Parramatta,1GSYD,Greater Sydney,1,New South Wales,AUS,Australia,4.3017,http://linked.data.gov.au/dataset/asgsed3/SA2/125031486,14225.6832106563,6251763.98967773
564,125031487,Yennora Industrial,0,No change,12503,Merrylands - Guildford,125,Sydney - Parramatta,1GSYD,Greater Sydney,1,New South Wales,AUS,Australia,2.0787,http://linked.data.gov.au/dataset/asgsed3/SA2/125031487,9323.86658057086,3022465.17431791
565,125031713,Greystanes - South,1,New,12503,Merrylands - Guildford,125,Sydney - Parramatta,1GSYD,Greater Sydney,1,New South Wales,AUS,Australia,5.6504,http://linked.data.gov.au/dataset/asgsed3/SA2/125031713,13567.7154461631,8209245.12207792
566,125031714,Merrylands - Holroyd,1,New,12503,Merrylands - Guildford,125,Sydney - Parramatta,1GSYD,Greater Sydney,1,New South Wales,AUS,Australia,4.9525,http://linked.data.gov.au/dataset/asgsed3/SA2/125031714,13793.1244684101,7196355.30543313
567,125031715,Pemulwuy - Greystanes (North),1,New,12503,Merrylands - Guildford,125,Sydney - Parramatta,1GSYD,Greater Sydney,1,New South Wales,AUS,Australia,7.3982,http://linked.data.gov.au/dataset/asgsed3/SA2/125031715,20326.4322739274,10746298.4322909
568,125031716,South Wentworthville,1,New,12503,Merrylands - Guildford,125,Sydney - Parramatta,1GSYD,Greater Sydney,1,New South Wales,AUS,Australia,1.7661,http://linked.data.gov.au/dataset/asgsed3/SA2/125031716,8266.53829145044,2565969.68905804
569,125041489,North Parramatta,0,No change,12504,Parramatta,125,Sydney - Parramatta,1GSYD,Greater Sydney,1,New South Wales,AUS,Australia,7.0608,http://linked.data.gov.au/dataset/asgsed3/SA2/125041489,17480.8711535968,10250567.150315
570,125041490,North Rocks,0,No change,12504,Parramatta,125,Sydney - Parramatta,1GSYD,Greater Sydney,1,New South Wales,AUS,Australia,5.3762,http://linked.data.gov.au/dataset/asgsed3/SA2/125041490,17906.7464899448,7801104.74079606
571,125041491,Northmead,0,No change,12504,Parramatta,125,Sydney - Parramatta,1GSYD,Greater Sydney,1,New South Wales,AUS,Australia,5.9331,http://linked.data.gov.au/dataset/asgsed3/SA2/125041491,20100.4080061171,8612242.87199552
572,125041493,Toongabbie - Constitution Hill,0,No change,12504,Parramatta,125,Sydney - Parramatta,1GSYD,Greater Sydney,1,New South Wales,AUS,Australia,7.4795,http://linked.data.gov.au/dataset/asgsed3/SA2/125041493,16289.0999723725,10857025.1505041
573,125041494,Winston Hills,0,No change,12504,Parramatta,125,Sydney - Parramatta,1GSYD,Greater Sydney,1,New South Wales,AUS,Australia,4.3479,http://linked.data.gov.au/dataset/asgsed3/SA2/125041494,13942.1312620914,6309958.37370015
574,125041588,Pendle Hill - Girraween,0,No change,12504,Parramatta,125,Sydney - Parramatta,1GSYD,Greater Sydney,1,New South Wales,AUS,Australia,4.4615,http://linked.data.gov.au/dataset/asgsed3/SA2/125041588,13132.9062525561,6478342.03706914
575,125041589,Wentworthville - Westmead,0,No change,12504,Parramatta,125,Sydney - Parramatta,1GSYD,Greater Sydney,1,New South Wales,AUS,Australia,3.9355,http://linked.data.gov.au/dataset/asgsed3/SA2/125041589,11974.4457068139,5716221.99906864
576,125041717,Parramatta - North,1,New,12504,Parramatta,125,Sydney - Parramatta,1GSYD,Greater Sydney,1,New South Wales,AUS,Australia,2.2343,http://linked.data.gov.au/dataset/asgsed3/SA2/125041717,11073.7627623497,3244990.80924103
577,125041718,Parramatta - South,1,New,12504,Parramatta,125,Sydney - Parramatta,1GSYD,Greater Sydney,1,New South Wales,AUS,Australia,1.3881,http://linked.data.gov.au/dataset/asgsed3/SA2/125041718,6311.5569278981,2017505.5748829
578,125041719,Rosehill - Harris Park,1,New,12504,Parramatta,125,Sydney - Parramatta,1GSYD,Greater Sydney,1,New South Wales,AUS,Australia,4.8739,http://linked.data.gov.au/dataset/asgsed3/SA2/125041719,13514.5072661643,7080790.07404965
579,126011496,Pennant Hills - Cheltenham,0,No change,12601,Pennant Hills - Epping,126,Sydney - Ryde,1GSYD,Greater Sydney,1,New South Wales,AUS,Australia,13.2936,http://linked.data.gov.au/dataset/asgsed3/SA2/126011496,25248.2958745907,19276097.958167
580,126011720,Epping (East) - North Epping,1,New,12601,Pennant Hills - Epping,126,Sydney - Ryde,1GSYD,Greater Sydney,1,New South Wales,AUS,Australia,4.3922,http://linked.data.gov.au/dataset/asgsed3/SA2/126011720,12645.0157071938,6371562.15821334
581,126011721,Epping (NSW) - West,1,New,12601,Pennant Hills - Epping,126,Sydney - Ryde,1GSYD,Greater Sydney,1,New South Wales,AUS,Australia,4.4886,http://linked.data.gov.au/dataset/asgsed3/SA2/126011721,11633.7391558431,6511923.9725206
582,126021498,Gladesville - Huntleys Point,0,No change,12602,Ryde - Hunters Hill,126,Sydney - Ryde,1GSYD,Greater Sydney,1,New South Wales,AUS,Australia,4.7162,http://linked.data.gov.au/dataset/asgsed3/SA2/126021498,19248.5120407946,6851332.88858839
583,126021499,Hunters Hill - Woolwich,0,No change,12602,Ryde - Hunters Hill,126,Sydney - Ryde,1GSYD,Greater Sydney,1,New South Wales,AUS,Australia,4.1512,http://linked.data.gov.au/dataset/asgsed3/SA2/126021499,20167.7167985454,6031785.22051194
584,126021500,Macquarie Park - Marsfield,0,No change,12602,Ryde - Hunters Hill,126,Sydney - Ryde,1GSYD,Greater Sydney,1,New South Wales,AUS,Australia,10.6718,http://linked.data.gov.au/dataset/asgsed3/SA2/126021500,22280.1952589467,15487258.251555
585,126021501,North Ryde - East Ryde,0,No change,12602,Ryde - Hunters Hill,126,Sydney - Ryde,1GSYD,Greater Sydney,1,New South Wales,AUS,Australia,6.2231,http://linked.data.gov.au/dataset/asgsed3/SA2/126021501,19444.3609127182,9034376.72733051
586,126021503,West Ryde - Meadowbank,0,No change,12602,Ryde - Hunters Hill,126,Sydney - Ryde,1GSYD,Greater Sydney,1,New South Wales,AUS,Australia,4.7923,http://linked.data.gov.au/dataset/asgsed3/SA2/126021503,15306.7171725676,6958688.45699395
587,126021590,Putney,0,No change,12602,Ryde - Hunters Hill,126,Sydney - Ryde,1GSYD,Greater Sydney,1,New South Wales,AUS,Australia,1.5194,http://linked.data.gov.au/dataset/asgsed3/SA2/126021590,8379.38107434167,2207388.31846642
588,126021722,Denistone,1,New,12602,Ryde - Hunters Hill,126,Sydney - Ryde,1GSYD,Greater Sydney,1,New South Wales,AUS,Australia,2.5272,http://linked.data.gov.au/dataset/asgsed3/SA2/126021722,10510.2366189686,3669570.30772581
589,126021723,Eastwood,1,New,12602,Ryde - Hunters Hill,126,Sydney - Ryde,1GSYD,Greater Sydney,1,New South Wales,AUS,Australia,5.293,http://linked.data.gov.au/dataset/asgsed3/SA2/126021723,15486.753317974,7681610.32810304
590,126021724,Ryde - North,1,New,12602,Ryde - Hunters Hill,126,Sydney - Ryde,1GSYD,Greater Sydney,1,New South Wales,AUS,Australia,5.7098,http://linked.data.gov.au/dataset/asgsed3/SA2/126021724,14605.2108776798,8291052.21346875
591,126021725,Ryde - South,1,New,12602,Ryde - Hunters Hill,126,Sydney - Ryde,1GSYD,Greater Sydney,1,New South Wales,AUS,Australia,1.5584,http://linked.data.gov.au/dataset/asgsed3/SA2/126021725,9446.72958691923,2263390.4689785
592,127011504,Ashcroft - Busby - Miller,0,No change,12701,Bringelly - Green Valley,127,Sydney - South West,1GSYD,Greater Sydney,1,New South Wales,AUS,Australia,5.463,http://linked.data.gov.au/dataset/asgsed3/SA2/127011504,16013.9813987103,7951955.9747045
593,127011505,Austral - Greendale,0,No change,12701,Bringelly - Green Valley,127,Sydney - South West,1GSYD,Greater Sydney,1,New South Wales,AUS,Australia,110.715,http://linked.data.gov.au/dataset/asgsed3/SA2/127011505,86411.319756291,161185505.120571
594,127011592,Badgerys Creek,0,No change,12701,Bringelly - Green Valley,127,Sydney - South West,1GSYD,Greater Sydney,1,New South Wales,AUS,Australia,17.5774,http://linked.data.gov.au/dataset/asgsed3/SA2/127011592,28750.9577111303,25573561.1717643
595,127011593,Cecil Hills,0,No change,12701,Bringelly - Green Valley,127,Sydney - South West,1GSYD,Greater Sydney,1,New South Wales,AUS,Australia,3.7478,http://linked.data.gov.au/dataset/asgsed3/SA2/127011593,10951.6855771646,5452773.15647213
596,127011594,Green Valley,0,No change,12701,Bringelly - Green Valley,127,Sydney - South West,1GSYD,Greater Sydney,1,New South Wales,AUS,Australia,3.2145,http://linked.data.gov.au/dataset/asgsed3/SA2/127011594,10271.28722225,4678213.71720764
597,127011595,Hinchinbrook,0,No change,12701,Bringelly - Green Valley,127,Sydney - South West,1GSYD,Greater Sydney,1,New South Wales,AUS,Australia,5.225,http://linked.data.gov.au/dataset/asgsed3/SA2/127011595,15655.9036973571,7606073.65334391
598,127011596,Hoxton Park - Carnes Hill - Horningsea Park,0,No change,12701,Bringelly - Green Valley,127,Sydney - South West,1GSYD,Greater Sydney,1,New South Wales,AUS,Australia,4.1265,http://linked.data.gov.au/dataset/asgsed3/SA2/127011596,13377.6836892327,6010323.19540384
599,127011597,West Hoxton - Middleton Grange,0,No change,12701,Bringelly - Green Valley,127,Sydney - South West,1GSYD,Greater Sydney,1,New South Wales,AUS,Australia,9.2627,http://linked.data.gov.au/dataset/asgsed3/SA2/127011597,18580.2747529496,13488375.2394084
600,127011726,Cobbitty - Bringelly,1,New,12701,Bringelly - Green Valley,127,Sydney - South West,1GSYD,Greater Sydney,1,New South Wales,AUS,Australia,73.8658,http://linked.data.gov.au/dataset/asgsed3/SA2/127011726,62063.4164844318,107698878.603921
601,127011727,Gledswood Hills - Gregory Hills,1,New,12701,Bringelly - Green Valley,127,Sydney - South West,1GSYD,Greater Sydney,1,New South Wales,AUS,Australia,8.7234,http://linked.data.gov.au/dataset/asgsed3/SA2/127011727,17543.4956494903,12729843.5564399
602,127011728,Leppington - Catherine Field,1,New,12701,Bringelly - Green Valley,127,Sydney - South West,1GSYD,Greater Sydney,1,New South Wales,AUS,Australia,36.3552,http://linked.data.gov.au/dataset/asgsed3/SA2/127011728,42392.2835132715,52996945.7397051
603,127011729,Oran Park,1,New,12701,Bringelly - Green Valley,127,Sydney - South West,1GSYD,Greater Sydney,1,New South Wales,AUS,Australia,13.2477,http://linked.data.gov.au/dataset/asgsed3/SA2/127011729,23458.9078693863,19320382.8938164
604,127021509,Bonnyrigg Heights - Bonnyrigg,0,No change,12702,Fairfield,127,Sydney - South West,1GSYD,Greater Sydney,1,New South Wales,AUS,Australia,5.1887,http://linked.data.gov.au/dataset/asgsed3/SA2/127021509,13251.6260439854,7548885.62592933
605,127021510,Bossley Park - Abbotsbury,0,No change,12702,Fairfield,127,Sydney - South West,1GSYD,Greater Sydney,1,New South Wales,AUS,Australia,9.5147,http://linked.data.gov.au/dataset/asgsed3/SA2/127021510,20895.3136779652,13834566.1484392
606,127021511,Cabramatta - Lansvale,0,No change,12702,Fairfield,127,Sydney - South West,1GSYD,Greater Sydney,1,New South Wales,AUS,Australia,7.5964,http://linked.data.gov.au/dataset/asgsed3/SA2/127021511,24231.3160081638,11055148.8972402
607,127021512,Cabramatta West - Mount Pritchard,0,No change,12702,Fairfield,127,Sydney - South West,1GSYD,Greater Sydney,1,New South Wales,AUS,Australia,5.3429,http://linked.data.gov.au/dataset/asgsed3/SA2/127021512,12543.9669345169,7775674.10532517
608,127021513,Canley Vale - Canley Heights,0,No change,12702,Fairfield,127,Sydney - South West,1GSYD,Greater Sydney,1,New South Wales,AUS,Australia,5.4161,http://linked.data.gov.au/dataset/asgsed3/SA2/127021513,19473.5310662806,7878295.01953122
609,127021514,Edensor Park,0,No change,12702,Fairfield,127,Sydney - South West,1GSYD,Greater Sydney,1,New South Wales,AUS,Australia,3.0955,http://linked.data.gov.au/dataset/asgsed3/SA2/127021514,9468.65357388597,4502196.9853641
610,127021515,Fairfield,0,No change,12702,Fairfield,127,Sydney - South West,1GSYD,Greater Sydney,1,New South Wales,AUS,Australia,4.2304,http://linked.data.gov.au/dataset/asgsed3/SA2/127021515,16601.7771849265,6152657.14644207
611,127021516,Fairfield - West,0,No change,12702,Fairfield,127,Sydney - South West,1GSYD,Greater Sydney,1,New South Wales,AUS,Australia,4.6915,http://linked.data.gov.au/dataset/asgsed3/SA2/127021516,14012.5611628692,6821822.86960159
612,127021517,Greenfield Park - Prairiewood,0,No change,12702,Fairfield,127,Sydney - South West,1GSYD,Greater Sydney,1,New South Wales,AUS,Australia,3.6367,http://linked.data.gov.au/dataset/asgsed3/SA2/127021517,12654.6699563713,5288364.34328989
613,127021518,Horsley Park - Kemps Creek,0,No change,12702,Fairfield,127,Sydney - South West,1GSYD,Greater Sydney,1,New South Wales,AUS,Australia,56.2773,http://linked.data.gov.au/dataset/asgsed3/SA2/127021518,43614.74551551,81799685.3715841
614,127021519,Smithfield - Wetherill Park,0,No change,12702,Fairfield,127,Sydney - South West,1GSYD,Greater Sydney,1,New South Wales,AUS,Australia,6.6123,http://linked.data.gov.au/dataset/asgsed3/SA2/127021519,17534.2617720493,9612414.88275233
615,127021520,St Johns Park - Wakeley,0,No change,12702,Fairfield,127,Sydney - South West,1GSYD,Greater Sydney,1,New South Wales,AUS,Australia,3.6111,http://linked.data.gov.au/dataset/asgsed3/SA2/127021520,9724.48470282172,5251891.99389497
616,127021521,Wetherill Park Industrial,0,No change,12702,Fairfield,127,Sydney - South West,1GSYD,Greater Sydney,1,New South Wales,AUS,Australia,8.5567,http://linked.data.gov.au/dataset/asgsed3/SA2/127021521,18228.5631437751,12434922.9181733
617,127031522,Casula,0,No change,12703,Liverpool,127,Sydney - South West,1GSYD,Greater Sydney,1,New South Wales,AUS,Australia,7.072,http://linked.data.gov.au/dataset/asgsed3/SA2/127031522,16666.7835930835,10304005.8302784
618,127031523,Chipping Norton - Moorebank,0,No change,12703,Liverpool,127,Sydney - South West,1GSYD,Greater Sydney,1,New South Wales,AUS,Australia,14.4902,http://linked.data.gov.au/dataset/asgsed3/SA2/127031523,25364.2229032796,21100289.1997355
619,127031524,Holsworthy - Wattle Grove,0,No change,12703,Liverpool,127,Sydney - South West,1GSYD,Greater Sydney,1,New South Wales,AUS,Australia,73.7001,http://linked.data.gov.au/dataset/asgsed3/SA2/127031524,52285.663888914,107480316.089361
620,127031599,Lurnea - Cartwright,0,No change,12703,Liverpool,127,Sydney - South West,1GSYD,Greater Sydney,1,New South Wales,AUS,Australia,3.4665,http://linked.data.gov.au/dataset/asgsed3/SA2/127031599,16049.5212190964,5047963.98682887
621,127031601,Warwick Farm,0,No change,12703,Liverpool,127,Sydney - South West,1GSYD,Greater Sydney,1,New South Wales,AUS,Australia,4.6501,http://linked.data.gov.au/dataset/asgsed3/SA2/127031601,17577.4083869098,6769447.49980392
622,127031730,Edmondson Park,1,New,12703,Liverpool,127,Sydney - South West,1GSYD,Greater Sydney,1,New South Wales,AUS,Australia,6.0563,http://linked.data.gov.au/dataset/asgsed3/SA2/127031730,12402.956941693,8826285.56832629
623,127031731,Liverpool - East,1,New,12703,Liverpool,127,Sydney - South West,1GSYD,Greater Sydney,1,New South Wales,AUS,Australia,2.2601,http://linked.data.gov.au/dataset/asgsed3/SA2/127031731,9394.16517064884,3290932.15969879
624,127031732,Liverpool - West,1,New,12703,Liverpool,127,Sydney - South West,1GSYD,Greater Sydney,1,New South Wales,AUS,Australia,4.0583,http://linked.data.gov.au/dataset/asgsed3/SA2/127031732,14078.9782143143,5908107.83625011
625,127031733,Prestons,1,New,12703,Liverpool,127,Sydney - South West,1GSYD,Greater Sydney,1,New South Wales,AUS,Australia,9.2311,http://linked.data.gov.au/dataset/asgsed3/SA2/127031733,18730.7817432238,13447358.1346463
626,128011529,Gymea - Grays Point,0,No change,12801,Cronulla - Miranda - Caringbah,128,Sydney - Sutherland,1GSYD,Greater Sydney,1,New South Wales,AUS,Australia,5.7978,http://linked.data.gov.au/dataset/asgsed3/SA2/128011529,23718.757615674,8465485.98081238
627,128011530,Miranda - Yowie Bay,0,No change,12801,Cronulla - Miranda - Caringbah,128,Sydney - Sutherland,1GSYD,Greater Sydney,1,New South Wales,AUS,Australia,5.9968,http://linked.data.gov.au/dataset/asgsed3/SA2/128011530,17110.4271696692,8753902.2918082
628,128011531,Sylvania - Taren Point,0,No change,12801,Cronulla - Miranda - Caringbah,128,Sydney - Sutherland,1GSYD,Greater Sydney,1,New South Wales,AUS,Australia,6.0595,http://linked.data.gov.au/dataset/asgsed3/SA2/128011531,30886.0386376392,8841742.14912158
629,128011602,Caringbah,0,No change,12801,Cronulla - Miranda - Caringbah,128,Sydney - Sutherland,1GSYD,Greater Sydney,1,New South Wales,AUS,Australia,3.9959,http://linked.data.gov.au/dataset/asgsed3/SA2/128011602,10741.9165441961,5832384.92563877
630,128011603,Caringbah South,0,No change,12801,Cronulla - Miranda - Caringbah,128,Sydney - Sutherland,1GSYD,Greater Sydney,1,New South Wales,AUS,Australia,4.0699,http://linked.data.gov.au/dataset/asgsed3/SA2/128011603,15237.8788903599,5943234.29947914
631,128011604,Cronulla - Kurnell - Bundeena,0,No change,12801,Cronulla - Miranda - Caringbah,128,Sydney - Sutherland,1GSYD,Greater Sydney,1,New South Wales,AUS,Australia,25.0865,http://linked.data.gov.au/dataset/asgsed3/SA2/128011604,82148.1656772211,36617619.9476345
632,128011605,Lilli Pilli - Port Hacking - Dolans Bay,0,No change,12801,Cronulla - Miranda - Caringbah,128,Sydney - Sutherland,1GSYD,Greater Sydney,1,New South Wales,AUS,Australia,1.2706,http://linked.data.gov.au/dataset/asgsed3/SA2/128011605,9238.39529214047,1856056.74905417
633,128011606,Woolooware - Burraneer,3,Name change,12801,Cronulla - Miranda - Caringbah,128,Sydney - Sutherland,1GSYD,Greater Sydney,1,New South Wales,AUS,Australia,3.3282,http://linked.data.gov.au/dataset/asgsed3/SA2/128011606,14920.5214708933,4860975.0344854
634,128021533,Heathcote - Waterfall,0,No change,12802,Sutherland - Menai - Heathcote,128,Sydney - Sutherland,1GSYD,Greater Sydney,1,New South Wales,AUS,Australia,27.6162,http://linked.data.gov.au/dataset/asgsed3/SA2/128021533,39920.9646741957,40382229.1427551
635,128021534,Illawong - Alfords Point,0,No change,12802,Sutherland - Menai - Heathcote,128,Sydney - Sutherland,1GSYD,Greater Sydney,1,New South Wales,AUS,Australia,7.2978,http://linked.data.gov.au/dataset/asgsed3/SA2/128021534,25108.2123591426,10643178.7643462
636,128021535,Menai - Lucas Heights - Woronora,0,No change,12802,Sutherland - Menai - Heathcote,128,Sydney - Sutherland,1GSYD,Greater Sydney,1,New South Wales,AUS,Australia,33.4046,http://linked.data.gov.au/dataset/asgsed3/SA2/128021535,43634.8319175319,48751346.7509571
637,128021536,Oyster Bay - Como - Jannali,0,No change,12802,Sutherland - Menai - Heathcote,128,Sydney - Sutherland,1GSYD,Greater Sydney,1,New South Wales,AUS,Australia,8.9053,http://linked.data.gov.au/dataset/asgsed3/SA2/128021536,28481.1198106309,12994042.4981084
638,128021537,Royal National Park,0,No change,12802,Sutherland - Menai - Heathcote,128,Sydney - Sutherland,1GSYD,Greater Sydney,1,New South Wales,AUS,Australia,139.3336,http://linked.data.gov.au/dataset/asgsed3/SA2/128021537,112165.519172892,203768137.070019
639,128021538,Sutherland - Kirrawee,0,No change,12802,Sutherland - Menai - Heathcote,128,Sydney - Sutherland,1GSYD,Greater Sydney,1,New South Wales,AUS,Australia,7.755,http://linked.data.gov.au/dataset/asgsed3/SA2/128021538,19078.590449296,11320431.2607598
640,128021607,Engadine,0,No change,12802,Sutherland - Menai - Heathcote,128,Sydney - Sutherland,1GSYD,Greater Sydney,1,New South Wales,AUS,Australia,8.9538,http://linked.data.gov.au/dataset/asgsed3/SA2/128021607,22109.934098602,13077024.4627803
641,128021608,Loftus - Yarrawarrah,0,No change,12802,Sutherland - Menai - Heathcote,128,Sydney - Sutherland,1GSYD,Greater Sydney,1,New South Wales,AUS,Australia,3.8436,http://linked.data.gov.au/dataset/asgsed3/SA2/128021608,14771.3371678463,5613190.90575479
642,128021609,Woronora Heights,0,No change,12802,Sutherland - Menai - Heathcote,128,Sydney - Sutherland,1GSYD,Greater Sydney,1,New South Wales,AUS,Australia,3.1374,http://linked.data.gov.au/dataset/asgsed3/SA2/128021609,9502.02589253198,4579899.64338576
643,197979799,Migratory - Offshore - Shipping (NSW),0,No change,19797,Migratory - Offshore - Shipping (NSW),197,Migratory - Offshore - Shipping (NSW),19799,Migratory - Offshore - Shipping (NSW),1,New South Wales,AUS,Australia,,http://linked.data.gov.au/dataset/asgsed3/SA2/197979799,0,0
644,199999499,No usual address (NSW),0,No change,19999,No usual address (NSW),199,No usual address (NSW),19499,No usual address (NSW),1,New South Wales,AUS,Australia,,http://linked.data.gov.au/dataset/asgsed3/SA2/199999499,0,0
645,201011001,Alfredton,0,No change,20101,Ballarat,201,Ballarat,2RVIC,Rest of Vic.,2,Victoria,AUS,Australia,52.7109,http://linked.data.gov.au/dataset/asgsed3/SA2/201011001,45082.5663437283,83986724.3248054
646,201011002,Ballarat,0,No change,20101,Ballarat,201,Ballarat,2RVIC,Rest of Vic.,2,Victoria,AUS,Australia,12.3787,http://linked.data.gov.au/dataset/asgsed3/SA2/201011002,20550.6923158225,19731142.4663815
647,201011005,Buninyong,0,No change,20101,Ballarat,201,Ballarat,2RVIC,Rest of Vic.,2,Victoria,AUS,Australia,51.5855,http://linked.data.gov.au/dataset/asgsed3/SA2/201011005,50638.6530608499,82416939.288565
648,201011006,Delacombe,0,No change,20101,Ballarat,201,Ballarat,2RVIC,Rest of Vic.,2,Victoria,AUS,Australia,34.1607,http://linked.data.gov.au/dataset/asgsed3/SA2/201011006,36257.6248419105,54488706.1005079
649,201011007,Smythes Creek,0,No change,20101,Ballarat,201,Ballarat,2RVIC,Rest of Vic.,2,Victoria,AUS,Australia,104.7274,http://linked.data.gov.au/dataset/asgsed3/SA2/201011007,80303.6594260273,167215472.424235
650,201011008,Wendouree - Miners Rest,0,No change,20101,Ballarat,201,Ballarat,2RVIC,Rest of Vic.,2,Victoria,AUS,Australia,67.5736,http://linked.data.gov.au/dataset/asgsed3/SA2/201011008,47544.812284857,107541625.966976
651,201011481,Ballarat East - Warrenheip,1,New,20101,Ballarat,201,Ballarat,2RVIC,Rest of Vic.,2,Victoria,AUS,Australia,19.2159,http://linked.data.gov.au/dataset/asgsed3/SA2/201011481,31463.1399272023,30640542.0822881
652,201011482,Ballarat North - Invermay,1,New,20101,Ballarat,201,Ballarat,2RVIC,Rest of Vic.,2,Victoria,AUS,Australia,73.1419,http://linked.data.gov.au/dataset/asgsed3/SA2/201011482,50983.559090031,116460188.745266
653,201011483,Canadian - Mount Clear,1,New,20101,Ballarat,201,Ballarat,2RVIC,Rest of Vic.,2,Victoria,AUS,Australia,22.2728,http://linked.data.gov.au/dataset/asgsed3/SA2/201011483,27889.7639232457,35535239.7504615
654,201011484,Sebastopol - Redan,1,New,20101,Ballarat,201,Ballarat,2RVIC,Rest of Vic.,2,Victoria,AUS,Australia,10.5813,http://linked.data.gov.au/dataset/asgsed3/SA2/201011484,21373.8488101256,16884389.3917737
655,201021009,Bacchus Marsh Surrounds,3,Name change,20102,Creswick - Daylesford - Ballan,201,Ballarat,2RVIC,Rest of Vic.,2,Victoria,AUS,Australia,1038.8122,http://linked.data.gov.au/dataset/asgsed3/SA2/201021009,318159.612906856,1659106771.07456
656,201021010,Creswick - Clunes,0,No change,20102,Creswick - Daylesford - Ballan,201,Ballarat,2RVIC,Rest of Vic.,2,Victoria,AUS,Australia,856.7892,http://linked.data.gov.au/dataset/asgsed3/SA2/201021010,239357.470594559,1358388298.77067
657,201021011,Daylesford,0,No change,20102,Creswick - Daylesford - Ballan,201,Ballarat,2RVIC,Rest of Vic.,2,Victoria,AUS,Australia,920.7579,http://linked.data.gov.au/dataset/asgsed3/SA2/201021011,243165.028253617,1458398234.96039
658,201021012,Gordon (Vic.),0,No change,20102,Creswick - Daylesford - Ballan,201,Ballarat,2RVIC,Rest of Vic.,2,Victoria,AUS,Australia,850.3137,http://linked.data.gov.au/dataset/asgsed3/SA2/201021012,253581.753463776,1358663181.15847
659,201031013,Avoca,0,No change,20103,Maryborough - Pyrenees,201,Ballarat,2RVIC,Rest of Vic.,2,Victoria,AUS,Australia,1714.2397,http://linked.data.gov.au/dataset/asgsed3/SA2/201031013,330944.829587623,2700365276.28048
660,201031014,Beaufort,0,No change,20103,Maryborough - Pyrenees,201,Ballarat,2RVIC,Rest of Vic.,2,Victoria,AUS,Australia,1863.0431,http://linked.data.gov.au/dataset/asgsed3/SA2/201031014,341777.939334103,2964873903.25619
661,201031015,Golden Plains - North,0,No change,20103,Maryborough - Pyrenees,201,Ballarat,2RVIC,Rest of Vic.,2,Victoria,AUS,Australia,922.0812,http://linked.data.gov.au/dataset/asgsed3/SA2/201031015,272042.383713907,1478399993.45822
662,201031016,Maryborough (Vic.),0,No change,20103,Maryborough - Pyrenees,201,Ballarat,2RVIC,Rest of Vic.,2,Victoria,AUS,Australia,45.5379,http://linked.data.gov.au/dataset/asgsed3/SA2/201031016,57624.2409377839,71618628.7969498
663,201031017,Maryborough Surrounds,3,Name change,20103,Maryborough - Pyrenees,201,Ballarat,2RVIC,Rest of Vic.,2,Victoria,AUS,Australia,1627.5521,http://linked.data.gov.au/dataset/asgsed3/SA2/201031017,391992.840623412,2555287116.03465
664,202011018,Bendigo,0,No change,20201,Bendigo,202,Bendigo,2RVIC,Rest of Vic.,2,Victoria,AUS,Australia,16.0796,http://linked.data.gov.au/dataset/asgsed3/SA2/202011018,27416.8570150682,25093210.6144357
665,202011019,California Gully - Eaglehawk,0,No change,20201,Bendigo,202,Bendigo,2RVIC,Rest of Vic.,2,Victoria,AUS,Australia,32.9308,http://linked.data.gov.au/dataset/asgsed3/SA2/202011019,40800.4997292676,51334353.4253794
666,202011020,East Bendigo - Kennington,0,No change,20201,Bendigo,202,Bendigo,2RVIC,Rest of Vic.,2,Victoria,AUS,Australia,17.1489,http://linked.data.gov.au/dataset/asgsed3/SA2/202011020,31857.5782758587,26763977.5037139
667,202011021,Flora Hill - Spring Gully,0,No change,20201,Bendigo,202,Bendigo,2RVIC,Rest of Vic.,2,Victoria,AUS,Australia,13.2029,http://linked.data.gov.au/dataset/asgsed3/SA2/202011021,21609.2010073917,20626768.2321269
668,202011022,Kangaroo Flat - Golden Square,0,No change,20201,Bendigo,202,Bendigo,2RVIC,Rest of Vic.,2,Victoria,AUS,Australia,40.9147,http://linked.data.gov.au/dataset/asgsed3/SA2/202011022,45977.280241374,63944807.5539389
669,202011023,Maiden Gully,0,No change,20201,Bendigo,202,Bendigo,2RVIC,Rest of Vic.,2,Victoria,AUS,Australia,42.9757,http://linked.data.gov.au/dataset/asgsed3/SA2/202011023,41517.0627819865,67074982.0650985
670,202011024,Strathfieldsaye,0,No change,20201,Bendigo,202,Bendigo,2RVIC,Rest of Vic.,2,Victoria,AUS,Australia,56.4142,http://linked.data.gov.au/dataset/asgsed3/SA2/202011024,59668.1900987831,88128913.1974705
671,202011025,White Hills - Ascot,0,No change,20201,Bendigo,202,Bendigo,2RVIC,Rest of Vic.,2,Victoria,AUS,Australia,67.7769,http://linked.data.gov.au/dataset/asgsed3/SA2/202011025,58405.6441821106,105571717.162693
672,202021026,Bendigo Surrounds - South,3,Name change,20202,Heathcote - Castlemaine - Kyneton,202,Bendigo,2RVIC,Rest of Vic.,2,Victoria,AUS,Australia,796.8536,http://linked.data.gov.au/dataset/asgsed3/SA2/202021026,325291.023063764,1246584127.86704
673,202021027,Castlemaine,0,No change,20202,Heathcote - Castlemaine - Kyneton,202,Bendigo,2RVIC,Rest of Vic.,2,Victoria,AUS,Australia,83.9291,http://linked.data.gov.au/dataset/asgsed3/SA2/202021027,65650.6631903164,132120794.267031
674,202021028,Castlemaine Surrounds,3,Name change,20202,Heathcote - Castlemaine - Kyneton,202,Bendigo,2RVIC,Rest of Vic.,2,Victoria,AUS,Australia,1514.9804,http://linked.data.gov.au/dataset/asgsed3/SA2/202021028,459595.546829124,2382597630.59671
675,202021029,Heathcote,0,No change,20202,Heathcote - Castlemaine - Kyneton,202,Bendigo,2RVIC,Rest of Vic.,2,Victoria,AUS,Australia,756.8174,http://linked.data.gov.au/dataset/asgsed3/SA2/202021029,240343.190151839,1184490120.12565
676,202021030,Kyneton,0,No change,20202,Heathcote - Castlemaine - Kyneton,202,Bendigo,2RVIC,Rest of Vic.,2,Victoria,AUS,Australia,556.4897,http://linked.data.gov.au/dataset/asgsed3/SA2/202021030,203364.074748985,879200443.184577
677,202021031,Woodend,0,No change,20202,Heathcote - Castlemaine - Kyneton,202,Bendigo,2RVIC,Rest of Vic.,2,Victoria,AUS,Australia,211.8678,http://linked.data.gov.au/dataset/asgsed3/SA2/202021031,122562.541272759,335922062.824833
678,202031032,Bendigo Surrounds - North,3,Name change,20203,Loddon - Elmore,202,Bendigo,2RVIC,Rest of Vic.,2,Victoria,AUS,Australia,1440.2175,http://linked.data.gov.au/dataset/asgsed3/SA2/202031032,349024.823891353,2236785307.33869
679,202031033,Loddon,0,No change,20203,Loddon - Elmore,202,Bendigo,2RVIC,Rest of Vic.,2,Victoria,AUS,Australia,6193.3066,http://linked.data.gov.au/dataset/asgsed3/SA2/202031033,607147.547808257,9564481309.65718
680,203011034,Bannockburn,0,No change,20301,Barwon - West,203,Geelong,2RVIC,Rest of Vic.,2,Victoria,AUS,Australia,192.052,http://linked.data.gov.au/dataset/asgsed3/SA2/203011034,117182.6627381,310374180.367377
681,203011035,Golden Plains - South,0,No change,20301,Barwon - West,203,Geelong,2RVIC,Rest of Vic.,2,Victoria,AUS,Australia,1484.5293,http://linked.data.gov.au/dataset/asgsed3/SA2/203011035,347906.146039372,2390875794.8731
682,203011036,Winchelsea,0,No change,20301,Barwon - West,203,Geelong,2RVIC,Rest of Vic.,2,Victoria,AUS,Australia,903.2574,http://linked.data.gov.au/dataset/asgsed3/SA2/203011036,263876.171439132,1467145145.10597
683,203021037,Belmont,0,No change,20302,Geelong,203,Geelong,2RVIC,Rest of Vic.,2,Victoria,AUS,Australia,9.3677,http://linked.data.gov.au/dataset/asgsed3/SA2/203021037,18996.9412966868,15184652.4955567
684,203021039,Geelong,0,No change,20302,Geelong,203,Geelong,2RVIC,Rest of Vic.,2,Victoria,AUS,Australia,12.8171,http://linked.data.gov.au/dataset/asgsed3/SA2/203021039,24730.431811617,20765576.7198171
685,203021040,Geelong West - Hamlyn Heights,0,No change,20302,Geelong,203,Geelong,2RVIC,Rest of Vic.,2,Victoria,AUS,Australia,32.0375,http://linked.data.gov.au/dataset/asgsed3/SA2/203021040,37341.2938014796,51855891.8872865
686,203021042,Highton,0,No change,20302,Geelong,203,Geelong,2RVIC,Rest of Vic.,2,Victoria,AUS,Australia,40.587,http://linked.data.gov.au/dataset/asgsed3/SA2/203021042,39930.2881138233,65785740.415087
687,203021043,Lara,0,No change,20302,Geelong,203,Geelong,2RVIC,Rest of Vic.,2,Victoria,AUS,Australia,588.6012,http://linked.data.gov.au/dataset/asgsed3/SA2/203021043,222392.678531359,948102560.155239
688,203021044,Leopold,0,No change,20302,Geelong,203,Geelong,2RVIC,Rest of Vic.,2,Victoria,AUS,Australia,27.9287,http://linked.data.gov.au/dataset/asgsed3/SA2/203021044,38777.3979633166,45286507.8963646
689,203021045,Newcomb - Moolap,0,No change,20302,Geelong,203,Geelong,2RVIC,Rest of Vic.,2,Victoria,AUS,Australia,43.2941,http://linked.data.gov.au/dataset/asgsed3/SA2/203021045,44581.1537582302,70176972.1343338
690,203021046,Newtown (Vic.),0,No change,20302,Geelong,203,Geelong,2RVIC,Rest of Vic.,2,Victoria,AUS,Australia,5.8078,http://linked.data.gov.au/dataset/asgsed3/SA2/203021046,14588.1415732151,9406539.68558758
691,203021047,North Geelong - Bell Park,0,No change,20302,Geelong,203,Geelong,2RVIC,Rest of Vic.,2,Victoria,AUS,Australia,21.9321,http://linked.data.gov.au/dataset/asgsed3/SA2/203021047,45712.8370165216,35477638.1409653
692,203021485,Charlemont,1,New,20302,Geelong,203,Geelong,2RVIC,Rest of Vic.,2,Victoria,AUS,Australia,18.1166,http://linked.data.gov.au/dataset/asgsed3/SA2/203021485,31001.4403299533,29394303.821038
693,203021486,Corio - Lovely Banks,1,New,20302,Geelong,203,Geelong,2RVIC,Rest of Vic.,2,Victoria,AUS,Australia,74.351,http://linked.data.gov.au/dataset/asgsed3/SA2/203021486,73850.2582599325,120097156.92052
694,203021487,Grovedale - Mount Duneed,1,New,20302,Geelong,203,Geelong,2RVIC,Rest of Vic.,2,Victoria,AUS,Australia,37.588,http://linked.data.gov.au/dataset/asgsed3/SA2/203021487,35947.6023993179,60998165.1642544
695,203021488,Norlane,1,New,20302,Geelong,203,Geelong,2RVIC,Rest of Vic.,2,Victoria,AUS,Australia,6.4625,http://linked.data.gov.au/dataset/asgsed3/SA2/203021488,18270.2034347334,10449878.660045
696,203031048,Clifton Springs,0,No change,20303,Surf Coast - Bellarine Peninsula,203,Geelong,2RVIC,Rest of Vic.,2,Victoria,AUS,Australia,65.1496,http://linked.data.gov.au/dataset/asgsed3/SA2/203031048,49387.8953059995,105585178.373871
697,203031049,Lorne - Anglesea,0,No change,20303,Surf Coast - Bellarine Peninsula,203,Geelong,2RVIC,Rest of Vic.,2,Victoria,AUS,Australia,447.9915,http://linked.data.gov.au/dataset/asgsed3/SA2/203031049,172275.87311023,731387515.5812
698,203031051,Portarlington,0,No change,20303,Surf Coast - Bellarine Peninsula,203,Geelong,2RVIC,Rest of Vic.,2,Victoria,AUS,Australia,71.8555,http://linked.data.gov.au/dataset/asgsed3/SA2/203031051,58124.274974458,116387540.866232
699,203031052,Point Lonsdale - Queenscliff,0,No change,20303,Surf Coast - Bellarine Peninsula,203,Geelong,2RVIC,Rest of Vic.,2,Victoria,AUS,Australia,61.6733,http://linked.data.gov.au/dataset/asgsed3/SA2/203031052,95653.1474035123,100116890.777601
700,203031053,Torquay,0,No change,20303,Surf Coast - Bellarine Peninsula,203,Geelong,2RVIC,Rest of Vic.,2,Victoria,AUS,Australia,126.3197,http://linked.data.gov.au/dataset/asgsed3/SA2/203031053,84296.521925169,205542549.234769
701,203031489,Barwon Heads - Armstrong Creek,1,New,20303,Surf Coast - Bellarine Peninsula,203,Geelong,2RVIC,Rest of Vic.,2,Victoria,AUS,Australia,88.2113,http://linked.data.gov.au/dataset/asgsed3/SA2/203031489,73111.604121836,143283261.18446
702,203031490,Ocean Grove,1,New,20303,Surf Coast - Bellarine Peninsula,203,Geelong,2RVIC,Rest of Vic.,2,Victoria,AUS,Australia,68.7681,http://linked.data.gov.au/dataset/asgsed3/SA2/203031490,62363.1424629554,111646467.979946
703,204011054,Alexandra,0,No change,20401,Upper Goulburn Valley,204,Hume,2RVIC,Rest of Vic.,2,Victoria,AUS,Australia,2118.9554,http://linked.data.gov.au/dataset/asgsed3/SA2/204011054,425981.201567479,3356320430.03582
704,204011055,Euroa,0,No change,20401,Upper Goulburn Valley,204,Hume,2RVIC,Rest of Vic.,2,Victoria,AUS,Australia,2057.9046,http://linked.data.gov.au/dataset/asgsed3/SA2/204011055,333895.370913906,3210162876.5525
705,204011056,Kilmore - Broadford,0,No change,20401,Upper Goulburn Valley,204,Hume,2RVIC,Rest of Vic.,2,Victoria,AUS,Australia,461.5233,http://linked.data.gov.au/dataset/asgsed3/SA2/204011056,175224.662070531,729635755.987172
706,204011057,Mansfield (Vic.),0,No change,20401,Upper Goulburn Valley,204,Hume,2RVIC,Rest of Vic.,2,Victoria,AUS,Australia,3927.8774,http://linked.data.gov.au/dataset/asgsed3/SA2/204011057,504134.236103123,6201827533.38156
707,204011058,Nagambie,0,No change,20401,Upper Goulburn Valley,204,Hume,2RVIC,Rest of Vic.,2,Victoria,AUS,Australia,1294.3498,http://linked.data.gov.au/dataset/asgsed3/SA2/204011058,306942.216564221,2023657195.56921
708,204011059,Seymour,0,No change,20401,Upper Goulburn Valley,204,Hume,2RVIC,Rest of Vic.,2,Victoria,AUS,Australia,79.3085,http://linked.data.gov.au/dataset/asgsed3/SA2/204011059,56523.2108169096,124627620.703071
709,204011060,Seymour Surrounds,3,Name change,20401,Upper Goulburn Valley,204,Hume,2RVIC,Rest of Vic.,2,Victoria,AUS,Australia,1688.8308,http://linked.data.gov.au/dataset/asgsed3/SA2/204011060,415163.308769858,2655947741.44144
710,204011061,Upper Yarra Valley,0,No change,20401,Upper Goulburn Valley,204,Hume,2RVIC,Rest of Vic.,2,Victoria,AUS,Australia,856.2714,http://linked.data.gov.au/dataset/asgsed3/SA2/204011061,208884.683371454,1368380594.74516
711,204011062,Yea,0,No change,20401,Upper Goulburn Valley,204,Hume,2RVIC,Rest of Vic.,2,Victoria,AUS,Australia,1474.2972,http://linked.data.gov.au/dataset/asgsed3/SA2/204011062,284882.75689839,2331679400.53893
712,204021063,Benalla,0,No change,20402,Wangaratta - Benalla,204,Hume,2RVIC,Rest of Vic.,2,Victoria,AUS,Australia,315.3043,http://linked.data.gov.au/dataset/asgsed3/SA2/204021063,117275.819606433,489902875.938335
713,204021064,Benalla Surrounds,3,Name change,20402,Wangaratta - Benalla,204,Hume,2RVIC,Rest of Vic.,2,Victoria,AUS,Australia,2105.3239,http://linked.data.gov.au/dataset/asgsed3/SA2/204021064,509280.184695269,3271402263.77406
714,204021065,Rutherglen,0,No change,20402,Wangaratta - Benalla,204,Hume,2RVIC,Rest of Vic.,2,Victoria,AUS,Australia,479.8352,http://linked.data.gov.au/dataset/asgsed3/SA2/204021065,237132.630514004,735875648.768209
715,204021066,Wangaratta,0,No change,20402,Wangaratta - Benalla,204,Hume,2RVIC,Rest of Vic.,2,Victoria,AUS,Australia,57.5836,http://linked.data.gov.au/dataset/asgsed3/SA2/204021066,64835.0043496884,88967164.2815033
716,204021067,Wangaratta Surrounds,3,Name change,20402,Wangaratta - Benalla,204,Hume,2RVIC,Rest of Vic.,2,Victoria,AUS,Australia,3587.526,http://linked.data.gov.au/dataset/asgsed3/SA2/204021067,575153.457056216,5576093156.20578
717,204031068,Beechworth,0,No change,20403,Wodonga - Alpine,204,Hume,2RVIC,Rest of Vic.,2,Victoria,AUS,Australia,371.3306,http://linked.data.gov.au/dataset/asgsed3/SA2/204031068,146294.706251893,573472959.373723
718,204031069,Bright - Mount Beauty,0,No change,20403,Wodonga - Alpine,204,Hume,2RVIC,Rest of Vic.,2,Victoria,AUS,Australia,4253.6538,http://linked.data.gov.au/dataset/asgsed3/SA2/204031069,524897.693682263,6663522977.21007
719,204031070,Chiltern - Indigo Valley,0,No change,20403,Wodonga - Alpine,204,Hume,2RVIC,Rest of Vic.,2,Victoria,AUS,Australia,513.0897,http://linked.data.gov.au/dataset/asgsed3/SA2/204031070,186886.832571752,788670352.627692
720,204031071,Myrtleford,0,No change,20403,Wodonga - Alpine,204,Hume,2RVIC,Rest of Vic.,2,Victoria,AUS,Australia,553.3639,http://linked.data.gov.au/dataset/asgsed3/SA2/204031071,177915.679650143,859205625.792545
721,204031072,Towong,0,No change,20403,Wodonga - Alpine,204,Hume,2RVIC,Rest of Vic.,2,Victoria,AUS,Australia,6668.947,http://linked.data.gov.au/dataset/asgsed3/SA2/204031072,679156.273783601,10302704230.2457
722,204031073,West Wodonga,0,No change,20403,Wodonga - Alpine,204,Hume,2RVIC,Rest of Vic.,2,Victoria,AUS,Australia,153.88,http://linked.data.gov.au/dataset/asgsed3/SA2/204031073,100746.825822205,236295832.315058
723,204031075,Yackandandah,0,No change,20403,Wodonga - Alpine,204,Hume,2RVIC,Rest of Vic.,2,Victoria,AUS,Australia,708.198,http://linked.data.gov.au/dataset/asgsed3/SA2/204031075,217220.747532459,1093375272.26085
724,204031491,Baranduda - Leneva,1,New,20403,Wodonga - Alpine,204,Hume,2RVIC,Rest of Vic.,2,Victoria,AUS,Australia,248.809,http://linked.data.gov.au/dataset/asgsed3/SA2/204031491,132604.155584408,382632731.223289
725,204031492,Wodonga,1,New,20403,Wodonga - Alpine,204,Hume,2RVIC,Rest of Vic.,2,Victoria,AUS,Australia,30.3131,http://linked.data.gov.au/dataset/asgsed3/SA2/204031492,42958.8704441914,46540520.2232558
726,205011076,Drouin,0,No change,20501,Baw Baw,205,Latrobe - Gippsland,2RVIC,Rest of Vic.,2,Victoria,AUS,Australia,326.806,http://linked.data.gov.au/dataset/asgsed3/SA2/205011076,149860.802510246,529093459.874959
727,205011077,Mount Baw Baw Region,0,No change,20501,Baw Baw,205,Latrobe - Gippsland,2RVIC,Rest of Vic.,2,Victoria,AUS,Australia,2753.3275,http://linked.data.gov.au/dataset/asgsed3/SA2/205011077,444138.361154579,4428043671.41078
728,205011078,Trafalgar (Vic.),0,No change,20501,Baw Baw,205,Latrobe - Gippsland,2RVIC,Rest of Vic.,2,Victoria,AUS,Australia,501.529,http://linked.data.gov.au/dataset/asgsed3/SA2/205011078,195060.054977368,813923543.306858
729,205011079,Warragul,0,No change,20501,Baw Baw,205,Latrobe - Gippsland,2RVIC,Rest of Vic.,2,Victoria,AUS,Australia,352.1791,http://linked.data.gov.au/dataset/asgsed3/SA2/205011079,148675.409232367,571390579.594706
730,205021080,Alps - East,0,No change,20502,Gippsland - East,205,Latrobe - Gippsland,2RVIC,Rest of Vic.,2,Victoria,AUS,Australia,2071.2834,http://linked.data.gov.au/dataset/asgsed3/SA2/205021080,427006.55505763,3253087206.01374
731,205021081,Bairnsdale,0,No change,20502,Gippsland - East,205,Latrobe - Gippsland,2RVIC,Rest of Vic.,2,Victoria,AUS,Australia,155.0115,http://linked.data.gov.au/dataset/asgsed3/SA2/205021081,123458.022704334,248891598.976454
732,205021082,Bruthen - Omeo,0,No change,20502,Gippsland - East,205,Latrobe - Gippsland,2RVIC,Rest of Vic.,2,Victoria,AUS,Australia,7377.4172,http://linked.data.gov.au/dataset/asgsed3/SA2/205021082,803391.568376328,11686499389.4031
733,205021083,Lake King,0,No change,20502,Gippsland - East,205,Latrobe - Gippsland,2RVIC,Rest of Vic.,2,Victoria,AUS,Australia,93.8744,http://linked.data.gov.au/dataset/asgsed3/SA2/205021083,116166.172765514,150946262.301543
734,205021084,Lakes Entrance,0,No change,20502,Gippsland - East,205,Latrobe - Gippsland,2RVIC,Rest of Vic.,2,Victoria,AUS,Australia,214.0352,http://linked.data.gov.au/dataset/asgsed3/SA2/205021084,111960.11783196,343761202.522661
735,205021085,Orbost,0,No change,20502,Gippsland - East,205,Latrobe - Gippsland,2RVIC,Rest of Vic.,2,Victoria,AUS,Australia,11383.7,http://linked.data.gov.au/dataset/asgsed3/SA2/205021085,753350.006166479,18091889658.3055
736,205021086,Paynesville,0,No change,20502,Gippsland - East,205,Latrobe - Gippsland,2RVIC,Rest of Vic.,2,Victoria,AUS,Australia,417.8856,http://linked.data.gov.au/dataset/asgsed3/SA2/205021086,178121.164288766,673357545.291343
737,205031087,Foster,0,No change,20503,Gippsland - South West,205,Latrobe - Gippsland,2RVIC,Rest of Vic.,2,Victoria,AUS,Australia,1498.8468,http://linked.data.gov.au/dataset/asgsed3/SA2/205031087,431913.445048859,2463085158.64641
738,205031088,French Island,0,No change,20503,Gippsland - South West,205,Latrobe - Gippsland,2RVIC,Rest of Vic.,2,Victoria,AUS,Australia,170.2291,http://linked.data.gov.au/dataset/asgsed3/SA2/205031088,100946.628707694,277215194.653657
739,205031089,Korumburra,0,No change,20503,Gippsland - South West,205,Latrobe - Gippsland,2RVIC,Rest of Vic.,2,Victoria,AUS,Australia,600.6912,http://linked.data.gov.au/dataset/asgsed3/SA2/205031089,188093.089885567,979516885.04483
740,205031090,Leongatha,0,No change,20503,Gippsland - South West,205,Latrobe - Gippsland,2RVIC,Rest of Vic.,2,Victoria,AUS,Australia,801.0085,http://linked.data.gov.au/dataset/asgsed3/SA2/205031090,313601.287085022,1308056891.86133
741,205031091,Phillip Island,0,No change,20503,Gippsland - South West,205,Latrobe - Gippsland,2RVIC,Rest of Vic.,2,Victoria,AUS,Australia,100.5731,http://linked.data.gov.au/dataset/asgsed3/SA2/205031091,133798.422138341,164415326.3651
742,205031092,Wilsons Promontory,0,No change,20503,Gippsland - South West,205,Latrobe - Gippsland,2RVIC,Rest of Vic.,2,Victoria,AUS,Australia,481.5078,http://linked.data.gov.au/dataset/asgsed3/SA2/205031092,292417.930771975,797492988.745223
743,205031093,Wonthaggi - Inverloch,0,No change,20503,Gippsland - South West,205,Latrobe - Gippsland,2RVIC,Rest of Vic.,2,Victoria,AUS,Australia,728.7626,http://linked.data.gov.au/dataset/asgsed3/SA2/205031093,232681.765070982,1192220831.28799
744,205041094,Churchill,0,No change,20504,Latrobe Valley,205,Latrobe - Gippsland,2RVIC,Rest of Vic.,2,Victoria,AUS,Australia,796.5231,http://linked.data.gov.au/dataset/asgsed3/SA2/205041094,250376.786253534,1297442370.49863
745,205041095,Moe - Newborough,0,No change,20504,Latrobe Valley,205,Latrobe - Gippsland,2RVIC,Rest of Vic.,2,Victoria,AUS,Australia,105.2836,http://linked.data.gov.au/dataset/asgsed3/SA2/205041095,82426.3939652794,170736940.413158
746,205041096,Morwell,0,No change,20504,Latrobe Valley,205,Latrobe - Gippsland,2RVIC,Rest of Vic.,2,Victoria,AUS,Australia,85.4861,http://linked.data.gov.au/dataset/asgsed3/SA2/205041096,72704.1699611164,138671182.177931
747,205041098,Yallourn North - Glengarry,0,No change,20504,Latrobe Valley,205,Latrobe - Gippsland,2RVIC,Rest of Vic.,2,Victoria,AUS,Australia,342.7019,http://linked.data.gov.au/dataset/asgsed3/SA2/205041098,201716.425713685,554062776.226553
748,205041493,Traralgon - East,1,New,20504,Latrobe Valley,205,Latrobe - Gippsland,2RVIC,Rest of Vic.,2,Victoria,AUS,Australia,108.33,http://linked.data.gov.au/dataset/asgsed3/SA2/205041493,87765.9620992278,175636498.174517
749,205041494,Traralgon - West,1,New,20504,Latrobe Valley,205,Latrobe - Gippsland,2RVIC,Rest of Vic.,2,Victoria,AUS,Australia,41.3428,http://linked.data.gov.au/dataset/asgsed3/SA2/205041494,47747.651472615,67068593.9480425
750,205051099,Alps - West,0,No change,20505,Wellington,205,Latrobe - Gippsland,2RVIC,Rest of Vic.,2,Victoria,AUS,Australia,2955.6802,http://linked.data.gov.au/dataset/asgsed3/SA2/205051099,420388.546793159,4697779347.35187
751,205051100,Longford - Loch Sport,0,No change,20505,Wellington,205,Latrobe - Gippsland,2RVIC,Rest of Vic.,2,Victoria,AUS,Australia,1610.8491,http://linked.data.gov.au/dataset/asgsed3/SA2/205051100,444688.904403818,2608533493.81038
752,205051101,Maffra,0,No change,20505,Wellington,205,Latrobe - Gippsland,2RVIC,Rest of Vic.,2,Victoria,AUS,Australia,2532.3197,http://linked.data.gov.au/dataset/asgsed3/SA2/205051101,393610.35068463,4067466424.90893
753,205051102,Rosedale,0,No change,20505,Wellington,205,Latrobe - Gippsland,2RVIC,Rest of Vic.,2,Victoria,AUS,Australia,968.4597,http://linked.data.gov.au/dataset/asgsed3/SA2/205051102,328357.307133417,1568823471.68621
754,205051103,Sale,0,No change,20505,Wellington,205,Latrobe - Gippsland,2RVIC,Rest of Vic.,2,Victoria,AUS,Australia,45.6023,http://linked.data.gov.au/dataset/asgsed3/SA2/205051103,59160.1754413396,73766920.0599422
755,205051104,Yarram,0,No change,20505,Wellington,205,Latrobe - Gippsland,2RVIC,Rest of Vic.,2,Victoria,AUS,Australia,1931.8628,http://linked.data.gov.au/dataset/asgsed3/SA2/205051104,818175.234588563,3158510328.02861
756,206011106,Brunswick East,0,No change,20601,Brunswick - Coburg,206,Melbourne - Inner,2GMEL,Greater Melbourne,2,Victoria,AUS,Australia,2.1682,http://linked.data.gov.au/dataset/asgsed3/SA2/206011106,9667.11013472173,3475441.72029055
757,206011107,Brunswick West,0,No change,20601,Brunswick - Coburg,206,Melbourne - Inner,2GMEL,Greater Melbourne,2,Victoria,AUS,Australia,3.1795,http://linked.data.gov.au/dataset/asgsed3/SA2/206011107,14342.081891044,5094705.93003629
758,206011109,Pascoe Vale South,0,No change,20601,Brunswick - Coburg,206,Melbourne - Inner,2GMEL,Greater Melbourne,2,Victoria,AUS,Australia,2.9887,http://linked.data.gov.au/dataset/asgsed3/SA2/206011109,10682.4729296008,4788027.34272932
759,206011495,Brunswick - North,1,New,20601,Brunswick - Coburg,206,Melbourne - Inner,2GMEL,Greater Melbourne,2,Victoria,AUS,Australia,2.4091,http://linked.data.gov.au/dataset/asgsed3/SA2/206011495,9002.84077670078,3860462.42600519
760,206011496,Brunswick - South,1,New,20601,Brunswick - Coburg,206,Melbourne - Inner,2GMEL,Greater Melbourne,2,Victoria,AUS,Australia,2.7334,http://linked.data.gov.au/dataset/asgsed3/SA2/206011496,9132.32960945293,4382562.33934786
761,206011497,Coburg - East,1,New,20601,Brunswick - Coburg,206,Melbourne - Inner,2GMEL,Greater Melbourne,2,Victoria,AUS,Australia,3.7471,http://linked.data.gov.au/dataset/asgsed3/SA2/206011497,11181.8916679207,6002284.66557004
762,206011498,Coburg - West,1,New,20601,Brunswick - Coburg,206,Melbourne - Inner,2GMEL,Greater Melbourne,2,Victoria,AUS,Australia,3.1876,http://linked.data.gov.au/dataset/asgsed3/SA2/206011498,9502.06009754764,5105548.86072503
763,206021110,Alphington - Fairfield,0,No change,20602,Darebin - South,206,Melbourne - Inner,2GMEL,Greater Melbourne,2,Victoria,AUS,Australia,2.8853,http://linked.data.gov.au/dataset/asgsed3/SA2/206021110,10223.1354025154,4625641.62326488
764,206021112,Thornbury,0,No change,20602,Darebin - South,206,Melbourne - Inner,2GMEL,Greater Melbourne,2,Victoria,AUS,Australia,4.9972,http://linked.data.gov.au/dataset/asgsed3/SA2/206021112,15448.4546492158,8008277.57508237
765,206021499,Northcote - East,1,New,20602,Darebin - South,206,Melbourne - Inner,2GMEL,Greater Melbourne,2,Victoria,AUS,Australia,3.5134,http://linked.data.gov.au/dataset/asgsed3/SA2/206021499,10481.6440676285,5633273.84876576
766,206021500,Northcote - West,1,New,20602,Darebin - South,206,Melbourne - Inner,2GMEL,Greater Melbourne,2,Victoria,AUS,Australia,2.6316,http://linked.data.gov.au/dataset/asgsed3/SA2/206021500,10953.8633978789,4218399.79514667
767,206031113,Ascot Vale,0,No change,20603,Essendon,206,Melbourne - Inner,2GMEL,Greater Melbourne,2,Victoria,AUS,Australia,3.8361,http://linked.data.gov.au/dataset/asgsed3/SA2/206031113,14894.9881856963,6150621.34491821
768,206031115,Flemington,0,No change,20603,Essendon,206,Melbourne - Inner,2GMEL,Greater Melbourne,2,Victoria,AUS,Australia,1.5808,http://linked.data.gov.au/dataset/asgsed3/SA2/206031115,8369.96453656975,2535203.37001609
769,206031116,Moonee Ponds,0,No change,20603,Essendon,206,Melbourne - Inner,2GMEL,Greater Melbourne,2,Victoria,AUS,Australia,4.3551,http://linked.data.gov.au/dataset/asgsed3/SA2/206031116,13686.0171848784,6981304.42958746
770,206031501,Essendon (West) - Aberfeldie,1,New,20603,Essendon,206,Melbourne - Inner,2GMEL,Greater Melbourne,2,Victoria,AUS,Australia,4.8886,http://linked.data.gov.au/dataset/asgsed3/SA2/206031501,12552.1440428588,7832867.71382978
771,206031502,Essendon - East,1,New,20603,Essendon,206,Melbourne - Inner,2GMEL,Greater Melbourne,2,Victoria,AUS,Australia,3.5543,http://linked.data.gov.au/dataset/asgsed3/SA2/206031502,14134.7739100961,5695116.18943774
772,206041117,Carlton,0,No change,20604,Melbourne City,206,Melbourne - Inner,2GMEL,Greater Melbourne,2,Victoria,AUS,Australia,1.8187,http://linked.data.gov.au/dataset/asgsed3/SA2/206041117,7841.31820460173,2917154.52774854
773,206041118,Docklands,0,No change,20604,Melbourne City,206,Melbourne - Inner,2GMEL,Greater Melbourne,2,Victoria,AUS,Australia,2.444,http://linked.data.gov.au/dataset/asgsed3/SA2/206041118,8572.5490434179,3922463.50280866
774,206041119,East Melbourne,0,No change,20604,Melbourne City,206,Melbourne - Inner,2GMEL,Greater Melbourne,2,Victoria,AUS,Australia,2.8998,http://linked.data.gov.au/dataset/asgsed3/SA2/206041119,10199.3859167528,4654384.51421239
775,206041120,Flemington Racecourse,0,No change,20604,Melbourne City,206,Melbourne - Inner,2GMEL,Greater Melbourne,2,Victoria,AUS,Australia,1.7093,http://linked.data.gov.au/dataset/asgsed3/SA2/206041120,6663.77636752514,2741395.30872319
776,206041121,Kensington (Vic.),0,No change,20604,Melbourne City,206,Melbourne - Inner,2GMEL,Greater Melbourne,2,Victoria,AUS,Australia,2.147,http://linked.data.gov.au/dataset/asgsed3/SA2/206041121,8440.06986753751,3443966.03507786
777,206041124,Parkville,0,No change,20604,Melbourne City,206,Melbourne - Inner,2GMEL,Greater Melbourne,2,Victoria,AUS,Australia,4.0491,http://linked.data.gov.au/dataset/asgsed3/SA2/206041124,11634.7019886839,6493381.39625904
778,206041125,South Yarra - West,0,No change,20604,Melbourne City,206,Melbourne - Inner,2GMEL,Greater Melbourne,2,Victoria,AUS,Australia,1.5027,http://linked.data.gov.au/dataset/asgsed3/SA2/206041125,8531.77322614156,2412740.07098922
779,206041127,West Melbourne - Industrial,3,Name change,20604,Melbourne City,206,Melbourne - Inner,2GMEL,Greater Melbourne,2,Victoria,AUS,Australia,6.1992,http://linked.data.gov.au/dataset/asgsed3/SA2/206041127,14378.2234493056,9948540.64251734
780,206041503,Melbourne CBD - East,1,New,20604,Melbourne City,206,Melbourne - Inner,2GMEL,Greater Melbourne,2,Victoria,AUS,Australia,0.802,http://linked.data.gov.au/dataset/asgsed3/SA2/206041503,4989.98052800977,1286820.72811861
781,206041504,Melbourne CBD - North,1,New,20604,Melbourne City,206,Melbourne - Inner,2GMEL,Greater Melbourne,2,Victoria,AUS,Australia,0.5616,http://linked.data.gov.au/dataset/asgsed3/SA2/206041504,4002.04362480408,901074.970686138
782,206041505,Melbourne CBD - West,1,New,20604,Melbourne City,206,Melbourne - Inner,2GMEL,Greater Melbourne,2,Victoria,AUS,Australia,1.0051,http://linked.data.gov.au/dataset/asgsed3/SA2/206041505,5882.73417667974,1613663.38287539
783,206041506,North Melbourne,1,New,20604,Melbourne City,206,Melbourne - Inner,2GMEL,Greater Melbourne,2,Victoria,AUS,Australia,2.4248,http://linked.data.gov.au/dataset/asgsed3/SA2/206041506,9092.32805146078,3890847.04386497
784,206041507,Royal Botanic Gardens Victoria,1,New,20604,Melbourne City,206,Melbourne - Inner,2GMEL,Greater Melbourne,2,Victoria,AUS,Australia,1.3511,http://linked.data.gov.au/dataset/asgsed3/SA2/206041507,7457.99737370184,2169305.13592125
785,206041508,Southbank (West) - South Wharf,1,New,20604,Melbourne City,206,Melbourne - Inner,2GMEL,Greater Melbourne,2,Victoria,AUS,Australia,0.8496,http://linked.data.gov.au/dataset/asgsed3/SA2/206041508,7340.76289548731,1364345.86968655
786,206041509,Southbank - East,1,New,20604,Melbourne City,206,Melbourne - Inner,2GMEL,Greater Melbourne,2,Victoria,AUS,Australia,0.804,http://linked.data.gov.au/dataset/asgsed3/SA2/206041509,4921.80564647607,1290591.37581558
787,206041510,West Melbourne - Residential,1,New,20604,Melbourne City,206,Melbourne - Inner,2GMEL,Greater Melbourne,2,Victoria,AUS,Australia,0.8247,http://linked.data.gov.au/dataset/asgsed3/SA2/206041510,4810.82237613365,1323240.50636059
788,206051128,Albert Park,0,No change,20605,Port Phillip,206,Melbourne - Inner,2GMEL,Greater Melbourne,2,Victoria,AUS,Australia,4.6747,http://linked.data.gov.au/dataset/asgsed3/SA2/206051128,13453.6733796058,7510444.94717949
789,206051129,Elwood,0,No change,20605,Port Phillip,206,Melbourne - Inner,2GMEL,Greater Melbourne,2,Victoria,AUS,Australia,2.553,http://linked.data.gov.au/dataset/asgsed3/SA2/206051129,9098.24193761826,4105813.11772837
790,206051130,Port Melbourne,0,No change,20605,Port Phillip,206,Melbourne - Inner,2GMEL,Greater Melbourne,2,Victoria,AUS,Australia,2.7894,http://linked.data.gov.au/dataset/asgsed3/SA2/206051130,13674.1946762215,4479231.23850532
791,206051134,St Kilda East,0,No change,20605,Port Phillip,206,Melbourne - Inner,2GMEL,Greater Melbourne,2,Victoria,AUS,Australia,2.4135,http://linked.data.gov.au/dataset/asgsed3/SA2/206051134,10512.8845410369,3878717.27631419
792,206051511,Port Melbourne Industrial,1,New,20605,Port Phillip,206,Melbourne - Inner,2GMEL,Greater Melbourne,2,Victoria,AUS,Australia,7.6426,http://linked.data.gov.au/dataset/asgsed3/SA2/206051511,23019.520042587,12271662.2364285
793,206051512,South Melbourne,1,New,20605,Port Phillip,206,Melbourne - Inner,2GMEL,Greater Melbourne,2,Victoria,AUS,Australia,1.8897,http://linked.data.gov.au/dataset/asgsed3/SA2/206051512,8671.83993547642,3034515.39013422
794,206051513,St Kilda - Central,1,New,20605,Port Phillip,206,Melbourne - Inner,2GMEL,Greater Melbourne,2,Victoria,AUS,Australia,1.5375,http://linked.data.gov.au/dataset/asgsed3/SA2/206051513,7281.92690177306,2471221.18179691
795,206051514,St Kilda - West,1,New,20605,Port Phillip,206,Melbourne - Inner,2GMEL,Greater Melbourne,2,Victoria,AUS,Australia,2.3637,http://linked.data.gov.au/dataset/asgsed3/SA2/206051514,11021.0167421565,3798647.44268574
796,206061135,Armadale,0,No change,20606,Stonnington - West,206,Melbourne - Inner,2GMEL,Greater Melbourne,2,Victoria,AUS,Australia,2.1835,http://linked.data.gov.au/dataset/asgsed3/SA2/206061135,7763.03844742455,3507543.55164634
797,206061136,Prahran - Windsor,0,No change,20606,Stonnington - West,206,Melbourne - Inner,2GMEL,Greater Melbourne,2,Victoria,AUS,Australia,2.9053,http://linked.data.gov.au/dataset/asgsed3/SA2/206061136,9171.01132857119,4666676.01058541
798,206061138,Toorak,0,No change,20606,Stonnington - West,206,Melbourne - Inner,2GMEL,Greater Melbourne,2,Victoria,AUS,Australia,4.3233,http://linked.data.gov.au/dataset/asgsed3/SA2/206061138,11339.0667963858,6944363.54575793
799,206061515,South Yarra - North,1,New,20606,Stonnington - West,206,Melbourne - Inner,2GMEL,Greater Melbourne,2,Victoria,AUS,Australia,1.1696,http://linked.data.gov.au/dataset/asgsed3/SA2/206061515,7437.33849098113,1878344.23543005
800,206061516,South Yarra - South,1,New,20606,Stonnington - West,206,Melbourne - Inner,2GMEL,Greater Melbourne,2,Victoria,AUS,Australia,1.3475,http://linked.data.gov.au/dataset/asgsed3/SA2/206061516,6222.64136889298,2164967.62589465
801,206071139,Abbotsford,0,No change,20607,Yarra,206,Melbourne - Inner,2GMEL,Greater Melbourne,2,Victoria,AUS,Australia,1.7405,http://linked.data.gov.au/dataset/asgsed3/SA2/206071139,11202.1205407729,2793064.63806236
802,206071140,Carlton North - Princes Hill,0,No change,20607,Yarra,206,Melbourne - Inner,2GMEL,Greater Melbourne,2,Victoria,AUS,Australia,2.3042,http://linked.data.gov.au/dataset/asgsed3/SA2/206071140,7697.2030925867,3695242.88718282
803,206071141,Collingwood,0,No change,20607,Yarra,206,Melbourne - Inner,2GMEL,Greater Melbourne,2,Victoria,AUS,Australia,1.2669,http://linked.data.gov.au/dataset/asgsed3/SA2/206071141,6045.06700583465,2032927.24897505
804,206071142,Fitzroy,0,No change,20607,Yarra,206,Melbourne - Inner,2GMEL,Greater Melbourne,2,Victoria,AUS,Australia,1.3779,http://linked.data.gov.au/dataset/asgsed3/SA2/206071142,6328.11351526285,2210067.75207018
805,206071143,Fitzroy North,0,No change,20607,Yarra,206,Melbourne - Inner,2GMEL,Greater Melbourne,2,Victoria,AUS,Australia,2.5051,http://linked.data.gov.au/dataset/asgsed3/SA2/206071143,8796.52547909635,4017281.13821832
806,206071145,Clifton Hill - Alphington,3,Name change,20607,Yarra,206,Melbourne - Inner,2GMEL,Greater Melbourne,2,Victoria,AUS,Australia,5.2089,http://linked.data.gov.au/dataset/asgsed3/SA2/206071145,24404.7638577362,8354230.15861516
807,206071517,Richmond (South) - Cremorne,1,New,20607,Yarra,206,Melbourne - Inner,2GMEL,Greater Melbourne,2,Victoria,AUS,Australia,4.2891,http://linked.data.gov.au/dataset/asgsed3/SA2/206071517,13298.5697324382,6885970.02612169
808,206071518,Richmond - North,1,New,20607,Yarra,206,Melbourne - Inner,2GMEL,Greater Melbourne,2,Victoria,AUS,Australia,1.9233,http://linked.data.gov.au/dataset/asgsed3/SA2/206071518,7803.48549810384,3087518.21965244
809,207011146,Ashburton (Vic.),0,No change,20701,Boroondara,207,Melbourne - Inner East,2GMEL,Greater Melbourne,2,Victoria,AUS,Australia,2.8366,http://linked.data.gov.au/dataset/asgsed3/SA2/207011146,10672.0642560088,4559096.49191276
810,207011147,Balwyn,0,No change,20701,Boroondara,207,Melbourne - Inner East,2GMEL,Greater Melbourne,2,Victoria,AUS,Australia,5.5851,http://linked.data.gov.au/dataset/asgsed3/SA2/207011147,14712.2048444061,8963605.71767211
811,207011148,Balwyn North,0,No change,20701,Boroondara,207,Melbourne - Inner East,2GMEL,Greater Melbourne,2,Victoria,AUS,Australia,8.8492,http://linked.data.gov.au/dataset/asgsed3/SA2/207011148,17216.2629844036,14194065.5211604
812,207011149,Camberwell,0,No change,20701,Boroondara,207,Melbourne - Inner East,2GMEL,Greater Melbourne,2,Victoria,AUS,Australia,7.2919,http://linked.data.gov.au/dataset/asgsed3/SA2/207011149,16699.4425424181,11710512.2422441
813,207011150,Glen Iris - East,0,No change,20701,Boroondara,207,Melbourne - Inner East,2GMEL,Greater Melbourne,2,Victoria,AUS,Australia,5.7049,http://linked.data.gov.au/dataset/asgsed3/SA2/207011150,17439.7170032798,9167066.59645894
814,207011152,Hawthorn East,0,No change,20701,Boroondara,207,Melbourne - Inner East,2GMEL,Greater Melbourne,2,Victoria,AUS,Australia,3.824,http://linked.data.gov.au/dataset/asgsed3/SA2/207011152,11846.2160354313,6141177.09174599
815,207011154,Kew East,0,No change,20701,Boroondara,207,Melbourne - Inner East,2GMEL,Greater Melbourne,2,Victoria,AUS,Australia,4.0154,http://linked.data.gov.au/dataset/asgsed3/SA2/207011154,14301.791997627,6440899.06721795
816,207011155,Surrey Hills (West) - Canterbury,0,No change,20701,Boroondara,207,Melbourne - Inner East,2GMEL,Greater Melbourne,2,Victoria,AUS,Australia,5.7026,http://linked.data.gov.au/dataset/asgsed3/SA2/207011155,15805.9912937314,9155090.86804277
817,207011519,Hawthorn - North,1,New,20701,Boroondara,207,Melbourne - Inner East,2GMEL,Greater Melbourne,2,Victoria,AUS,Australia,2.4558,http://linked.data.gov.au/dataset/asgsed3/SA2/207011519,9880.98715686609,3941929.03494008
818,207011520,Hawthorn - South,1,New,20701,Boroondara,207,Melbourne - Inner East,2GMEL,Greater Melbourne,2,Victoria,AUS,Australia,3.2163,http://linked.data.gov.au/dataset/asgsed3/SA2/207011520,11788.2292934137,5164066.54473893
819,207011521,Kew - South,1,New,20701,Boroondara,207,Melbourne - Inner East,2GMEL,Greater Melbourne,2,Victoria,AUS,Australia,4.3235,http://linked.data.gov.au/dataset/asgsed3/SA2/207011521,11413.6503346622,6937759.24780093
820,207011522,Kew - West,1,New,20701,Boroondara,207,Melbourne - Inner East,2GMEL,Greater Melbourne,2,Victoria,AUS,Australia,6.2106,http://linked.data.gov.au/dataset/asgsed3/SA2/207011522,24309.3098521239,9963165.34204749
821,207021156,Bulleen,0,No change,20702,Manningham - West,207,Melbourne - Inner East,2GMEL,Greater Melbourne,2,Victoria,AUS,Australia,6.6711,http://linked.data.gov.au/dataset/asgsed3/SA2/207021156,21428.5737722905,10693976.6150493
822,207021157,Doncaster,0,No change,20702,Manningham - West,207,Melbourne - Inner East,2GMEL,Greater Melbourne,2,Victoria,AUS,Australia,8.7738,http://linked.data.gov.au/dataset/asgsed3/SA2/207021157,18945.5758034544,14071625.8251599
823,207021159,Templestowe,0,No change,20702,Manningham - West,207,Melbourne - Inner East,2GMEL,Greater Melbourne,2,Victoria,AUS,Australia,16.1176,http://linked.data.gov.au/dataset/asgsed3/SA2/207021159,27158.3604330953,25826204.0932393
824,207021160,Templestowe Lower,0,No change,20702,Manningham - West,207,Melbourne - Inner East,2GMEL,Greater Melbourne,2,Victoria,AUS,Australia,5.9386,http://linked.data.gov.au/dataset/asgsed3/SA2/207021160,15822.2953306077,9517849.78862953
825,207021424,Doncaster East - North,3,Name change,20702,Manningham - West,207,Melbourne - Inner East,2GMEL,Greater Melbourne,2,Victoria,AUS,Australia,6.403,http://linked.data.gov.au/dataset/asgsed3/SA2/207021424,20704.7841041039,10264830.6775969
826,207021425,Doncaster East - South,3,Name change,20702,Manningham - West,207,Melbourne - Inner East,2GMEL,Greater Melbourne,2,Victoria,AUS,Australia,4.7684,http://linked.data.gov.au/dataset/asgsed3/SA2/207021425,12774.5427076044,7649049.5670822
827,207031161,Blackburn,0,No change,20703,Whitehorse - West,207,Melbourne - Inner East,2GMEL,Greater Melbourne,2,Victoria,AUS,Australia,8.6076,http://linked.data.gov.au/dataset/asgsed3/SA2/207031161,17934.7542017288,13815305.133843
828,207031162,Blackburn South,0,No change,20703,Whitehorse - West,207,Melbourne - Inner East,2GMEL,Greater Melbourne,2,Victoria,AUS,Australia,3.5966,http://linked.data.gov.au/dataset/asgsed3/SA2/207031162,10608.4659404121,5776572.57623352
829,207031163,Box Hill,0,No change,20703,Whitehorse - West,207,Melbourne - Inner East,2GMEL,Greater Melbourne,2,Victoria,AUS,Australia,7.0123,http://linked.data.gov.au/dataset/asgsed3/SA2/207031163,14735.4857055716,11259243.8027643
830,207031164,Box Hill North,0,No change,20703,Whitehorse - West,207,Melbourne - Inner East,2GMEL,Greater Melbourne,2,Victoria,AUS,Australia,6.2087,http://linked.data.gov.au/dataset/asgsed3/SA2/207031164,15542.5624543115,9961787.29511254
831,207031165,Burwood (Vic.),3,Name change,20703,Whitehorse - West,207,Melbourne - Inner East,2GMEL,Greater Melbourne,2,Victoria,AUS,Australia,5.0392,http://linked.data.gov.au/dataset/asgsed3/SA2/207031165,13836.1407519411,8095187.22205364
832,207031166,Burwood East,0,No change,20703,Whitehorse - West,207,Melbourne - Inner East,2GMEL,Greater Melbourne,2,Victoria,AUS,Australia,4.2629,http://linked.data.gov.au/dataset/asgsed3/SA2/207031166,12428.1941670294,6848256.31462806
833,207031167,Surrey Hills (East) - Mont Albert,0,No change,20703,Whitehorse - West,207,Melbourne - Inner East,2GMEL,Greater Melbourne,2,Victoria,AUS,Australia,3.3279,http://linked.data.gov.au/dataset/asgsed3/SA2/207031167,10322.2536259615,5342766.77133493
834,208011168,Beaumaris,0,No change,20801,Bayside,208,Melbourne - Inner South,2GMEL,Greater Melbourne,2,Victoria,AUS,Australia,5.9678,http://linked.data.gov.au/dataset/asgsed3/SA2/208011168,13851.3940996705,9621647.85444683
835,208011169,Brighton (Vic.),0,No change,20801,Bayside,208,Melbourne - Inner South,2GMEL,Greater Melbourne,2,Victoria,AUS,Australia,8.2004,http://linked.data.gov.au/dataset/asgsed3/SA2/208011169,17703.3217842849,13195002.2229222
836,208011170,Brighton East,0,No change,20801,Bayside,208,Melbourne - Inner South,2GMEL,Greater Melbourne,2,Victoria,AUS,Australia,5.6083,http://linked.data.gov.au/dataset/asgsed3/SA2/208011170,14709.0333638734,9025444.65607368
837,208011171,Highett (West) - Cheltenham,3,Name change,20801,Bayside,208,Melbourne - Inner South,2GMEL,Greater Melbourne,2,Victoria,AUS,Australia,5.3198,http://linked.data.gov.au/dataset/asgsed3/SA2/208011171,13956.0600732229,8570816.21820864
838,208011172,Hampton,0,No change,20801,Bayside,208,Melbourne - Inner South,2GMEL,Greater Melbourne,2,Victoria,AUS,Australia,5.6847,http://linked.data.gov.au/dataset/asgsed3/SA2/208011172,15683.1068057859,9154545.43996882
839,208011173,Sandringham - Black Rock,0,No change,20801,Bayside,208,Melbourne - Inner South,2GMEL,Greater Melbourne,2,Victoria,AUS,Australia,6.4301,http://linked.data.gov.au/dataset/asgsed3/SA2/208011173,20232.333740427,10360654.483322
840,208021174,Bentleigh - McKinnon,0,No change,20802,Glen Eira,208,Melbourne - Inner South,2GMEL,Greater Melbourne,2,Victoria,AUS,Australia,6.2242,http://linked.data.gov.au/dataset/asgsed3/SA2/208021174,12663.4111843596,10018855.5514558
841,208021176,Carnegie,0,No change,20802,Glen Eira,208,Melbourne - Inner South,2GMEL,Greater Melbourne,2,Victoria,AUS,Australia,3.8045,http://linked.data.gov.au/dataset/asgsed3/SA2/208021176,10959.7708834572,6119454.20577492
842,208021177,Caulfield - North,0,No change,20802,Glen Eira,208,Melbourne - Inner South,2GMEL,Greater Melbourne,2,Victoria,AUS,Australia,6.4189,http://linked.data.gov.au/dataset/asgsed3/SA2/208021177,15834.612890913,10319263.6008601
843,208021178,Caulfield - South,0,No change,20802,Glen Eira,208,Melbourne - Inner South,2GMEL,Greater Melbourne,2,Victoria,AUS,Australia,4.7426,http://linked.data.gov.au/dataset/asgsed3/SA2/208021178,10886.3951123592,7627124.36191797
844,208021179,Elsternwick,0,No change,20802,Glen Eira,208,Melbourne - Inner South,2GMEL,Greater Melbourne,2,Victoria,AUS,Australia,2.8616,http://linked.data.gov.au/dataset/asgsed3/SA2/208021179,9270.08147752974,4602064.01775459
845,208021180,Hughesdale,0,No change,20802,Glen Eira,208,Melbourne - Inner South,2GMEL,Greater Melbourne,2,Victoria,AUS,Australia,2.0095,http://linked.data.gov.au/dataset/asgsed3/SA2/208021180,8057.95154581687,3232925.27145853
846,208021181,Murrumbeena,0,No change,20802,Glen Eira,208,Melbourne - Inner South,2GMEL,Greater Melbourne,2,Victoria,AUS,Australia,2.5148,http://linked.data.gov.au/dataset/asgsed3/SA2/208021181,9341.42186826324,4045166.48494873
847,208021182,Ormond - Glen Huntly,0,No change,20802,Glen Eira,208,Melbourne - Inner South,2GMEL,Greater Melbourne,2,Victoria,AUS,Australia,2.9371,http://linked.data.gov.au/dataset/asgsed3/SA2/208021182,12386.0474006871,4724659.72237857
848,208021426,Bentleigh East - North,3,Name change,20802,Glen Eira,208,Melbourne - Inner South,2GMEL,Greater Melbourne,2,Victoria,AUS,Australia,4.5989,http://linked.data.gov.au/dataset/asgsed3/SA2/208021426,11262.012569108,7401455.7597101
849,208021427,Bentleigh East - South,3,Name change,20802,Glen Eira,208,Melbourne - Inner South,2GMEL,Greater Melbourne,2,Victoria,AUS,Australia,4.5882,http://linked.data.gov.au/dataset/asgsed3/SA2/208021427,11274.9761077463,7386584.44428604
850,208031183,Aspendale Gardens - Waterways,0,No change,20803,Kingston,208,Melbourne - Inner South,2GMEL,Greater Melbourne,2,Victoria,AUS,Australia,5.3073,http://linked.data.gov.au/dataset/asgsed3/SA2/208031183,13220.7531348482,8565173.55738527
851,208031184,Braeside,0,No change,20803,Kingston,208,Melbourne - Inner South,2GMEL,Greater Melbourne,2,Victoria,AUS,Australia,9.0819,http://linked.data.gov.au/dataset/asgsed3/SA2/208031184,19317.0697356889,14648797.8962601
852,208031185,Carrum - Patterson Lakes,0,No change,20803,Kingston,208,Melbourne - Inner South,2GMEL,Greater Melbourne,2,Victoria,AUS,Australia,5.8242,http://linked.data.gov.au/dataset/asgsed3/SA2/208031185,16464.890803622,9414030.42653729
853,208031186,Chelsea - Bonbeach,0,No change,20803,Kingston,208,Melbourne - Inner South,2GMEL,Greater Melbourne,2,Victoria,AUS,Australia,5.423,http://linked.data.gov.au/dataset/asgsed3/SA2/208031186,12819.0563004585,8761043.99591822
854,208031187,Chelsea Heights,0,No change,20803,Kingston,208,Melbourne - Inner South,2GMEL,Greater Melbourne,2,Victoria,AUS,Australia,3.1958,http://linked.data.gov.au/dataset/asgsed3/SA2/208031187,10092.8948258282,5160136.41456323
855,208031188,Highett (East) - Cheltenham ,3,Name change,20803,Kingston,208,Melbourne - Inner South,2GMEL,Greater Melbourne,2,Victoria,AUS,Australia,8.7376,http://linked.data.gov.au/dataset/asgsed3/SA2/208031188,18935.7003194324,14078156.6621441
856,208031189,Edithvale - Aspendale,0,No change,20803,Kingston,208,Melbourne - Inner South,2GMEL,Greater Melbourne,2,Victoria,AUS,Australia,5.1001,http://linked.data.gov.au/dataset/asgsed3/SA2/208031189,15595.4070414469,8233473.00651629
857,208031190,Mentone,0,No change,20803,Kingston,208,Melbourne - Inner South,2GMEL,Greater Melbourne,2,Victoria,AUS,Australia,4.45,http://linked.data.gov.au/dataset/asgsed3/SA2/208031190,15561.4987797305,7173797.32381478
858,208031191,Moorabbin - Heatherton,0,No change,20803,Kingston,208,Melbourne - Inner South,2GMEL,Greater Melbourne,2,Victoria,AUS,Australia,11.6997,http://linked.data.gov.au/dataset/asgsed3/SA2/208031191,25198.1855559375,18847267.3181872
859,208031192,Moorabbin Airport,0,No change,20803,Kingston,208,Melbourne - Inner South,2GMEL,Greater Melbourne,2,Victoria,AUS,Australia,3.0755,http://linked.data.gov.au/dataset/asgsed3/SA2/208031192,9609.27185079243,4958025.56898421
860,208031193,Mordialloc - Parkdale,0,No change,20803,Kingston,208,Melbourne - Inner South,2GMEL,Greater Melbourne,2,Victoria,AUS,Australia,7.9681,http://linked.data.gov.au/dataset/asgsed3/SA2/208031193,15926.4117995411,12851158.7994344
861,208041194,Malvern - Glen Iris,0,No change,20804,Stonnington - East,208,Melbourne - Inner South,2GMEL,Greater Melbourne,2,Victoria,AUS,Australia,6.1552,http://linked.data.gov.au/dataset/asgsed3/SA2/208041194,16875.6865296382,9890505.07719785
862,208041195,Malvern East,0,No change,20804,Stonnington - East,208,Melbourne - Inner South,2GMEL,Greater Melbourne,2,Victoria,AUS,Australia,7.5666,http://linked.data.gov.au/dataset/asgsed3/SA2/208041195,18469.754172477,12166865.1634102
863,209011196,Bundoora - East,0,No change,20901,Banyule,209,Melbourne - North East,2GMEL,Greater Melbourne,2,Victoria,AUS,Australia,4.0749,http://linked.data.gov.au/dataset/asgsed3/SA2/209011196,12342.9959557518,6520218.14085904
864,209011197,Greensborough,0,No change,20901,Banyule,209,Melbourne - North East,2GMEL,Greater Melbourne,2,Victoria,AUS,Australia,10.0974,http://linked.data.gov.au/dataset/asgsed3/SA2/209011197,24221.9112048373,16156186.5377342
865,209011198,Heidelberg - Rosanna,0,No change,20901,Banyule,209,Melbourne - North East,2GMEL,Greater Melbourne,2,Victoria,AUS,Australia,6.3717,http://linked.data.gov.au/dataset/asgsed3/SA2/209011198,17045.1081515984,10208211.9244364
866,209011199,Heidelberg West,0,No change,20901,Banyule,209,Melbourne - North East,2GMEL,Greater Melbourne,2,Victoria,AUS,Australia,6.6912,http://linked.data.gov.au/dataset/asgsed3/SA2/209011199,15211.1739088333,10719111.7829734
867,209011200,Ivanhoe,0,No change,20901,Banyule,209,Melbourne - North East,2GMEL,Greater Melbourne,2,Victoria,AUS,Australia,5.0498,http://linked.data.gov.au/dataset/asgsed3/SA2/209011200,19814.6404414238,8095843.67340585
868,209011201,Ivanhoe East - Eaglemont,0,No change,20901,Banyule,209,Melbourne - North East,2GMEL,Greater Melbourne,2,Victoria,AUS,Australia,4.2769,http://linked.data.gov.au/dataset/asgsed3/SA2/209011201,14860.1423150813,6857194.63860811
869,209011202,Montmorency - Briar Hill,0,No change,20901,Banyule,209,Melbourne - North East,2GMEL,Greater Melbourne,2,Victoria,AUS,Australia,12.0278,http://linked.data.gov.au/dataset/asgsed3/SA2/209011202,27910.9721333266,19260278.7680088
870,209011203,Viewbank - Yallambie,0,No change,20901,Banyule,209,Melbourne - North East,2GMEL,Greater Melbourne,2,Victoria,AUS,Australia,10.2379,http://linked.data.gov.au/dataset/asgsed3/SA2/209011203,23925.1512508665,16396212.2546261
871,209011204,Watsonia,0,No change,20901,Banyule,209,Melbourne - North East,2GMEL,Greater Melbourne,2,Victoria,AUS,Australia,3.7857,http://linked.data.gov.au/dataset/asgsed3/SA2/209011204,14574.9390918626,6058049.47517127
872,209021205,Kingsbury,0,No change,20902,Darebin - North,209,Melbourne - North East,2GMEL,Greater Melbourne,2,Victoria,AUS,Australia,9.0094,http://linked.data.gov.au/dataset/asgsed3/SA2/209021205,21072.0757506286,14420914.8152062
873,209021428,Preston - East,0,No change,20902,Darebin - North,209,Melbourne - North East,2GMEL,Greater Melbourne,2,Victoria,AUS,Australia,7.7457,http://linked.data.gov.au/dataset/asgsed3/SA2/209021428,15957.4521627618,12406468.0244585
874,209021429,Preston - West,0,No change,20902,Darebin - North,209,Melbourne - North East,2GMEL,Greater Melbourne,2,Victoria,AUS,Australia,3.5679,http://linked.data.gov.au/dataset/asgsed3/SA2/209021429,10370.5165234966,5714610.183374
875,209021523,Reservoir - North East,1,New,20902,Darebin - North,209,Melbourne - North East,2GMEL,Greater Melbourne,2,Victoria,AUS,Australia,4.788,http://linked.data.gov.au/dataset/asgsed3/SA2/209021523,13054.9493559996,7662459.02196073
876,209021524,Reservoir - North West,1,New,20902,Darebin - North,209,Melbourne - North East,2GMEL,Greater Melbourne,2,Victoria,AUS,Australia,4.5297,http://linked.data.gov.au/dataset/asgsed3/SA2/209021524,13941.2629889913,7248660.11462732
877,209021525,Reservoir - South East,1,New,20902,Darebin - North,209,Melbourne - North East,2GMEL,Greater Melbourne,2,Victoria,AUS,Australia,4.1783,http://linked.data.gov.au/dataset/asgsed3/SA2/209021525,12193.3468402384,6690606.07291384
878,209021526,Reservoir - South West,1,New,20902,Darebin - North,209,Melbourne - North East,2GMEL,Greater Melbourne,2,Victoria,AUS,Australia,5.6247,http://linked.data.gov.au/dataset/asgsed3/SA2/209021526,14046.8950892438,9004955.30506276
879,209031209,Eltham,0,No change,20903,Nillumbik - Kinglake,209,Melbourne - North East,2GMEL,Greater Melbourne,2,Victoria,AUS,Australia,19.4882,http://linked.data.gov.au/dataset/asgsed3/SA2/209031209,33185.7954535837,31193778.4452742
880,209031210,Hurstbridge,0,No change,20903,Nillumbik - Kinglake,209,Melbourne - North East,2GMEL,Greater Melbourne,2,Victoria,AUS,Australia,14.8421,http://linked.data.gov.au/dataset/asgsed3/SA2/209031210,36812.9188234598,23708626.2167312
881,209031211,Kinglake,0,No change,20903,Nillumbik - Kinglake,209,Melbourne - North East,2GMEL,Greater Melbourne,2,Victoria,AUS,Australia,319.504,http://linked.data.gov.au/dataset/asgsed3/SA2/209031211,161097.910415726,508398016.632212
882,209031212,Panton Hill - St Andrews,0,No change,20903,Nillumbik - Kinglake,209,Melbourne - North East,2GMEL,Greater Melbourne,2,Victoria,AUS,Australia,292.1978,http://linked.data.gov.au/dataset/asgsed3/SA2/209031212,152667.111003796,466242599.062716
883,209031213,Plenty - Yarrambat,0,No change,20903,Nillumbik - Kinglake,209,Melbourne - North East,2GMEL,Greater Melbourne,2,Victoria,AUS,Australia,29.117,http://linked.data.gov.au/dataset/asgsed3/SA2/209031213,59129.0953158464,46531741.9765844
884,209031214,Research - North Warrandyte,0,No change,20903,Nillumbik - Kinglake,209,Melbourne - North East,2GMEL,Greater Melbourne,2,Victoria,AUS,Australia,49.7946,http://linked.data.gov.au/dataset/asgsed3/SA2/209031214,64355.8598893013,79673913.3217033
885,209031215,Wattle Glen - Diamond Creek,0,No change,20903,Nillumbik - Kinglake,209,Melbourne - North East,2GMEL,Greater Melbourne,2,Victoria,AUS,Australia,26.8245,http://linked.data.gov.au/dataset/asgsed3/SA2/209031215,43602.0508032837,42884475.1973868
886,209041216,Bundoora - North,0,No change,20904,Whittlesea - Wallan,209,Melbourne - North East,2GMEL,Greater Melbourne,2,Victoria,AUS,Australia,4.715,http://linked.data.gov.au/dataset/asgsed3/SA2/209041216,18015.7247848504,7540030.38968896
887,209041217,Bundoora - West,0,No change,20904,Whittlesea - Wallan,209,Melbourne - North East,2GMEL,Greater Melbourne,2,Victoria,AUS,Australia,2.5601,http://linked.data.gov.au/dataset/asgsed3/SA2/209041217,10624.8320937961,4096565.39939653
888,209041220,Mill Park - North,0,No change,20904,Whittlesea - Wallan,209,Melbourne - North East,2GMEL,Greater Melbourne,2,Victoria,AUS,Australia,8.1362,http://linked.data.gov.au/dataset/asgsed3/SA2/209041220,19732.9346479853,13003891.1359923
889,209041221,Mill Park - South,0,No change,20904,Whittlesea - Wallan,209,Melbourne - North East,2GMEL,Greater Melbourne,2,Victoria,AUS,Australia,4.9298,http://linked.data.gov.au/dataset/asgsed3/SA2/209041221,17423.6899226454,7882302.30099227
890,209041223,Thomastown,0,No change,20904,Whittlesea - Wallan,209,Melbourne - North East,2GMEL,Greater Melbourne,2,Victoria,AUS,Australia,14.6852,http://linked.data.gov.au/dataset/asgsed3/SA2/209041223,27179.6623527702,23485895.9451667
891,209041224,Wallan,0,No change,20904,Whittlesea - Wallan,209,Melbourne - North East,2GMEL,Greater Melbourne,2,Victoria,AUS,Australia,507.7457,http://linked.data.gov.au/dataset/asgsed3/SA2/209041224,190363.285456603,805655037.033175
892,209041225,Whittlesea,0,No change,20904,Whittlesea - Wallan,209,Melbourne - North East,2GMEL,Greater Melbourne,2,Victoria,AUS,Australia,297.9798,http://linked.data.gov.au/dataset/asgsed3/SA2/209041225,119214.156988734,474230456.544919
893,209041431,Epping - East,0,No change,20904,Whittlesea - Wallan,209,Melbourne - North East,2GMEL,Greater Melbourne,2,Victoria,AUS,Australia,7.7691,http://linked.data.gov.au/dataset/asgsed3/SA2/209041431,15311.4967621628,12409632.6598592
894,209041432,Epping - South,0,No change,20904,Whittlesea - Wallan,209,Melbourne - North East,2GMEL,Greater Melbourne,2,Victoria,AUS,Australia,15.8714,http://linked.data.gov.au/dataset/asgsed3/SA2/209041432,35369.4131806722,25354244.8816236
895,209041433,Epping (Vic.) - West,3,Name change,20904,Whittlesea - Wallan,209,Melbourne - North East,2GMEL,Greater Melbourne,2,Victoria,AUS,Australia,7.3573,http://linked.data.gov.au/dataset/asgsed3/SA2/209041433,14372.8445864477,11751161.9902385
896,209041435,South Morang - North,3,Name change,20904,Whittlesea - Wallan,209,Melbourne - North East,2GMEL,Greater Melbourne,2,Victoria,AUS,Australia,13.7094,http://linked.data.gov.au/dataset/asgsed3/SA2/209041435,25930.4203263821,21891465.5760945
897,209041436,South Morang - South,3,Name change,20904,Whittlesea - Wallan,209,Melbourne - North East,2GMEL,Greater Melbourne,2,Victoria,AUS,Australia,7.7445,http://linked.data.gov.au/dataset/asgsed3/SA2/209041436,21771.9716637093,12374209.114875
898,209041437,Wollert,0,No change,20904,Whittlesea - Wallan,209,Melbourne - North East,2GMEL,Greater Melbourne,2,Victoria,AUS,Australia,53.892,http://linked.data.gov.au/dataset/asgsed3/SA2/209041437,43848.1328453824,85980673.5941293
899,209041527,Doreen - North,1,New,20904,Whittlesea - Wallan,209,Melbourne - North East,2GMEL,Greater Melbourne,2,Victoria,AUS,Australia,9.4393,http://linked.data.gov.au/dataset/asgsed3/SA2/209041527,19085.8440510016,15058637.305554
900,209041528,Doreen - South,1,New,20904,Whittlesea - Wallan,209,Melbourne - North East,2GMEL,Greater Melbourne,2,Victoria,AUS,Australia,5.0223,http://linked.data.gov.au/dataset/asgsed3/SA2/209041528,14362.9873136407,8017095.80265358
901,209041529,Lalor - East,1,New,20904,Whittlesea - Wallan,209,Melbourne - North East,2GMEL,Greater Melbourne,2,Victoria,AUS,Australia,3.3232,http://linked.data.gov.au/dataset/asgsed3/SA2/209041529,11279.3383373827,5312908.56888977
902,209041530,Lalor - West,1,New,20904,Whittlesea - Wallan,209,Melbourne - North East,2GMEL,Greater Melbourne,2,Victoria,AUS,Australia,8.7363,http://linked.data.gov.au/dataset/asgsed3/SA2/209041530,18120.7755975201,13965038.9524326
903,209041531,Mernda - North,1,New,20904,Whittlesea - Wallan,209,Melbourne - North East,2GMEL,Greater Melbourne,2,Victoria,AUS,Australia,15.1961,http://linked.data.gov.au/dataset/asgsed3/SA2/209041531,24939.3023878441,24239630.7532692
904,209041532,Mernda - South,1,New,20904,Whittlesea - Wallan,209,Melbourne - North East,2GMEL,Greater Melbourne,2,Victoria,AUS,Australia,8.6268,http://linked.data.gov.au/dataset/asgsed3/SA2/209041532,19566.2505802059,13769214.4960154
905,210011226,Airport West,0,No change,21001,Keilor,210,Melbourne - North West,2GMEL,Greater Melbourne,2,Victoria,AUS,Australia,3.7194,http://linked.data.gov.au/dataset/asgsed3/SA2/210011226,10367.4647939825,5955747.45161633
906,210011227,Essendon Airport,0,No change,21001,Keilor,210,Melbourne - North West,2GMEL,Greater Melbourne,2,Victoria,AUS,Australia,3.3549,http://linked.data.gov.au/dataset/asgsed3/SA2/210011227,11636.9523481951,5372006.62699575
907,210011228,Keilor,0,No change,21001,Keilor,210,Melbourne - North West,2GMEL,Greater Melbourne,2,Victoria,AUS,Australia,17.512,http://linked.data.gov.au/dataset/asgsed3/SA2/210011228,34538.1467080175,28035280.8856326
908,210011230,Niddrie - Essendon West,0,No change,21001,Keilor,210,Melbourne - North West,2GMEL,Greater Melbourne,2,Victoria,AUS,Australia,2.8027,http://linked.data.gov.au/dataset/asgsed3/SA2/210011230,13520.6619394363,4490434.34560103
909,210011231,Strathmore,0,No change,21001,Keilor,210,Melbourne - North West,2GMEL,Greater Melbourne,2,Victoria,AUS,Australia,4.1444,http://linked.data.gov.au/dataset/asgsed3/SA2/210011231,20604.2205576058,6637254.20583762
910,210011533,Avondale Heights,1,New,21001,Keilor,210,Melbourne - North West,2GMEL,Greater Melbourne,2,Victoria,AUS,Australia,5.4087,http://linked.data.gov.au/dataset/asgsed3/SA2/210011533,14703.0764726232,8668279.80825658
911,210011534,Keilor East,1,New,21001,Keilor,210,Melbourne - North West,2GMEL,Greater Melbourne,2,Victoria,AUS,Australia,5.4828,http://linked.data.gov.au/dataset/asgsed3/SA2/210011534,12821.8192542734,8783841.69590637
912,210021232,Gisborne,0,No change,21002,Macedon Ranges,210,Melbourne - North West,2GMEL,Greater Melbourne,2,Victoria,AUS,Australia,211.057,http://linked.data.gov.au/dataset/asgsed3/SA2/210021232,110796.190143172,335869198.014252
913,210021233,Macedon,0,No change,21002,Macedon Ranges,210,Melbourne - North West,2GMEL,Greater Melbourne,2,Victoria,AUS,Australia,72.9902,http://linked.data.gov.au/dataset/asgsed3/SA2/210021233,61237.0488541815,115898396.186051
914,210021234,Riddells Creek,0,No change,21002,Macedon Ranges,210,Melbourne - North West,2GMEL,Greater Melbourne,2,Victoria,AUS,Australia,83.3503,http://linked.data.gov.au/dataset/asgsed3/SA2/210021234,76802.8064253137,132440853.52536
915,210021235,Romsey,0,No change,21002,Macedon Ranges,210,Melbourne - North West,2GMEL,Greater Melbourne,2,Victoria,AUS,Australia,624.7097,http://linked.data.gov.au/dataset/asgsed3/SA2/210021235,218325.301873081,990330702.45378
916,210031236,Coburg North,0,No change,21003,Moreland - North,210,Melbourne - North West,2GMEL,Greater Melbourne,2,Victoria,AUS,Australia,4.8779,http://linked.data.gov.au/dataset/asgsed3/SA2/210031236,12228.8753239579,7811147.86585236
917,210031237,Fawkner,0,No change,21003,Moreland - North,210,Melbourne - North West,2GMEL,Greater Melbourne,2,Victoria,AUS,Australia,5.0848,http://linked.data.gov.au/dataset/asgsed3/SA2/210031237,14484.1070773781,8137427.76628322
918,210031439,Gowanbrae,0,No change,21003,Moreland - North,210,Melbourne - North West,2GMEL,Greater Melbourne,2,Victoria,AUS,Australia,1.5225,http://linked.data.gov.au/dataset/asgsed3/SA2/210031439,7933.09183591495,2436628.09867272
919,210031440,Hadfield,0,No change,21003,Moreland - North,210,Melbourne - North West,2GMEL,Greater Melbourne,2,Victoria,AUS,Australia,3.0502,http://linked.data.gov.au/dataset/asgsed3/SA2/210031440,9751.54112279602,4882126.62716043
920,210031535,Glenroy - East,1,New,21003,Moreland - North,210,Melbourne - North West,2GMEL,Greater Melbourne,2,Victoria,AUS,Australia,6.2473,http://linked.data.gov.au/dataset/asgsed3/SA2/210031535,16678.5722728532,9997180.4696061
921,210031536,Glenroy - West,1,New,21003,Moreland - North,210,Melbourne - North West,2GMEL,Greater Melbourne,2,Victoria,AUS,Australia,2.6109,http://linked.data.gov.au/dataset/asgsed3/SA2/210031536,9162.7368942768,4178377.65585956
922,210031537,Oak Park,1,New,21003,Moreland - North,210,Melbourne - North West,2GMEL,Greater Melbourne,2,Victoria,AUS,Australia,2.3533,http://linked.data.gov.au/dataset/asgsed3/SA2/210031537,14392.2665696949,3768181.61605705
923,210031538,Pascoe Vale,1,New,21003,Moreland - North,210,Melbourne - North West,2GMEL,Greater Melbourne,2,Victoria,AUS,Australia,4.631,http://linked.data.gov.au/dataset/asgsed3/SA2/210031538,11662.3270333873,7413329.01798773
924,210041240,Sunbury,0,No change,21004,Sunbury,210,Melbourne - North West,2GMEL,Greater Melbourne,2,Victoria,AUS,Australia,129.5487,http://linked.data.gov.au/dataset/asgsed3/SA2/210041240,94742.3163548235,206402163.256027
925,210041539,Diggers Rest,1,New,21004,Sunbury,210,Melbourne - North West,2GMEL,Greater Melbourne,2,Victoria,AUS,Australia,51.8922,http://linked.data.gov.au/dataset/asgsed3/SA2/210041539,47905.7383201489,82845260.9242796
926,210041540,Sunbury - South,1,New,21004,Sunbury,210,Melbourne - North West,2GMEL,Greater Melbourne,2,Victoria,AUS,Australia,41.4496,http://linked.data.gov.au/dataset/asgsed3/SA2/210041540,41792.3604343744,66169975.1167285
927,210041541,Sunbury - West,1,New,21004,Sunbury,210,Melbourne - North West,2GMEL,Greater Melbourne,2,Victoria,AUS,Australia,37.7941,http://linked.data.gov.au/dataset/asgsed3/SA2/210041541,39804.8169008411,60212895.5529379
928,210051242,Broadmeadows,0,No change,21005,Tullamarine - Broadmeadows,210,Melbourne - North West,2GMEL,Greater Melbourne,2,Victoria,AUS,Australia,8.8268,http://linked.data.gov.au/dataset/asgsed3/SA2/210051242,19263.9028588943,14117272.7247044
929,210051243,Campbellfield - Coolaroo,0,No change,21005,Tullamarine - Broadmeadows,210,Melbourne - North West,2GMEL,Greater Melbourne,2,Victoria,AUS,Australia,18.1867,http://linked.data.gov.au/dataset/asgsed3/SA2/210051243,28450.9992391283,29072113.0386809
930,210051245,Gladstone Park - Westmeadows,0,No change,21005,Tullamarine - Broadmeadows,210,Melbourne - North West,2GMEL,Greater Melbourne,2,Victoria,AUS,Australia,13.936,http://linked.data.gov.au/dataset/asgsed3/SA2/210051245,23859.1371149706,22286152.8037678
931,210051246,Greenvale - Bulla,0,No change,21005,Tullamarine - Broadmeadows,210,Melbourne - North West,2GMEL,Greater Melbourne,2,Victoria,AUS,Australia,95.906,http://linked.data.gov.au/dataset/asgsed3/SA2/210051246,106035.178244477,153144721.01466
932,210051247,Meadow Heights,0,No change,21005,Tullamarine - Broadmeadows,210,Melbourne - North West,2GMEL,Greater Melbourne,2,Victoria,AUS,Australia,4.6252,http://linked.data.gov.au/dataset/asgsed3/SA2/210051247,11018.7638795274,7391177.41121453
933,210051248,Melbourne Airport,0,No change,21005,Tullamarine - Broadmeadows,210,Melbourne - North West,2GMEL,Greater Melbourne,2,Victoria,AUS,Australia,30.3848,http://linked.data.gov.au/dataset/asgsed3/SA2/210051248,43533.4410075463,48587553.6384354
934,210051250,Tullamarine,0,No change,21005,Tullamarine - Broadmeadows,210,Melbourne - North West,2GMEL,Greater Melbourne,2,Victoria,AUS,Australia,3.8595,http://linked.data.gov.au/dataset/asgsed3/SA2/210051250,12842.2409742467,6174997.171541
935,210051441,Craigieburn - Central,0,No change,21005,Tullamarine - Broadmeadows,210,Melbourne - North West,2GMEL,Greater Melbourne,2,Victoria,AUS,Australia,3.9685,http://linked.data.gov.au/dataset/asgsed3/SA2/210051441,13204.0090360947,6331644.34287817
936,210051442,Craigieburn - North,0,No change,21005,Tullamarine - Broadmeadows,210,Melbourne - North West,2GMEL,Greater Melbourne,2,Victoria,AUS,Australia,13.3514,http://linked.data.gov.au/dataset/asgsed3/SA2/210051442,30171.6667832595,21290362.0303815
937,210051443,Craigieburn - South,0,No change,21005,Tullamarine - Broadmeadows,210,Melbourne - North West,2GMEL,Greater Melbourne,2,Victoria,AUS,Australia,11.9142,http://linked.data.gov.au/dataset/asgsed3/SA2/210051443,26636.1291780345,19014975.7818698
938,210051445,Mickleham - Yuroke,0,No change,21005,Tullamarine - Broadmeadows,210,Melbourne - North West,2GMEL,Greater Melbourne,2,Victoria,AUS,Australia,70.8359,http://linked.data.gov.au/dataset/asgsed3/SA2/210051445,66026.8559178271,112871691.339
939,210051542,Craigieburn - North West,1,New,21005,Tullamarine - Broadmeadows,210,Melbourne - North West,2GMEL,Greater Melbourne,2,Victoria,AUS,Australia,1.9198,http://linked.data.gov.au/dataset/asgsed3/SA2/210051542,8390.31531839202,3060914.68065906
940,210051543,Craigieburn - West,1,New,21005,Tullamarine - Broadmeadows,210,Melbourne - North West,2GMEL,Greater Melbourne,2,Victoria,AUS,Australia,4.089,http://linked.data.gov.au/dataset/asgsed3/SA2/210051543,11301.2667613653,6523449.87625021
941,210051544,Roxburgh Park (South) - Somerton,1,New,21005,Tullamarine - Broadmeadows,210,Melbourne - North West,2GMEL,Greater Melbourne,2,Victoria,AUS,Australia,8.8762,http://linked.data.gov.au/dataset/asgsed3/SA2/210051544,19599.8753575688,14177437.20209
942,210051545,Roxburgh Park - North,1,New,21005,Tullamarine - Broadmeadows,210,Melbourne - North West,2GMEL,Greater Melbourne,2,Victoria,AUS,Australia,3.4138,http://linked.data.gov.au/dataset/asgsed3/SA2/210051545,11764.8118080655,5451131.8821098
943,211011251,Bayswater,0,No change,21101,Knox,211,Melbourne - Outer East,2GMEL,Greater Melbourne,2,Victoria,AUS,Australia,8.0437,http://linked.data.gov.au/dataset/asgsed3/SA2/211011251,18851.5964072921,12920830.391893
944,211011254,Knoxfield - Scoresby,0,No change,21101,Knox,211,Melbourne - Outer East,2GMEL,Greater Melbourne,2,Victoria,AUS,Australia,15.2651,http://linked.data.gov.au/dataset/asgsed3/SA2/211011254,37564.3631535112,24555241.8662238
945,211011255,Lysterfield,0,No change,21101,Knox,211,Melbourne - Outer East,2GMEL,Greater Melbourne,2,Victoria,AUS,Australia,18.494,http://linked.data.gov.au/dataset/asgsed3/SA2/211011255,27190.5524163789,29772428.92539
946,211011256,Rowville - Central,0,No change,21101,Knox,211,Melbourne - Outer East,2GMEL,Greater Melbourne,2,Victoria,AUS,Australia,8.2003,http://linked.data.gov.au/dataset/asgsed3/SA2/211011256,20533.1728604224,13198729.3951732
947,211011257,Rowville - North,0,No change,21101,Knox,211,Melbourne - Outer East,2GMEL,Greater Melbourne,2,Victoria,AUS,Australia,4.1688,http://linked.data.gov.au/dataset/asgsed3/SA2/211011257,13791.8748562473,6707159.96659748
948,211011258,Rowville - South,0,No change,21101,Knox,211,Melbourne - Outer East,2GMEL,Greater Melbourne,2,Victoria,AUS,Australia,9.3532,http://linked.data.gov.au/dataset/asgsed3/SA2/211011258,22503.6152576941,15061273.3156899
949,211011259,Wantirna,0,No change,21101,Knox,211,Melbourne - Outer East,2GMEL,Greater Melbourne,2,Victoria,AUS,Australia,8.3064,http://linked.data.gov.au/dataset/asgsed3/SA2/211011259,18677.6336270744,13345231.2525127
950,211011260,Wantirna South,0,No change,21101,Knox,211,Melbourne - Outer East,2GMEL,Greater Melbourne,2,Victoria,AUS,Australia,13.3559,http://linked.data.gov.au/dataset/asgsed3/SA2/211011260,29809.3762465228,21470382.1234579
951,211011446,Boronia,0,No change,21101,Knox,211,Melbourne - Outer East,2GMEL,Greater Melbourne,2,Victoria,AUS,Australia,11.2631,http://linked.data.gov.au/dataset/asgsed3/SA2/211011446,28755.6590003335,18098220.314435
952,211011447,Ferntree Gully - North,3,Name change,21101,Knox,211,Melbourne - Outer East,2GMEL,Greater Melbourne,2,Victoria,AUS,Australia,6.9851,http://linked.data.gov.au/dataset/asgsed3/SA2/211011447,19306.3147431388,11230256.1765093
953,211011448,Ferntree Gully (South) - Upper Ferntree Gully,0,No change,21101,Knox,211,Melbourne - Outer East,2GMEL,Greater Melbourne,2,Victoria,AUS,Australia,9.1499,http://linked.data.gov.au/dataset/asgsed3/SA2/211011448,23111.9846949172,14717072.5929666
954,211011449,The Basin,0,No change,21101,Knox,211,Melbourne - Outer East,2GMEL,Greater Melbourne,2,Victoria,AUS,Australia,5.7163,http://linked.data.gov.au/dataset/asgsed3/SA2/211011449,17782.95995272,9184508.02784954
955,211021261,Donvale - Park Orchards,0,No change,21102,Manningham - East,211,Melbourne - Outer East,2GMEL,Greater Melbourne,2,Victoria,AUS,Australia,20.8028,http://linked.data.gov.au/dataset/asgsed3/SA2/211021261,33813.9926325311,33361430.4121859
956,211021262,Warrandyte - Wonga Park,0,No change,21102,Manningham - East,211,Melbourne - Outer East,2GMEL,Greater Melbourne,2,Victoria,AUS,Australia,45.7591,http://linked.data.gov.au/dataset/asgsed3/SA2/211021262,73184.0840724127,73303064.5340734
957,211031263,Bayswater North,0,No change,21103,Maroondah,211,Melbourne - Outer East,2GMEL,Greater Melbourne,2,Victoria,AUS,Australia,9.909,http://linked.data.gov.au/dataset/asgsed3/SA2/211031263,22637.9200414913,15910438.7989565
958,211031265,Croydon Hills - Warranwood,0,No change,21103,Maroondah,211,Melbourne - Outer East,2GMEL,Greater Melbourne,2,Victoria,AUS,Australia,9.492,http://linked.data.gov.au/dataset/asgsed3/SA2/211031265,18129.3549176855,15217914.5996728
959,211031266,Ringwood,0,No change,21103,Maroondah,211,Melbourne - Outer East,2GMEL,Greater Melbourne,2,Victoria,AUS,Australia,9.9105,http://linked.data.gov.au/dataset/asgsed3/SA2/211031266,25936.4655286054,15905771.9571284
960,211031267,Ringwood East,0,No change,21103,Maroondah,211,Melbourne - Outer East,2GMEL,Greater Melbourne,2,Victoria,AUS,Australia,9.3929,http://linked.data.gov.au/dataset/asgsed3/SA2/211031267,21326.4116301341,15078592.5728483
961,211031268,Ringwood North,0,No change,21103,Maroondah,211,Melbourne - Outer East,2GMEL,Greater Melbourne,2,Victoria,AUS,Australia,4.7307,http://linked.data.gov.au/dataset/asgsed3/SA2/211031268,14506.884034798,7589043.98050673
962,211031450,Croydon - East,0,No change,21103,Maroondah,211,Melbourne - Outer East,2GMEL,Greater Melbourne,2,Victoria,AUS,Australia,8.0982,http://linked.data.gov.au/dataset/asgsed3/SA2/211031450,16992.0669055125,12993295.2226426
963,211031451,Croydon - West,0,No change,21103,Maroondah,211,Melbourne - Outer East,2GMEL,Greater Melbourne,2,Victoria,AUS,Australia,6.7979,http://linked.data.gov.au/dataset/asgsed3/SA2/211031451,18775.9863330059,10903476.2573634
964,211031452,Croydon South,0,No change,21103,Maroondah,211,Melbourne - Outer East,2GMEL,Greater Melbourne,2,Victoria,AUS,Australia,2.856,http://linked.data.gov.au/dataset/asgsed3/SA2/211031452,13375.656326337,4583764.03359985
965,211041269,Forest Hill,0,No change,21104,Whitehorse - East,211,Melbourne - Outer East,2GMEL,Greater Melbourne,2,Victoria,AUS,Australia,4.0702,http://linked.data.gov.au/dataset/asgsed3/SA2/211041269,14224.3627587844,6537655.23591096
966,211041270,Mitcham (Vic.),0,No change,21104,Whitehorse - East,211,Melbourne - Outer East,2GMEL,Greater Melbourne,2,Victoria,AUS,Australia,6.6271,http://linked.data.gov.au/dataset/asgsed3/SA2/211041270,14593.668690835,10637459.4199259
967,211041271,Nunawading,0,No change,21104,Whitehorse - East,211,Melbourne - Outer East,2GMEL,Greater Melbourne,2,Victoria,AUS,Australia,5.0785,http://linked.data.gov.au/dataset/asgsed3/SA2/211041271,15497.7266886831,8151144.01873763
968,211041272,Vermont,0,No change,21104,Whitehorse - East,211,Melbourne - Outer East,2GMEL,Greater Melbourne,2,Victoria,AUS,Australia,4.6098,http://linked.data.gov.au/dataset/asgsed3/SA2/211041272,12507.914148791,7402949.08841555
969,211041273,Vermont South,0,No change,21104,Whitehorse - East,211,Melbourne - Outer East,2GMEL,Greater Melbourne,2,Victoria,AUS,Australia,6.184,http://linked.data.gov.au/dataset/asgsed3/SA2/211041273,16599.4755611012,9935946.19223676
970,211051274,Belgrave - Selby,0,No change,21105,Yarra Ranges,211,Melbourne - Outer East,2GMEL,Greater Melbourne,2,Victoria,AUS,Australia,55.652,http://linked.data.gov.au/dataset/asgsed3/SA2/211051274,56065.8593099583,89620001.4057587
971,211051275,Chirnside Park,0,No change,21105,Yarra Ranges,211,Melbourne - Outer East,2GMEL,Greater Melbourne,2,Victoria,AUS,Australia,22.2024,http://linked.data.gov.au/dataset/asgsed3/SA2/211051275,29531.0982481355,35562825.3443747
972,211051276,Healesville - Yarra Glen,0,No change,21105,Yarra Ranges,211,Melbourne - Outer East,2GMEL,Greater Melbourne,2,Victoria,AUS,Australia,369.5236,http://linked.data.gov.au/dataset/asgsed3/SA2/211051276,170366.980297521,590102178.05621
973,211051277,Kilsyth,0,No change,21105,Yarra Ranges,211,Melbourne - Outer East,2GMEL,Greater Melbourne,2,Victoria,AUS,Australia,8.2426,http://linked.data.gov.au/dataset/asgsed3/SA2/211051277,23481.9590834035,13229174.9316855
974,211051278,Lilydale - Coldstream,0,No change,21105,Yarra Ranges,211,Melbourne - Outer East,2GMEL,Greater Melbourne,2,Victoria,AUS,Australia,109.3817,http://linked.data.gov.au/dataset/asgsed3/SA2/211051278,107517.838209477,175083599.059327
975,211051279,Monbulk - Silvan,0,No change,21105,Yarra Ranges,211,Melbourne - Outer East,2GMEL,Greater Melbourne,2,Victoria,AUS,Australia,68.5553,http://linked.data.gov.au/dataset/asgsed3/SA2/211051279,73626.8161023589,110178180.210829
976,211051280,Montrose,0,No change,21105,Yarra Ranges,211,Melbourne - Outer East,2GMEL,Greater Melbourne,2,Victoria,AUS,Australia,10.5431,http://linked.data.gov.au/dataset/asgsed3/SA2/211051280,24211.2324567426,16920349.873104
977,211051281,Mooroolbark,0,No change,21105,Yarra Ranges,211,Melbourne - Outer East,2GMEL,Greater Melbourne,2,Victoria,AUS,Australia,12.5434,http://linked.data.gov.au/dataset/asgsed3/SA2/211051281,25123.9713110953,20115013.5670701
978,211051282,Mount Dandenong - Olinda,0,No change,21105,Yarra Ranges,211,Melbourne - Outer East,2GMEL,Greater Melbourne,2,Victoria,AUS,Australia,81.8993,http://linked.data.gov.au/dataset/asgsed3/SA2/211051282,87302.5469101215,131616290.707542
979,211051283,Mount Evelyn,0,No change,21105,Yarra Ranges,211,Melbourne - Outer East,2GMEL,Greater Melbourne,2,Victoria,AUS,Australia,16.9894,http://linked.data.gov.au/dataset/asgsed3/SA2/211051283,27923.8128161656,27248637.5654833
980,211051284,Upwey - Tecoma,0,No change,21105,Yarra Ranges,211,Melbourne - Outer East,2GMEL,Greater Melbourne,2,Victoria,AUS,Australia,8.8907,http://linked.data.gov.au/dataset/asgsed3/SA2/211051284,20809.8932676773,14304885.7484094
981,211051285,Wandin - Seville,0,No change,21105,Yarra Ranges,211,Melbourne - Outer East,2GMEL,Greater Melbourne,2,Victoria,AUS,Australia,111.7555,http://linked.data.gov.au/dataset/asgsed3/SA2/211051285,86239.7565212023,179108669.819466
982,211051286,Yarra Valley,0,No change,21105,Yarra Ranges,211,Melbourne - Outer East,2GMEL,Greater Melbourne,2,Victoria,AUS,Australia,729.7582,http://linked.data.gov.au/dataset/asgsed3/SA2/211051286,221016.251170121,1169802756.89794
983,212011289,Emerald - Cockatoo,0,No change,21201,Cardinia,212,Melbourne - South East,2GMEL,Greater Melbourne,2,Victoria,AUS,Australia,371.6241,http://linked.data.gov.au/dataset/asgsed3/SA2/212011289,198419.045773579,598686944.78609
984,212011546,Beaconsfield - Officer,1,New,21201,Cardinia,212,Melbourne - South East,2GMEL,Greater Melbourne,2,Victoria,AUS,Australia,33.2503,http://linked.data.gov.au/dataset/asgsed3/SA2/212011546,44262.5744352352,53696778.1389289
985,212011547,Bunyip - Garfield,1,New,21201,Cardinia,212,Melbourne - South East,2GMEL,Greater Melbourne,2,Victoria,AUS,Australia,365.9627,http://linked.data.gov.au/dataset/asgsed3/SA2/212011547,134528.413765455,591592791.593149
986,212011548,Koo Wee Rup,1,New,21201,Cardinia,212,Melbourne - South East,2GMEL,Greater Melbourne,2,Victoria,AUS,Australia,414.663,http://linked.data.gov.au/dataset/asgsed3/SA2/212011548,166731.208939564,672646263.33795
987,212011549,Pakenham - North East,1,New,21201,Cardinia,212,Melbourne - South East,2GMEL,Greater Melbourne,2,Victoria,AUS,Australia,18.929,http://linked.data.gov.au/dataset/asgsed3/SA2/212011549,30720.5100736739,30576938.5367789
988,212011550,Pakenham - North West,1,New,21201,Cardinia,212,Melbourne - South East,2GMEL,Greater Melbourne,2,Victoria,AUS,Australia,24.6776,http://linked.data.gov.au/dataset/asgsed3/SA2/212011550,30468.4572815552,39851087.015828
989,212011551,Pakenham - South East,1,New,21201,Cardinia,212,Melbourne - South East,2GMEL,Greater Melbourne,2,Victoria,AUS,Australia,30.9414,http://linked.data.gov.au/dataset/asgsed3/SA2/212011551,31180.5936504742,50036051.9103786
990,212011552,Pakenham - South West,1,New,21201,Cardinia,212,Melbourne - South East,2GMEL,Greater Melbourne,2,Victoria,AUS,Australia,22.2782,http://linked.data.gov.au/dataset/asgsed3/SA2/212011552,29221.312418577,36024784.6471729
991,212021293,Berwick - North,0,No change,21202,Casey - North,212,Melbourne - South East,2GMEL,Greater Melbourne,2,Victoria,AUS,Australia,19.748,http://linked.data.gov.au/dataset/asgsed3/SA2/212021293,29292.9423277077,31875404.0328682
992,212021295,Doveton,0,No change,21202,Casey - North,212,Melbourne - South East,2GMEL,Greater Melbourne,2,Victoria,AUS,Australia,5.1935,http://linked.data.gov.au/dataset/asgsed3/SA2/212021295,15467.854158299,8374772.52065539
993,212021297,Hallam,0,No change,21202,Casey - North,212,Melbourne - South East,2GMEL,Greater Melbourne,2,Victoria,AUS,Australia,8.0565,http://linked.data.gov.au/dataset/asgsed3/SA2/212021297,15818.7113442441,12998028.7150242
994,212021299,Narre Warren North,0,No change,21202,Casey - North,212,Melbourne - South East,2GMEL,Greater Melbourne,2,Victoria,AUS,Australia,34.4086,http://linked.data.gov.au/dataset/asgsed3/SA2/212021299,41882.7598961636,55482021.2836399
995,212021453,Endeavour Hills - North,0,No change,21202,Casey - North,212,Melbourne - South East,2GMEL,Greater Melbourne,2,Victoria,AUS,Australia,14.4746,http://linked.data.gov.au/dataset/asgsed3/SA2/212021453,21119.8554919517,23322386.2573418
996,212021454,Endeavour Hills - South,0,No change,21202,Casey - North,212,Melbourne - South East,2GMEL,Greater Melbourne,2,Victoria,AUS,Australia,5.5873,http://linked.data.gov.au/dataset/asgsed3/SA2/212021454,13292.3171534389,9009025.56289799
997,212021455,Narre Warren - North East,0,No change,21202,Casey - North,212,Melbourne - South East,2GMEL,Greater Melbourne,2,Victoria,AUS,Australia,4.874,http://linked.data.gov.au/dataset/asgsed3/SA2/212021455,14291.9600287208,7863178.59231739
998,212021456,Narre Warren - South West,0,No change,21202,Casey - North,212,Melbourne - South East,2GMEL,Greater Melbourne,2,Victoria,AUS,Australia,9.3054,http://linked.data.gov.au/dataset/asgsed3/SA2/212021456,20472.1736827746,15020203.0657553
999,212021553,Berwick - South East,1,New,21202,Casey - North,212,Melbourne - South East,2GMEL,Greater Melbourne,2,Victoria,AUS,Australia,9.8836,http://linked.data.gov.au/dataset/asgsed3/SA2/212021553,19740.0683552523,15970953.2218256
1000,212021554,Berwick - South West,1,New,21202,Casey - North,212,Melbourne - South East,2GMEL,Greater Melbourne,2,Victoria,AUS,Australia,4.9713,http://linked.data.gov.au/dataset/asgsed3/SA2/212021554,14591.1241701401,8031240.90164785
1001,212031300,Cranbourne,0,No change,21203,Casey - South,212,Melbourne - South East,2GMEL,Greater Melbourne,2,Victoria,AUS,Australia,13.027,http://linked.data.gov.au/dataset/asgsed3/SA2/212031300,22868.9723406952,21073691.318462
1002,212031303,Cranbourne South,0,No change,21203,Casey - South,212,Melbourne - South East,2GMEL,Greater Melbourne,2,Victoria,AUS,Australia,81.662,http://linked.data.gov.au/dataset/asgsed3/SA2/212031303,53403.8352797348,132266933.979127
1003,212031304,Cranbourne West,0,No change,21203,Casey - South,212,Melbourne - South East,2GMEL,Greater Melbourne,2,Victoria,AUS,Australia,12.898,http://linked.data.gov.au/dataset/asgsed3/SA2/212031304,21888.3929860319,20863001.1066169
1004,212031306,Lynbrook - Lyndhurst,0,No change,21203,Casey - South,212,Melbourne - South East,2GMEL,Greater Melbourne,2,Victoria,AUS,Australia,7.3583,http://linked.data.gov.au/dataset/asgsed3/SA2/212031306,17510.2988331175,11889154.4057909
1005,212031308,Pearcedale - Tooradin,0,No change,21203,Casey - South,212,Melbourne - South East,2GMEL,Greater Melbourne,2,Victoria,AUS,Australia,98.5112,http://linked.data.gov.au/dataset/asgsed3/SA2/212031308,77634.7277696106,159787557.870211
1006,212031457,Narre Warren South - East,3,Name change,21203,Casey - South,212,Melbourne - South East,2GMEL,Greater Melbourne,2,Victoria,AUS,Australia,6.2204,http://linked.data.gov.au/dataset/asgsed3/SA2/212031457,14074.5994807147,10049960.4072387
1007,212031458,Narre Warren South - West,3,Name change,21203,Casey - South,212,Melbourne - South East,2GMEL,Greater Melbourne,2,Victoria,AUS,Australia,6.7771,http://linked.data.gov.au/dataset/asgsed3/SA2/212031458,15965.8286404425,10946111.6503876
1008,212031555,Clyde North - North,1,New,21203,Casey - South,212,Melbourne - South East,2GMEL,Greater Melbourne,2,Victoria,AUS,Australia,6.8833,http://linked.data.gov.au/dataset/asgsed3/SA2/212031555,16342.3573263259,11128681.6121789
1009,212031556,Clyde North - South,1,New,21203,Casey - South,212,Melbourne - South East,2GMEL,Greater Melbourne,2,Victoria,AUS,Australia,19.6543,http://linked.data.gov.au/dataset/asgsed3/SA2/212031556,24386.5415374233,31795537.6457422
1010,212031557,Cranbourne East - North,1,New,21203,Casey - South,212,Melbourne - South East,2GMEL,Greater Melbourne,2,Victoria,AUS,Australia,11.0254,http://linked.data.gov.au/dataset/asgsed3/SA2/212031557,17634.7904723497,17834115.4800877
1011,212031558,Cranbourne East - South,1,New,21203,Casey - South,212,Melbourne - South East,2GMEL,Greater Melbourne,2,Victoria,AUS,Australia,5.3272,http://linked.data.gov.au/dataset/asgsed3/SA2/212031558,12801.1031537574,8621743.34438487
1012,212031559,Cranbourne North - East,1,New,21203,Casey - South,212,Melbourne - South East,2GMEL,Greater Melbourne,2,Victoria,AUS,Australia,5.4545,http://linked.data.gov.au/dataset/asgsed3/SA2/212031559,12599.3247967957,8817733.75010892
1013,212031560,Cranbourne North - West,1,New,21203,Casey - South,212,Melbourne - South East,2GMEL,Greater Melbourne,2,Victoria,AUS,Australia,4.7849,http://linked.data.gov.au/dataset/asgsed3/SA2/212031560,11705.2248895935,7734165.7755488
1014,212031561,Hampton Park - East,1,New,21203,Casey - South,212,Melbourne - South East,2GMEL,Greater Melbourne,2,Victoria,AUS,Australia,8.2189,http://linked.data.gov.au/dataset/asgsed3/SA2/212031561,17005.6380734463,13273129.8833165
1015,212031562,Hampton Park - West,1,New,21203,Casey - South,212,Melbourne - South East,2GMEL,Greater Melbourne,2,Victoria,AUS,Australia,5.1234,http://linked.data.gov.au/dataset/asgsed3/SA2/212031562,11755.934104011,8271396.95496505
1016,212041309,Clarinda - Oakleigh South,0,No change,21204,Dandenong,212,Melbourne - South East,2GMEL,Greater Melbourne,2,Victoria,AUS,Australia,6.3227,http://linked.data.gov.au/dataset/asgsed3/SA2/212041309,15556.7601624611,10181941.9023934
1017,212041310,Clayton South,0,No change,21204,Dandenong,212,Melbourne - South East,2GMEL,Greater Melbourne,2,Victoria,AUS,Australia,7.938,http://linked.data.gov.au/dataset/asgsed3/SA2/212041310,15654.7387571689,12785535.6535237
1018,212041312,Dandenong North,0,No change,21204,Dandenong,212,Melbourne - South East,2GMEL,Greater Melbourne,2,Victoria,AUS,Australia,9.459,http://linked.data.gov.au/dataset/asgsed3/SA2/212041312,18518.6478346069,15238395.0495881
1019,212041313,Dingley Village,0,No change,21204,Dandenong,212,Melbourne - South East,2GMEL,Greater Melbourne,2,Victoria,AUS,Australia,7.2437,http://linked.data.gov.au/dataset/asgsed3/SA2/212041313,14930.2186771918,11676132.7823946
1020,212041316,Noble Park North,0,No change,21204,Dandenong,212,Melbourne - South East,2GMEL,Greater Melbourne,2,Victoria,AUS,Australia,3.7574,http://linked.data.gov.au/dataset/asgsed3/SA2/212041316,13017.7230158921,6053534.80615166
1021,212041317,Springvale,0,No change,21204,Dandenong,212,Melbourne - South East,2GMEL,Greater Melbourne,2,Victoria,AUS,Australia,11.1052,http://linked.data.gov.au/dataset/asgsed3/SA2/212041317,20229.7089868782,17887838.8868283
1022,212041318,Springvale South,0,No change,21204,Dandenong,212,Melbourne - South East,2GMEL,Greater Melbourne,2,Victoria,AUS,Australia,4.56,http://linked.data.gov.au/dataset/asgsed3/SA2/212041318,13438.7164378508,7349372.0078831
1023,212041459,Noble Park - East,0,No change,21204,Dandenong,212,Melbourne - South East,2GMEL,Greater Melbourne,2,Victoria,AUS,Australia,3.7671,http://linked.data.gov.au/dataset/asgsed3/SA2/212041459,14209.5506601183,6071497.22274015
1024,212041460,Noble Park - West,0,No change,21204,Dandenong,212,Melbourne - South East,2GMEL,Greater Melbourne,2,Victoria,AUS,Australia,4.7946,http://linked.data.gov.au/dataset/asgsed3/SA2/212041460,15348.7043395364,7727111.18906374
1025,212041563,Dandenong - North,1,New,21204,Dandenong,212,Melbourne - South East,2GMEL,Greater Melbourne,2,Victoria,AUS,Australia,8.041,http://linked.data.gov.au/dataset/asgsed3/SA2/212041563,17296.238761209,12964455.8165496
1026,212041564,Dandenong - South,1,New,21204,Dandenong,212,Melbourne - South East,2GMEL,Greater Melbourne,2,Victoria,AUS,Australia,53.7832,http://linked.data.gov.au/dataset/asgsed3/SA2/212041564,42898.1604555264,86843700.8901461
1027,212041565,Keysborough - North,1,New,21204,Dandenong,212,Melbourne - South East,2GMEL,Greater Melbourne,2,Victoria,AUS,Australia,6.6053,http://linked.data.gov.au/dataset/asgsed3/SA2/212041565,18295.8694902179,10651094.9244298
1028,212041566,Keysborough - South,1,New,21204,Dandenong,212,Melbourne - South East,2GMEL,Greater Melbourne,2,Victoria,AUS,Australia,23.6738,http://linked.data.gov.au/dataset/asgsed3/SA2/212041566,26235.8263252133,38210551.9307422
1029,212051319,Ashwood - Chadstone,0,No change,21205,Monash,212,Melbourne - South East,2GMEL,Greater Melbourne,2,Victoria,AUS,Australia,6.7088,http://linked.data.gov.au/dataset/asgsed3/SA2/212051319,15088.8896256894,10784453.779621
1030,212051321,Glen Waverley - East,0,No change,21205,Monash,212,Melbourne - South East,2GMEL,Greater Melbourne,2,Victoria,AUS,Australia,9.1645,http://linked.data.gov.au/dataset/asgsed3/SA2/212051321,23727.6176664969,14734653.5613988
1031,212051322,Glen Waverley - West,0,No change,21205,Monash,212,Melbourne - South East,2GMEL,Greater Melbourne,2,Victoria,AUS,Australia,7.6758,http://linked.data.gov.au/dataset/asgsed3/SA2/212051322,16016.4045683395,12341660.9496498
1032,212051323,Mount Waverley - North,0,No change,21205,Monash,212,Melbourne - South East,2GMEL,Greater Melbourne,2,Victoria,AUS,Australia,6.484,http://linked.data.gov.au/dataset/asgsed3/SA2/212051323,13295.1433735078,10421181.1432554
1033,212051324,Mount Waverley - South,0,No change,21205,Monash,212,Melbourne - South East,2GMEL,Greater Melbourne,2,Victoria,AUS,Australia,8.7006,http://linked.data.gov.au/dataset/asgsed3/SA2/212051324,15278.3370821018,13992505.127365
1034,212051325,Mulgrave,0,No change,21205,Monash,212,Melbourne - South East,2GMEL,Greater Melbourne,2,Victoria,AUS,Australia,10.7189,http://linked.data.gov.au/dataset/asgsed3/SA2/212051325,24836.1214811826,17254927.7773363
1035,212051326,Oakleigh - Huntingdale,0,No change,21205,Monash,212,Melbourne - South East,2GMEL,Greater Melbourne,2,Victoria,AUS,Australia,10.1702,http://linked.data.gov.au/dataset/asgsed3/SA2/212051326,18840.8657186028,16364380.4297427
1036,212051327,Wheelers Hill,0,No change,21205,Monash,212,Melbourne - South East,2GMEL,Greater Melbourne,2,Victoria,AUS,Australia,10.4394,http://linked.data.gov.au/dataset/asgsed3/SA2/212051327,20824.9187058297,16796315.9891502
1037,212051567,Clayton (North) - Notting Hill,1,New,21205,Monash,212,Melbourne - South East,2GMEL,Greater Melbourne,2,Victoria,AUS,Australia,5.2293,http://linked.data.gov.au/dataset/asgsed3/SA2/212051567,12595.8493682254,8415041.32258146
1038,212051568,Clayton - Central,1,New,21205,Monash,212,Melbourne - South East,2GMEL,Greater Melbourne,2,Victoria,AUS,Australia,4.1819,http://linked.data.gov.au/dataset/asgsed3/SA2/212051568,11166.0469980136,6731241.74658283
1039,213011328,Ardeer - Albion,0,No change,21301,Brimbank,213,Melbourne - West,2GMEL,Greater Melbourne,2,Victoria,AUS,Australia,4.5883,http://linked.data.gov.au/dataset/asgsed3/SA2/213011328,11580.6857859151,7356624.92588803
1040,213011329,Cairnlea,0,No change,21301,Brimbank,213,Melbourne - West,2GMEL,Greater Melbourne,2,Victoria,AUS,Australia,4.4061,http://linked.data.gov.au/dataset/asgsed3/SA2/213011329,12911.35593065,7060853.55228086
1041,213011331,Delahey,0,No change,21301,Brimbank,213,Melbourne - West,2GMEL,Greater Melbourne,2,Victoria,AUS,Australia,3.5055,http://linked.data.gov.au/dataset/asgsed3/SA2/213011331,9723.6697272618,5612061.70101512
1042,213011332,Keilor Downs,0,No change,21301,Brimbank,213,Melbourne - West,2GMEL,Greater Melbourne,2,Victoria,AUS,Australia,7.6597,http://linked.data.gov.au/dataset/asgsed3/SA2/213011332,21263.1415394055,12264931.9037485
1043,213011333,Kings Park (Vic.),0,No change,21301,Brimbank,213,Melbourne - West,2GMEL,Greater Melbourne,2,Victoria,AUS,Australia,4.4323,http://linked.data.gov.au/dataset/asgsed3/SA2/213011333,11628.0591173308,7098921.96486477
1044,213011334,St Albans - North,0,No change,21301,Brimbank,213,Melbourne - West,2GMEL,Greater Melbourne,2,Victoria,AUS,Australia,6.5225,http://linked.data.gov.au/dataset/asgsed3/SA2/213011334,14254.9912043021,10446537.6119885
1045,213011335,St Albans - South,0,No change,21301,Brimbank,213,Melbourne - West,2GMEL,Greater Melbourne,2,Victoria,AUS,Australia,6.2647,http://linked.data.gov.au/dataset/asgsed3/SA2/213011335,16435.5396686074,10039190.4578106
1046,213011336,Sunshine,0,No change,21301,Brimbank,213,Melbourne - West,2GMEL,Greater Melbourne,2,Victoria,AUS,Australia,4.732,http://linked.data.gov.au/dataset/asgsed3/SA2/213011336,17486.0516554877,7589499.00451782
1047,213011337,Sunshine North,0,No change,21301,Brimbank,213,Melbourne - West,2GMEL,Greater Melbourne,2,Victoria,AUS,Australia,8.0239,http://linked.data.gov.au/dataset/asgsed3/SA2/213011337,14838.7836238165,12859317.5937196
1048,213011338,Sunshine West,0,No change,21301,Brimbank,213,Melbourne - West,2GMEL,Greater Melbourne,2,Victoria,AUS,Australia,12.9688,http://linked.data.gov.au/dataset/asgsed3/SA2/213011338,25913.2800412733,20808251.7109063
1049,213011339,Sydenham,0,No change,21301,Brimbank,213,Melbourne - West,2GMEL,Greater Melbourne,2,Victoria,AUS,Australia,3.9479,http://linked.data.gov.au/dataset/asgsed3/SA2/213011339,12549.4530072849,6317567.25238373
1050,213011340,Taylors Lakes,0,No change,21301,Brimbank,213,Melbourne - West,2GMEL,Greater Melbourne,2,Victoria,AUS,Australia,18.4632,http://linked.data.gov.au/dataset/asgsed3/SA2/213011340,34123.3345567964,29533065.1044576
1051,213011569,Deer Park,1,New,21301,Brimbank,213,Melbourne - West,2GMEL,Greater Melbourne,2,Victoria,AUS,Australia,8.0769,http://linked.data.gov.au/dataset/asgsed3/SA2/213011569,19049.9554094882,12946850.0990804
1052,213011570,Derrimut,1,New,21301,Brimbank,213,Melbourne - West,2GMEL,Greater Melbourne,2,Victoria,AUS,Australia,13.2579,http://linked.data.gov.au/dataset/asgsed3/SA2/213011570,21768.850210792,21269600.1317162
1053,213021341,Altona,0,No change,21302,Hobsons Bay,213,Melbourne - West,2GMEL,Greater Melbourne,2,Victoria,AUS,Australia,17.6826,http://linked.data.gov.au/dataset/asgsed3/SA2/213021341,28946.2351234319,28415954.2035367
1054,213021342,Altona Meadows,0,No change,21302,Hobsons Bay,213,Melbourne - West,2GMEL,Greater Melbourne,2,Victoria,AUS,Australia,10.5419,http://linked.data.gov.au/dataset/asgsed3/SA2/213021342,22606.2973375677,16950301.2884869
1055,213021343,Altona North,0,No change,21302,Hobsons Bay,213,Melbourne - West,2GMEL,Greater Melbourne,2,Victoria,AUS,Australia,16.1844,http://linked.data.gov.au/dataset/asgsed3/SA2/213021343,24076.067252766,25990638.3560292
1056,213021344,Newport,0,No change,21302,Hobsons Bay,213,Melbourne - West,2GMEL,Greater Melbourne,2,Victoria,AUS,Australia,8.8407,http://linked.data.gov.au/dataset/asgsed3/SA2/213021344,26972.33285167,14197100.1795136
1057,213021345,Seabrook,0,No change,21302,Hobsons Bay,213,Melbourne - West,2GMEL,Greater Melbourne,2,Victoria,AUS,Australia,1.6199,http://linked.data.gov.au/dataset/asgsed3/SA2/213021345,7157.05094400012,2604578.12730846
1058,213021346,Williamstown,0,No change,21302,Hobsons Bay,213,Melbourne - West,2GMEL,Greater Melbourne,2,Victoria,AUS,Australia,7.3463,http://linked.data.gov.au/dataset/asgsed3/SA2/213021346,21818.396795912,11805956.0469596
1059,213031347,Braybrook,0,No change,21303,Maribyrnong,213,Melbourne - West,2GMEL,Greater Melbourne,2,Victoria,AUS,Australia,7.4843,http://linked.data.gov.au/dataset/asgsed3/SA2/213031347,17133.3794243083,12003649.644042
1060,213031348,Footscray,0,No change,21303,Maribyrnong,213,Melbourne - West,2GMEL,Greater Melbourne,2,Victoria,AUS,Australia,4.9671,http://linked.data.gov.au/dataset/asgsed3/SA2/213031348,14721.1827532832,7968800.65661614
1061,213031349,Maribyrnong,0,No change,21303,Maribyrnong,213,Melbourne - West,2GMEL,Greater Melbourne,2,Victoria,AUS,Australia,5.4934,http://linked.data.gov.au/dataset/asgsed3/SA2/213031349,16295.0632536829,8806677.95582159
1062,213031350,Seddon - Kingsville,0,No change,21303,Maribyrnong,213,Melbourne - West,2GMEL,Greater Melbourne,2,Victoria,AUS,Australia,1.6803,http://linked.data.gov.au/dataset/asgsed3/SA2/213031350,8563.06646113164,2696013.6538822
1063,213031351,West Footscray - Tottenham,0,No change,21303,Maribyrnong,213,Melbourne - West,2GMEL,Greater Melbourne,2,Victoria,AUS,Australia,5.9807,http://linked.data.gov.au/dataset/asgsed3/SA2/213031351,15806.0254991276,9596320.62771024
1064,213031352,Yarraville,0,No change,21303,Maribyrnong,213,Melbourne - West,2GMEL,Greater Melbourne,2,Victoria,AUS,Australia,5.62,http://linked.data.gov.au/dataset/asgsed3/SA2/213031352,15395.1873380555,9021641.55149854
1065,213041353,Bacchus Marsh,0,No change,21304,Melton - Bacchus Marsh,213,Melbourne - West,2GMEL,Greater Melbourne,2,Victoria,AUS,Australia,196.2983,http://linked.data.gov.au/dataset/asgsed3/SA2/213041353,130560.330242826,313577240.918559
1066,213041358,Melton West,0,No change,21304,Melton - Bacchus Marsh,213,Melbourne - West,2GMEL,Greater Melbourne,2,Victoria,AUS,Australia,24.2021,http://linked.data.gov.au/dataset/asgsed3/SA2/213041358,32023.5867068363,38689114.2379223
1067,213041359,Rockbank - Mount Cottrell,0,No change,21304,Melton - Bacchus Marsh,213,Melbourne - West,2GMEL,Greater Melbourne,2,Victoria,AUS,Australia,125.7609,http://linked.data.gov.au/dataset/asgsed3/SA2/213041359,75522.7458773428,201553247.328732
1068,213041360,Taylors Hill,0,No change,21304,Melton - Bacchus Marsh,213,Melbourne - West,2GMEL,Greater Melbourne,2,Victoria,AUS,Australia,5.9679,http://linked.data.gov.au/dataset/asgsed3/SA2/213041360,12886.816844284,9552110.4640906
1069,213041461,Burnside,0,No change,21304,Melton - Bacchus Marsh,213,Melbourne - West,2GMEL,Greater Melbourne,2,Victoria,AUS,Australia,2.552,http://linked.data.gov.au/dataset/asgsed3/SA2/213041461,11098.1157236721,4088946.35111923
1070,213041462,Burnside Heights,0,No change,21304,Melton - Bacchus Marsh,213,Melbourne - West,2GMEL,Greater Melbourne,2,Victoria,AUS,Australia,1.9954,http://linked.data.gov.au/dataset/asgsed3/SA2/213041462,7947.05819758461,3195077.27183931
1071,213041463,Caroline Springs,0,No change,21304,Melton - Bacchus Marsh,213,Melbourne - West,2GMEL,Greater Melbourne,2,Victoria,AUS,Australia,6.9526,http://linked.data.gov.au/dataset/asgsed3/SA2/213041463,15940.7176877893,11135426.6848183
1072,213041571,Brookfield,1,New,21304,Melton - Bacchus Marsh,213,Melbourne - West,2GMEL,Greater Melbourne,2,Victoria,AUS,Australia,10.6929,http://linked.data.gov.au/dataset/asgsed3/SA2/213041571,19513.5499650808,17109397.0499771
1073,213041572,Cobblebank - Strathtulloh,1,New,21304,Melton - Bacchus Marsh,213,Melbourne - West,2GMEL,Greater Melbourne,2,Victoria,AUS,Australia,19.7593,http://linked.data.gov.au/dataset/asgsed3/SA2/213041572,28190.6147057152,31634892.9143549
1074,213041573,Eynesbury - Exford,1,New,21304,Melton - Bacchus Marsh,213,Melbourne - West,2GMEL,Greater Melbourne,2,Victoria,AUS,Australia,69.4885,http://linked.data.gov.au/dataset/asgsed3/SA2/213041573,50660.9119653678,111351933.054308
1075,213041574,Fraser Rise - Plumpton,1,New,21304,Melton - Bacchus Marsh,213,Melbourne - West,2GMEL,Greater Melbourne,2,Victoria,AUS,Australia,58.7312,http://linked.data.gov.au/dataset/asgsed3/SA2/213041574,56715.7480524094,93942839.454202
1076,213041575,Hillside,1,New,21304,Melton - Bacchus Marsh,213,Melbourne - West,2GMEL,Greater Melbourne,2,Victoria,AUS,Australia,7.8166,http://linked.data.gov.au/dataset/asgsed3/SA2/213041575,15266.1422010404,12503875.1455518
1077,213041576,Kurunjang - Toolern Vale,1,New,21304,Melton - Bacchus Marsh,213,Melbourne - West,2GMEL,Greater Melbourne,2,Victoria,AUS,Australia,120.8438,http://linked.data.gov.au/dataset/asgsed3/SA2/213041576,69325.8979421277,192927831.42247
1078,213041577,Melton,1,New,21304,Melton - Bacchus Marsh,213,Melbourne - West,2GMEL,Greater Melbourne,2,Victoria,AUS,Australia,9.8614,http://linked.data.gov.au/dataset/asgsed3/SA2/213041577,18561.1616639148,15773110.0813713
1079,213041578,Melton South - Weir Views,1,New,21304,Melton - Bacchus Marsh,213,Melbourne - West,2GMEL,Greater Melbourne,2,Victoria,AUS,Australia,11.0206,http://linked.data.gov.au/dataset/asgsed3/SA2/213041578,29146.3567576147,17642607.1101248
1080,213051361,Hoppers Crossing - North,0,No change,21305,Wyndham,213,Melbourne - West,2GMEL,Greater Melbourne,2,Victoria,AUS,Australia,10.9136,http://linked.data.gov.au/dataset/asgsed3/SA2/213051361,25071.7489999168,17538304.4941936
1081,213051362,Hoppers Crossing - South,0,No change,21305,Wyndham,213,Melbourne - West,2GMEL,Greater Melbourne,2,Victoria,AUS,Australia,7.0114,http://linked.data.gov.au/dataset/asgsed3/SA2/213051362,15457.0125081316,11270217.4314283
1082,213051363,Laverton,0,No change,21305,Wyndham,213,Melbourne - West,2GMEL,Greater Melbourne,2,Victoria,AUS,Australia,22.2451,http://linked.data.gov.au/dataset/asgsed3/SA2/213051363,31773.8695191679,35726764.7233701
1083,213051368,Werribee - South,0,No change,21305,Wyndham,213,Melbourne - West,2GMEL,Greater Melbourne,2,Victoria,AUS,Australia,114.0332,http://linked.data.gov.au/dataset/asgsed3/SA2/213051368,66977.1687474835,183699745.918723
1084,213051464,Point Cook - East,0,No change,21305,Wyndham,213,Melbourne - West,2GMEL,Greater Melbourne,2,Victoria,AUS,Australia,19.0354,http://linked.data.gov.au/dataset/asgsed3/SA2/213051464,28866.4248160976,30634101.4272114
1085,213051466,Point Cook - South,0,No change,21305,Wyndham,213,Melbourne - West,2GMEL,Greater Melbourne,2,Victoria,AUS,Australia,9.4219,http://linked.data.gov.au/dataset/asgsed3/SA2/213051466,15597.9634291556,15161880.2620869
1086,213051467,Werribee - East,0,No change,21305,Wyndham,213,Melbourne - West,2GMEL,Greater Melbourne,2,Victoria,AUS,Australia,7.7569,http://linked.data.gov.au/dataset/asgsed3/SA2/213051467,16103.8746048335,12473145.1251078
1087,213051468,Werribee - West,0,No change,21305,Wyndham,213,Melbourne - West,2GMEL,Greater Melbourne,2,Victoria,AUS,Australia,127.6631,http://linked.data.gov.au/dataset/asgsed3/SA2/213051468,78624.3311262487,205482241.849386
1088,213051579,Manor Lakes - Quandong,1,New,21305,Wyndham,213,Melbourne - West,2GMEL,Greater Melbourne,2,Victoria,AUS,Australia,72.0339,http://linked.data.gov.au/dataset/asgsed3/SA2/213051579,52738.165086301,115718705.041898
1089,213051580,Point Cook - North East,1,New,21305,Wyndham,213,Melbourne - West,2GMEL,Greater Melbourne,2,Victoria,AUS,Australia,5.5527,http://linked.data.gov.au/dataset/asgsed3/SA2/213051580,13661.539978114,8929528.87341965
1090,213051581,Point Cook - North West,1,New,21305,Wyndham,213,Melbourne - West,2GMEL,Greater Melbourne,2,Victoria,AUS,Australia,2.938,http://linked.data.gov.au/dataset/asgsed3/SA2/213051581,9633.23073370434,4724122.800636
1091,213051582,Tarneit (West) - Mount Cottrell,1,New,21305,Wyndham,213,Melbourne - West,2GMEL,Greater Melbourne,2,Victoria,AUS,Australia,36.7062,http://linked.data.gov.au/dataset/asgsed3/SA2/213051582,41631.4427749829,58928356.7062118
1092,213051583,Tarneit - Central,1,New,21305,Wyndham,213,Melbourne - West,2GMEL,Greater Melbourne,2,Victoria,AUS,Australia,7.9607,http://linked.data.gov.au/dataset/asgsed3/SA2/213051583,17838.8828719164,12785524.7655602
1093,213051584,Tarneit - North,1,New,21305,Wyndham,213,Melbourne - West,2GMEL,Greater Melbourne,2,Victoria,AUS,Australia,14.3452,http://linked.data.gov.au/dataset/asgsed3/SA2/213051584,20248.5442785841,23026973.1130624
1094,213051585,Tarneit - South,1,New,21305,Wyndham,213,Melbourne - West,2GMEL,Greater Melbourne,2,Victoria,AUS,Australia,3.1301,http://linked.data.gov.au/dataset/asgsed3/SA2/213051585,12036.6508944346,5030007.62002992
1095,213051586,Truganina - North,1,New,21305,Wyndham,213,Melbourne - West,2GMEL,Greater Melbourne,2,Victoria,AUS,Australia,17.5191,http://linked.data.gov.au/dataset/asgsed3/SA2/213051586,22834.6325428538,28126055.9475362
1096,213051587,Truganina - South East,1,New,21305,Wyndham,213,Melbourne - West,2GMEL,Greater Melbourne,2,Victoria,AUS,Australia,4.2675,http://linked.data.gov.au/dataset/asgsed3/SA2/213051587,11949.073546314,6856006.4760301
1097,213051588,Truganina - South West,1,New,21305,Wyndham,213,Melbourne - West,2GMEL,Greater Melbourne,2,Victoria,AUS,Australia,5.3778,http://linked.data.gov.au/dataset/asgsed3/SA2/213051588,15099.4330124244,8638626.01715381
1098,213051589,Wyndham Vale - North,1,New,21305,Wyndham,213,Melbourne - West,2GMEL,Greater Melbourne,2,Victoria,AUS,Australia,51.2497,http://linked.data.gov.au/dataset/asgsed3/SA2/213051589,63094.9473739781,82282628.8716102
1099,213051590,Wyndham Vale - South,1,New,21305,Wyndham,213,Melbourne - West,2GMEL,Greater Melbourne,2,Victoria,AUS,Australia,4.9575,http://linked.data.gov.au/dataset/asgsed3/SA2/213051590,12685.8284867527,7972286.14056232
1100,214011370,Carrum Downs,0,No change,21401,Frankston,214,Mornington Peninsula,2GMEL,Greater Melbourne,2,Victoria,AUS,Australia,20.308,http://linked.data.gov.au/dataset/asgsed3/SA2/214011370,29364.5245615559,32839901.115982
1101,214011371,Frankston,0,No change,21401,Frankston,214,Mornington Peninsula,2GMEL,Greater Melbourne,2,Victoria,AUS,Australia,11.6244,http://linked.data.gov.au/dataset/asgsed3/SA2/214011371,22116.046691263,18830188.5723415
1102,214011372,Frankston North,0,No change,21401,Frankston,214,Mornington Peninsula,2GMEL,Greater Melbourne,2,Victoria,AUS,Australia,13.2382,http://linked.data.gov.au/dataset/asgsed3/SA2/214011372,19140.0017411964,21431794.1484752
1103,214011373,Frankston South,0,No change,21401,Frankston,214,Mornington Peninsula,2GMEL,Greater Melbourne,2,Victoria,AUS,Australia,14.5603,http://linked.data.gov.au/dataset/asgsed3/SA2/214011373,21594.6018273533,23599460.5886348
1104,214011374,Langwarrin,0,No change,21401,Frankston,214,Mornington Peninsula,2GMEL,Greater Melbourne,2,Victoria,AUS,Australia,37.6199,http://linked.data.gov.au/dataset/asgsed3/SA2/214011374,34045.3872486275,60950422.026606
1105,214011375,Seaford (Vic.),0,No change,21401,Frankston,214,Mornington Peninsula,2GMEL,Greater Melbourne,2,Victoria,AUS,Australia,12.4321,http://linked.data.gov.au/dataset/asgsed3/SA2/214011375,22021.3539326324,20109922.1290319
1106,214011376,Skye - Sandhurst,0,No change,21401,Frankston,214,Mornington Peninsula,2GMEL,Greater Melbourne,2,Victoria,AUS,Australia,19.8152,http://linked.data.gov.au/dataset/asgsed3/SA2/214011376,27501.6735965598,32050914.1104948
1107,214021377,Dromana,0,No change,21402,Mornington Peninsula,214,Mornington Peninsula,2GMEL,Greater Melbourne,2,Victoria,AUS,Australia,45.0575,http://linked.data.gov.au/dataset/asgsed3/SA2/214021377,47588.2716768125,73347611.1895683
1108,214021378,Flinders,0,No change,21402,Mornington Peninsula,214,Mornington Peninsula,2GMEL,Greater Melbourne,2,Victoria,AUS,Australia,287.3793,http://linked.data.gov.au/dataset/asgsed3/SA2/214021378,153840.010420912,468609305.190134
1109,214021379,Hastings - Somers,0,No change,21402,Mornington Peninsula,214,Mornington Peninsula,2GMEL,Greater Melbourne,2,Victoria,AUS,Australia,108.8841,http://linked.data.gov.au/dataset/asgsed3/SA2/214021379,101284.644992672,177297359.465166
1110,214021381,Mount Eliza,0,No change,21402,Mornington Peninsula,214,Mornington Peninsula,2GMEL,Greater Melbourne,2,Victoria,AUS,Australia,23.2077,http://linked.data.gov.au/dataset/asgsed3/SA2/214021381,26832.1623542978,37634850.5670736
1111,214021382,Mount Martha,0,No change,21402,Mornington Peninsula,214,Mornington Peninsula,2GMEL,Greater Melbourne,2,Victoria,AUS,Australia,30.2094,http://linked.data.gov.au/dataset/asgsed3/SA2/214021382,31500.7319909184,49096030.5997428
1112,214021383,Point Nepean,0,No change,21402,Mornington Peninsula,214,Mornington Peninsula,2GMEL,Greater Melbourne,2,Victoria,AUS,Australia,67.1876,http://linked.data.gov.au/dataset/asgsed3/SA2/214021383,84219.8756379316,109497696.179711
1113,214021384,Rosebud - McCrae,0,No change,21402,Mornington Peninsula,214,Mornington Peninsula,2GMEL,Greater Melbourne,2,Victoria,AUS,Australia,23.7957,http://linked.data.gov.au/dataset/asgsed3/SA2/214021384,32284.7991039821,38770098.0066988
1114,214021385,Somerville,0,No change,21402,Mornington Peninsula,214,Mornington Peninsula,2GMEL,Greater Melbourne,2,Victoria,AUS,Australia,117.354,http://linked.data.gov.au/dataset/asgsed3/SA2/214021385,62047.348934765,190541926.971999
1115,214021591,Mornington - East,1,New,21402,Mornington Peninsula,214,Mornington Peninsula,2GMEL,Greater Melbourne,2,Victoria,AUS,Australia,14.6884,http://linked.data.gov.au/dataset/asgsed3/SA2/214021591,20037.6029016873,23845022.8646212
1116,214021592,Mornington - West,1,New,21402,Mornington Peninsula,214,Mornington Peninsula,2GMEL,Greater Melbourne,2,Victoria,AUS,Australia,6.4044,http://linked.data.gov.au/dataset/asgsed3/SA2/214021592,18741.225472318,10393075.1719144
1117,215011386,Ararat,0,No change,21501,Grampians,215,North West,2RVIC,Rest of Vic.,2,Victoria,AUS,Australia,161.179,http://linked.data.gov.au/dataset/asgsed3/SA2/215011386,86078.6786930294,254920988.449064
1118,215011387,Ararat Surrounds,3,Name change,21501,Grampians,215,North West,2RVIC,Rest of Vic.,2,Victoria,AUS,Australia,4023.1983,http://linked.data.gov.au/dataset/asgsed3/SA2/215011387,559005.579845305,6401635540.79818
1119,215011388,Horsham,0,No change,21501,Grampians,215,North West,2RVIC,Rest of Vic.,2,Victoria,AUS,Australia,83.0691,http://linked.data.gov.au/dataset/asgsed3/SA2/215011388,55093.8724356911,129577342.052125
1120,215011389,Horsham Surrounds,3,Name change,21501,Grampians,215,North West,2RVIC,Rest of Vic.,2,Victoria,AUS,Australia,4251.4674,http://linked.data.gov.au/dataset/asgsed3/SA2/215011389,647716.673071131,6647337466.36065
1121,215011390,Nhill Region,0,No change,21501,Grampians,215,North West,2RVIC,Rest of Vic.,2,Victoria,AUS,Australia,11042.793,http://linked.data.gov.au/dataset/asgsed3/SA2/215011390,625297.799393515,16950169947.0534
1122,215011391,St Arnaud,0,No change,21501,Grampians,215,North West,2RVIC,Rest of Vic.,2,Victoria,AUS,Australia,3008.5749,http://linked.data.gov.au/dataset/asgsed3/SA2/215011391,403324.119695561,4686193244.9869
1123,215011392,Stawell,0,No change,21501,Grampians,215,North West,2RVIC,Rest of Vic.,2,Victoria,AUS,Australia,2743.4313,http://linked.data.gov.au/dataset/asgsed3/SA2/215011392,486580.917827244,4311756093.50079
1124,215011393,West Wimmera,0,No change,21501,Grampians,215,North West,2RVIC,Rest of Vic.,2,Victoria,AUS,Australia,5686.3869,http://linked.data.gov.au/dataset/asgsed3/SA2/215011393,547967.376992288,8921288902.19381
1125,215011394,Yarriambiack,0,No change,21501,Grampians,215,North West,2RVIC,Rest of Vic.,2,Victoria,AUS,Australia,7139.5816,http://linked.data.gov.au/dataset/asgsed3/SA2/215011394,679308.319790314,10928924511.9051
1126,215021395,Irymple,0,No change,21502,Mildura,215,North West,2RVIC,Rest of Vic.,2,Victoria,AUS,Australia,88.5725,http://linked.data.gov.au/dataset/asgsed3/SA2/215021395,61667.7622601693,129929137.006073
1127,215021396,Merbein,0,No change,21502,Mildura,215,North West,2RVIC,Rest of Vic.,2,Victoria,AUS,Australia,101.7138,http://linked.data.gov.au/dataset/asgsed3/SA2/215021396,75493.9959107059,148995272.647101
1128,215021398,Mildura Surrounds,3,Name change,21502,Mildura,215,North West,2RVIC,Rest of Vic.,2,Victoria,AUS,Australia,21568.7961,http://linked.data.gov.au/dataset/asgsed3/SA2/215021398,1093905.52596812,32129211387.3902
1129,215021399,Red Cliffs,0,No change,21502,Mildura,215,North West,2RVIC,Rest of Vic.,2,Victoria,AUS,Australia,246.7231,http://linked.data.gov.au/dataset/asgsed3/SA2/215021399,129722.267139068,362736203.45072
1130,215021469,Mildura - North,0,No change,21502,Mildura,215,North West,2RVIC,Rest of Vic.,2,Victoria,AUS,Australia,25.117,http://linked.data.gov.au/dataset/asgsed3/SA2/215021469,33623.7711466774,36792213.3648173
1131,215021470,Mildura - South,0,No change,21502,Mildura,215,North West,2RVIC,Rest of Vic.,2,Victoria,AUS,Australia,50.9981,http://linked.data.gov.au/dataset/asgsed3/SA2/215021470,47174.1933222787,74772589.8863696
1132,215031400,Buloke,0,No change,21503,Murray River - Swan Hill,215,North West,2RVIC,Rest of Vic.,2,Victoria,AUS,Australia,8068.6848,http://linked.data.gov.au/dataset/asgsed3/SA2/215031400,688913.535330792,12326275972.2784
1133,215031401,Gannawarra,0,No change,21503,Murray River - Swan Hill,215,North West,2RVIC,Rest of Vic.,2,Victoria,AUS,Australia,3568.3246,http://linked.data.gov.au/dataset/asgsed3/SA2/215031401,615897.398085399,5429471897.64674
1134,215031402,Kerang,0,No change,21503,Murray River - Swan Hill,215,North West,2RVIC,Rest of Vic.,2,Victoria,AUS,Australia,146.6076,http://linked.data.gov.au/dataset/asgsed3/SA2/215031402,93916.6620268839,222923858.723415
1135,215031403,Robinvale,0,No change,21503,Murray River - Swan Hill,215,North West,2RVIC,Rest of Vic.,2,Victoria,AUS,Australia,181.5961,http://linked.data.gov.au/dataset/asgsed3/SA2/215031403,144611.054933731,268995325.931572
1136,215031404,Swan Hill,0,No change,21503,Murray River - Swan Hill,215,North West,2RVIC,Rest of Vic.,2,Victoria,AUS,Australia,126.5903,http://linked.data.gov.au/dataset/asgsed3/SA2/215031404,74977.3238304635,190769391.860373
1137,215031405,Swan Hill Surrounds,3,Name change,21503,Murray River - Swan Hill,215,North West,2RVIC,Rest of Vic.,2,Victoria,AUS,Australia,5759.5788,http://linked.data.gov.au/dataset/asgsed3/SA2/215031405,799616.648987106,8630060501.89762
1138,216011406,Echuca,0,No change,21601,Campaspe,216,Shepparton,2RVIC,Rest of Vic.,2,Victoria,AUS,Australia,183.9532,http://linked.data.gov.au/dataset/asgsed3/SA2/216011406,120562.055548902,282805979.375505
1139,216011407,Kyabram,0,No change,21601,Campaspe,216,Shepparton,2RVIC,Rest of Vic.,2,Victoria,AUS,Australia,738.862,http://linked.data.gov.au/dataset/asgsed3/SA2/216011407,214985.634728579,1138563623.21086
1140,216011408,Lockington - Gunbower,0,No change,21601,Campaspe,216,Shepparton,2RVIC,Rest of Vic.,2,Victoria,AUS,Australia,1646.4376,http://linked.data.gov.au/dataset/asgsed3/SA2/216011408,308099.777721617,2531925273.99128
1141,216011409,Rochester,0,No change,21601,Campaspe,216,Shepparton,2RVIC,Rest of Vic.,2,Victoria,AUS,Australia,351.6446,http://linked.data.gov.au/dataset/asgsed3/SA2/216011409,104473.920316451,542967552.812571
1142,216011410,Rushworth,0,No change,21601,Campaspe,216,Shepparton,2RVIC,Rest of Vic.,2,Victoria,AUS,Australia,1633.8861,http://linked.data.gov.au/dataset/asgsed3/SA2/216011410,275249.002909499,2538649693.28195
1143,216021411,Cobram,0,No change,21602,Moira,216,Shepparton,2RVIC,Rest of Vic.,2,Victoria,AUS,Australia,131.7229,http://linked.data.gov.au/dataset/asgsed3/SA2/216021411,100873.975157606,201392399.58535
1144,216021412,Moira,0,No change,21602,Moira,216,Shepparton,2RVIC,Rest of Vic.,2,Victoria,AUS,Australia,1498.8283,http://linked.data.gov.au/dataset/asgsed3/SA2/216021412,320542.495073491,2303328759.74877
1145,216021413,Numurkah,0,No change,21602,Moira,216,Shepparton,2RVIC,Rest of Vic.,2,Victoria,AUS,Australia,2320.6721,http://linked.data.gov.au/dataset/asgsed3/SA2/216021413,475272.654115972,3554372574.7649
1146,216021414,Yarrawonga,0,No change,21602,Moira,216,Shepparton,2RVIC,Rest of Vic.,2,Victoria,AUS,Australia,94.6968,http://linked.data.gov.au/dataset/asgsed3/SA2/216021414,64711.3765489618,145123124.102016
1147,216031415,Mooroopna,0,No change,21603,Shepparton,216,Shepparton,2RVIC,Rest of Vic.,2,Victoria,AUS,Australia,39.9733,http://linked.data.gov.au/dataset/asgsed3/SA2/216031415,49277.7222629351,61822515.4576519
1148,216031416,Shepparton - North,0,No change,21603,Shepparton,216,Shepparton,2RVIC,Rest of Vic.,2,Victoria,AUS,Australia,65.6581,http://linked.data.gov.au/dataset/asgsed3/SA2/216031416,50075.9398809978,101402172.427419
1149,216031418,Shepparton Surrounds - East,3,Name change,21603,Shepparton,216,Shepparton,2RVIC,Rest of Vic.,2,Victoria,AUS,Australia,1055.5777,http://linked.data.gov.au/dataset/asgsed3/SA2/216031418,322842.550369516,1631506125.6929
1150,216031419,Shepparton Surrounds - West,3,Name change,21603,Shepparton,216,Shepparton,2RVIC,Rest of Vic.,2,Victoria,AUS,Australia,1028.6793,http://linked.data.gov.au/dataset/asgsed3/SA2/216031419,342962.928334174,1591947078.8521
1151,216031593,Kialla,1,New,21603,Shepparton,216,Shepparton,2RVIC,Rest of Vic.,2,Victoria,AUS,Australia,77.4435,http://linked.data.gov.au/dataset/asgsed3/SA2/216031593,61447.4258615195,119949611.297915
1152,216031594,Shepparton - South East,1,New,21603,Shepparton,216,Shepparton,2RVIC,Rest of Vic.,2,Victoria,AUS,Australia,65.8306,http://linked.data.gov.au/dataset/asgsed3/SA2/216031594,61008.1446476521,101816294.517208
1153,217011420,Glenelg (Vic.),0,No change,21701,Glenelg - Southern Grampians,217,Warrnambool and South West,2RVIC,Rest of Vic.,2,Victoria,AUS,Australia,6121.4257,http://linked.data.gov.au/dataset/asgsed3/SA2/217011420,677137.989127222,9838879758.62327
1154,217011421,Hamilton (Vic.),0,No change,21701,Glenelg - Southern Grampians,217,Warrnambool and South West,2RVIC,Rest of Vic.,2,Victoria,AUS,Australia,198.3369,http://linked.data.gov.au/dataset/asgsed3/SA2/217011421,103790.725521553,317744474.898278
1155,217011422,Portland,0,No change,21701,Glenelg - Southern Grampians,217,Warrnambool and South West,2RVIC,Rest of Vic.,2,Victoria,AUS,Australia,63.985,http://linked.data.gov.au/dataset/asgsed3/SA2/217011422,68061.8156410968,104170805.753788
1156,217011423,Southern Grampians,0,No change,21701,Glenelg - Southern Grampians,217,Warrnambool and South West,2RVIC,Rest of Vic.,2,Victoria,AUS,Australia,6562.6438,http://linked.data.gov.au/dataset/asgsed3/SA2/217011423,858940.084115674,10455344018.1003
1157,217031471,Camperdown,0,No change,21703,Colac - Corangamite,217,Warrnambool and South West,2RVIC,Rest of Vic.,2,Victoria,AUS,Australia,98.1179,http://linked.data.gov.au/dataset/asgsed3/SA2/217031471,73620.599719926,159253962.569943
1158,217031472,Colac,0,No change,21703,Colac - Corangamite,217,Warrnambool and South West,2RVIC,Rest of Vic.,2,Victoria,AUS,Australia,54.7344,http://linked.data.gov.au/dataset/asgsed3/SA2/217031472,49498.3411749192,89155977.0664491
1159,217031473,Colac Surrounds,3,Name change,21703,Colac - Corangamite,217,Warrnambool and South West,2RVIC,Rest of Vic.,2,Victoria,AUS,Australia,1934.2762,http://linked.data.gov.au/dataset/asgsed3/SA2/217031473,460809.631537097,3145484747.66282
1160,217031474,Corangamite - North,0,No change,21703,Colac - Corangamite,217,Warrnambool and South West,2RVIC,Rest of Vic.,2,Victoria,AUS,Australia,2538.3285,http://linked.data.gov.au/dataset/asgsed3/SA2/217031474,565074.681971821,4096917276.77259
1161,217031475,Corangamite - South,0,No change,21703,Colac - Corangamite,217,Warrnambool and South West,2RVIC,Rest of Vic.,2,Victoria,AUS,Australia,1805.2081,http://linked.data.gov.au/dataset/asgsed3/SA2/217031475,367888.236068195,2948936983.78399
1162,217031476,Otway,0,No change,21703,Colac - Corangamite,217,Warrnambool and South West,2RVIC,Rest of Vic.,2,Victoria,AUS,Australia,1505.8895,http://linked.data.gov.au/dataset/asgsed3/SA2/217031476,292469.375549189,2472130580.52953
1163,217041477,Moyne - East,0,No change,21704,Warrnambool,217,Warrnambool and South West,2RVIC,Rest of Vic.,2,Victoria,AUS,Australia,3275.7989,http://linked.data.gov.au/dataset/asgsed3/SA2/217041477,577602.878766054,5297676713.39009
1164,217041478,Moyne - West,0,No change,21704,Warrnambool,217,Warrnambool and South West,2RVIC,Rest of Vic.,2,Victoria,AUS,Australia,2037.7626,http://linked.data.gov.au/dataset/asgsed3/SA2/217041478,351310.323792587,3301019037.41986
1165,217041479,Warrnambool - North,0,No change,21704,Warrnambool,217,Warrnambool and South West,2RVIC,Rest of Vic.,2,Victoria,AUS,Australia,62.4199,http://linked.data.gov.au/dataset/asgsed3/SA2/217041479,58139.7018656524,101634877.815226
1166,217041480,Warrnambool - South,0,No change,21704,Warrnambool,217,Warrnambool and South West,2RVIC,Rest of Vic.,2,Victoria,AUS,Australia,120.1957,http://linked.data.gov.au/dataset/asgsed3/SA2/217041480,109769.412904345,195951141.73958
1167,297979799,Migratory - Offshore - Shipping (Vic.),0,No change,29797,Migratory - Offshore - Shipping (Vic.),297,Migratory - Offshore - Shipping (Vic.),29799,Migratory - Offshore - Shipping (Vic.),2,Victoria,AUS,Australia,,http://linked.data.gov.au/dataset/asgsed3/SA2/297979799,0,0
1168,299999499,No usual address (Vic.),0,No change,29999,No usual address (Vic.),299,No usual address (Vic.),29499,No usual address (Vic.),2,Victoria,AUS,Australia,,http://linked.data.gov.au/dataset/asgsed3/SA2/299999499,0,0
1169,301011001,Alexandra Hills,0,No change,30101,Capalaba,301,Brisbane - East,3GBRI,Greater Brisbane,3,Queensland,AUS,Australia,13.6312,http://linked.data.gov.au/dataset/asgsed3/SA2/301011001,21610.6295948292,17401682.6798303
1170,301011002,Belmont - Gumdale,0,No change,30101,Capalaba,301,Brisbane - East,3GBRI,Greater Brisbane,3,Queensland,AUS,Australia,33.1072,http://linked.data.gov.au/dataset/asgsed3/SA2/301011002,42477.304268385,42247049.252923
1171,301011003,Birkdale,0,No change,30101,Capalaba,301,Brisbane - East,3GBRI,Greater Brisbane,3,Queensland,AUS,Australia,11.5988,http://linked.data.gov.au/dataset/asgsed3/SA2/301011003,22421.2994117896,14798873.6311764
1172,301011004,Capalaba,0,No change,30101,Capalaba,301,Brisbane - East,3GBRI,Greater Brisbane,3,Queensland,AUS,Australia,18.8892,http://linked.data.gov.au/dataset/asgsed3/SA2/301011004,25447.5561449763,24120035.4399
1173,301011005,Thorneside,0,No change,30101,Capalaba,301,Brisbane - East,3GBRI,Greater Brisbane,3,Queensland,AUS,Australia,2.6658,http://linked.data.gov.au/dataset/asgsed3/SA2/301011005,9202.6541323508,3400585.03657267
1174,301011006,Wellington Point,0,No change,30101,Capalaba,301,Brisbane - East,3GBRI,Greater Brisbane,3,Queensland,AUS,Australia,9.404,http://linked.data.gov.au/dataset/asgsed3/SA2/301011006,24226.8438658456,11997616.3839626
1175,301021007,Cleveland,0,No change,30102,Cleveland - Stradbroke,301,Brisbane - East,3GBRI,Greater Brisbane,3,Queensland,AUS,Australia,11.8549,http://linked.data.gov.au/dataset/asgsed3/SA2/301021007,24894.0647211368,15135275.5194486
1176,301021008,Ormiston,0,No change,30102,Cleveland - Stradbroke,301,Brisbane - East,3GBRI,Greater Brisbane,3,Queensland,AUS,Australia,4.929,http://linked.data.gov.au/dataset/asgsed3/SA2/301021008,17502.994001135,6289883.10625667
1177,301021009,Redland Bay,0,No change,30102,Cleveland - Stradbroke,301,Brisbane - East,3GBRI,Greater Brisbane,3,Queensland,AUS,Australia,46.8996,http://linked.data.gov.au/dataset/asgsed3/SA2/301021009,46790.5964494497,59999980.8442739
1178,301021011,Sheldon - Mount Cotton,0,No change,30102,Cleveland - Stradbroke,301,Brisbane - East,3GBRI,Greater Brisbane,3,Queensland,AUS,Australia,65.1972,http://linked.data.gov.au/dataset/asgsed3/SA2/301021011,47148.7705566287,83347009.0721633
1179,301021012,Thornlands,0,No change,30102,Cleveland - Stradbroke,301,Brisbane - East,3GBRI,Greater Brisbane,3,Queensland,AUS,Australia,21.6475,http://linked.data.gov.au/dataset/asgsed3/SA2/301021012,25853.2306071264,27653583.8692419
1180,301021013,Victoria Point,0,No change,30102,Cleveland - Stradbroke,301,Brisbane - East,3GBRI,Greater Brisbane,3,Queensland,AUS,Australia,13.4057,http://linked.data.gov.au/dataset/asgsed3/SA2/301021013,26462.1196941654,17130747.2574584
1181,301021550,North Stradbroke Island,1,New,30102,Cleveland - Stradbroke,301,Brisbane - East,3GBRI,Greater Brisbane,3,Queensland,AUS,Australia,277.1095,http://linked.data.gov.au/dataset/asgsed3/SA2/301021550,142660.839099908,353856953.105247
1182,301021551,Southern Moreton Bay Islands,1,New,30102,Cleveland - Stradbroke,301,Brisbane - East,3GBRI,Greater Brisbane,3,Queensland,AUS,Australia,39.9348,http://linked.data.gov.au/dataset/asgsed3/SA2/301021551,132179.698079806,51090985.5233233
1183,301031014,Brisbane Port - Lytton,0,No change,30103,Wynnum - Manly,301,Brisbane - East,3GBRI,Greater Brisbane,3,Queensland,AUS,Australia,32.7859,http://linked.data.gov.au/dataset/asgsed3/SA2/301031014,68194.3810466843,41742610.0004479
1184,301031015,Manly - Lota,0,No change,30103,Wynnum - Manly,301,Brisbane - East,3GBRI,Greater Brisbane,3,Queensland,AUS,Australia,4.1989,http://linked.data.gov.au/dataset/asgsed3/SA2/301031015,12639.5862928373,5353366.82187882
1185,301031016,Manly West,0,No change,30103,Wynnum - Manly,301,Brisbane - East,3GBRI,Greater Brisbane,3,Queensland,AUS,Australia,4.9055,http://linked.data.gov.au/dataset/asgsed3/SA2/301031016,11166.2428065032,6256020.94875259
1186,301031017,Murarrie,0,No change,30103,Wynnum - Manly,301,Brisbane - East,3GBRI,Greater Brisbane,3,Queensland,AUS,Australia,8.4389,http://linked.data.gov.au/dataset/asgsed3/SA2/301031017,24991.6166676118,10757889.3243303
1187,301031018,Tingalpa,0,No change,30103,Wynnum - Manly,301,Brisbane - East,3GBRI,Greater Brisbane,3,Queensland,AUS,Australia,8.9263,http://linked.data.gov.au/dataset/asgsed3/SA2/301031018,22931.068857768,11383064.8417994
1188,301031019,Wakerley,0,No change,30103,Wynnum - Manly,301,Brisbane - East,3GBRI,Greater Brisbane,3,Queensland,AUS,Australia,5.1963,http://linked.data.gov.au/dataset/asgsed3/SA2/301031019,12982.414578045,6627565.88436289
1189,301031020,Wynnum,0,No change,30103,Wynnum - Manly,301,Brisbane - East,3GBRI,Greater Brisbane,3,Queensland,AUS,Australia,6.1324,http://linked.data.gov.au/dataset/asgsed3/SA2/301031020,13952.7884885612,7816366.19749268
1190,301031021,Wynnum West - Hemmant,0,No change,30103,Wynnum - Manly,301,Brisbane - East,3GBRI,Greater Brisbane,3,Queensland,AUS,Australia,12.2743,http://linked.data.gov.au/dataset/asgsed3/SA2/301031021,23841.2501717567,15646734.3418479
1191,302011022,Bald Hills,0,No change,30201,Bald Hills - Everton Park,302,Brisbane - North,3GBRI,Greater Brisbane,3,Queensland,AUS,Australia,13.3544,http://linked.data.gov.au/dataset/asgsed3/SA2/302011022,33148.3352102258,16980215.6269064
1192,302011023,Bridgeman Downs,0,No change,30201,Bald Hills - Everton Park,302,Brisbane - North,3GBRI,Greater Brisbane,3,Queensland,AUS,Australia,9.4789,http://linked.data.gov.au/dataset/asgsed3/SA2/302011023,19132.3379349146,12062278.4929417
1193,302011024,Carseldine,0,No change,30201,Bald Hills - Everton Park,302,Brisbane - North,3GBRI,Greater Brisbane,3,Queensland,AUS,Australia,4.5456,http://linked.data.gov.au/dataset/asgsed3/SA2/302011024,11357.7482911478,5783530.86284299
1194,302011025,Everton Park,0,No change,30201,Bald Hills - Everton Park,302,Brisbane - North,3GBRI,Greater Brisbane,3,Queensland,AUS,Australia,4.1663,http://linked.data.gov.au/dataset/asgsed3/SA2/302011025,11370.0580972428,5306135.89291184
1195,302011026,McDowall,0,No change,30201,Bald Hills - Everton Park,302,Brisbane - North,3GBRI,Greater Brisbane,3,Queensland,AUS,Australia,4.3856,http://linked.data.gov.au/dataset/asgsed3/SA2/302011026,10678.803883492,5584228.34237223
1196,302021027,Aspley,0,No change,30202,Chermside,302,Brisbane - North,3GBRI,Greater Brisbane,3,Queensland,AUS,Australia,6.258,http://linked.data.gov.au/dataset/asgsed3/SA2/302021027,15364.9642830096,7966266.0213062
1197,302021028,Chermside,0,No change,30202,Chermside,302,Brisbane - North,3GBRI,Greater Brisbane,3,Queensland,AUS,Australia,3.3873,http://linked.data.gov.au/dataset/asgsed3/SA2/302021028,10417.7183674857,4313177.03203433
1198,302021029,Chermside West,0,No change,30202,Chermside,302,Brisbane - North,3GBRI,Greater Brisbane,3,Queensland,AUS,Australia,3.4032,http://linked.data.gov.au/dataset/asgsed3/SA2/302021029,8956.46272015304,4333436.46809746
1199,302021030,Geebung,0,No change,30202,Chermside,302,Brisbane - North,3GBRI,Greater Brisbane,3,Queensland,AUS,Australia,4.0441,http://linked.data.gov.au/dataset/asgsed3/SA2/302021030,12301.2292315256,5147911.80790244
1200,302021031,Kedron - Gordon Park,0,No change,30202,Chermside,302,Brisbane - North,3GBRI,Greater Brisbane,3,Queensland,AUS,Australia,5.22,http://linked.data.gov.au/dataset/asgsed3/SA2/302021031,13642.9591317322,6649061.86590449
1201,302021032,Stafford,0,No change,30202,Chermside,302,Brisbane - North,3GBRI,Greater Brisbane,3,Queensland,AUS,Australia,3.4381,http://linked.data.gov.au/dataset/asgsed3/SA2/302021032,10490.5474652426,4379680.6085732
1202,302021033,Stafford Heights,0,No change,30202,Chermside,302,Brisbane - North,3GBRI,Greater Brisbane,3,Queensland,AUS,Australia,2.9088,http://linked.data.gov.au/dataset/asgsed3/SA2/302021033,8917.09770666341,3704109.94527068
1203,302021034,Wavell Heights,0,No change,30202,Chermside,302,Brisbane - North,3GBRI,Greater Brisbane,3,Queensland,AUS,Australia,3.5792,http://linked.data.gov.au/dataset/asgsed3/SA2/302021034,12349.1789646848,4557738.41301708
1204,302031035,Boondall,0,No change,30203,Nundah,302,Brisbane - North,3GBRI,Greater Brisbane,3,Queensland,AUS,Australia,10.7506,http://linked.data.gov.au/dataset/asgsed3/SA2/302031035,22554.2838936559,13680134.5271104
1205,302031036,Brisbane Airport,0,No change,30203,Nundah,302,Brisbane - North,3GBRI,Greater Brisbane,3,Queensland,AUS,Australia,45.3241,http://linked.data.gov.au/dataset/asgsed3/SA2/302031036,38056.2137133804,57717787.8197388
1206,302031037,Eagle Farm - Pinkenba,0,No change,30203,Nundah,302,Brisbane - North,3GBRI,Greater Brisbane,3,Queensland,AUS,Australia,7.2339,http://linked.data.gov.au/dataset/asgsed3/SA2/302031037,17988.8648796513,9218942.955193
1207,302031038,Northgate - Virginia,0,No change,30203,Nundah,302,Brisbane - North,3GBRI,Greater Brisbane,3,Queensland,AUS,Australia,6.1268,http://linked.data.gov.au/dataset/asgsed3/SA2/302031038,17538.8304308556,7801031.88891073
1208,302031039,Nudgee - Banyo,0,No change,30203,Nundah,302,Brisbane - North,3GBRI,Greater Brisbane,3,Queensland,AUS,Australia,13.9237,http://linked.data.gov.au/dataset/asgsed3/SA2/302031039,30949.894274875,17722957.0044166
1209,302031040,Nundah,0,No change,30203,Nundah,302,Brisbane - North,3GBRI,Greater Brisbane,3,Queensland,AUS,Australia,3.6726,http://linked.data.gov.au/dataset/asgsed3/SA2/302031040,11228.2901987417,4677711.22898428
1210,302041041,Bracken Ridge,0,No change,30204,Sandgate,302,Brisbane - North,3GBRI,Greater Brisbane,3,Queensland,AUS,Australia,8.1103,http://linked.data.gov.au/dataset/asgsed3/SA2/302041041,14623.65461102,10313991.3256407
1211,302041042,Brighton (Qld),0,No change,30204,Sandgate,302,Brisbane - North,3GBRI,Greater Brisbane,3,Queensland,AUS,Australia,6.4901,http://linked.data.gov.au/dataset/asgsed3/SA2/302041042,12743.6521803678,8251088.47098339
1212,302041043,Deagon,0,No change,30204,Sandgate,302,Brisbane - North,3GBRI,Greater Brisbane,3,Queensland,AUS,Australia,2.8177,http://linked.data.gov.au/dataset/asgsed3/SA2/302041043,9613.28777558186,3583860.83044071
1213,302041044,Sandgate - Shorncliffe,0,No change,30204,Sandgate,302,Brisbane - North,3GBRI,Greater Brisbane,3,Queensland,AUS,Australia,4.3474,http://linked.data.gov.au/dataset/asgsed3/SA2/302041044,14698.0986975115,5529047.18803946
1214,302041045,Taigum - Fitzgibbon,0,No change,30204,Sandgate,302,Brisbane - North,3GBRI,Greater Brisbane,3,Queensland,AUS,Australia,6.2813,http://linked.data.gov.au/dataset/asgsed3/SA2/302041045,12896.7630285586,7992028.28657487
1215,302041046,Zillmere,0,No change,30204,Sandgate,302,Brisbane - North,3GBRI,Greater Brisbane,3,Queensland,AUS,Australia,3.7003,http://linked.data.gov.au/dataset/asgsed3/SA2/302041046,9881.2101826252,4709557.06065228
1216,303011047,Camp Hill,0,No change,30301,Carindale,303,Brisbane - South,3GBRI,Greater Brisbane,3,Queensland,AUS,Australia,4.5806,http://linked.data.gov.au/dataset/asgsed3/SA2/303011047,13456.5607281308,5843771.84669451
1217,303011048,Cannon Hill,0,No change,30301,Carindale,303,Brisbane - South,3GBRI,Greater Brisbane,3,Queensland,AUS,Australia,3.9524,http://linked.data.gov.au/dataset/asgsed3/SA2/303011048,15865.8907021326,5040295.47935623
1218,303011049,Carina,0,No change,30301,Carindale,303,Brisbane - South,3GBRI,Greater Brisbane,3,Queensland,AUS,Australia,4.3823,http://linked.data.gov.au/dataset/asgsed3/SA2/303011049,14787.5431365311,5589539.34531426
1219,303011050,Carina Heights,0,No change,30301,Carindale,303,Brisbane - South,3GBRI,Greater Brisbane,3,Queensland,AUS,Australia,3.3991,http://linked.data.gov.au/dataset/asgsed3/SA2/303011050,9705.15740615208,4337716.44210941
1220,303011051,Carindale,0,No change,30301,Carindale,303,Brisbane - South,3GBRI,Greater Brisbane,3,Queensland,AUS,Australia,10.1962,http://linked.data.gov.au/dataset/asgsed3/SA2/303011051,18576.3774004298,13010600.5454603
1221,303021052,Annerley,0,No change,30302,Holland Park - Yeronga,303,Brisbane - South,3GBRI,Greater Brisbane,3,Queensland,AUS,Australia,2.8756,http://linked.data.gov.au/dataset/asgsed3/SA2/303021052,9925.95443184584,3669863.47004083
1222,303021053,Coorparoo,0,No change,30302,Holland Park - Yeronga,303,Brisbane - South,3GBRI,Greater Brisbane,3,Queensland,AUS,Australia,5.3318,http://linked.data.gov.au/dataset/asgsed3/SA2/303021053,13932.4782037781,6803127.90956532
1223,303021054,Fairfield - Dutton Park,0,No change,30302,Holland Park - Yeronga,303,Brisbane - South,3GBRI,Greater Brisbane,3,Queensland,AUS,Australia,2.079,http://linked.data.gov.au/dataset/asgsed3/SA2/303021054,8884.10826219811,2652623.12118779
1224,303021055,Greenslopes,0,No change,30302,Holland Park - Yeronga,303,Brisbane - South,3GBRI,Greater Brisbane,3,Queensland,AUS,Australia,2.9543,http://linked.data.gov.au/dataset/asgsed3/SA2/303021055,9084.41384339737,3770520.07066517
1225,303021056,Holland Park,0,No change,30302,Holland Park - Yeronga,303,Brisbane - South,3GBRI,Greater Brisbane,3,Queensland,AUS,Australia,3.2615,http://linked.data.gov.au/dataset/asgsed3/SA2/303021056,9437.21298853161,4163025.32013664
1226,303021057,Holland Park West,0,No change,30302,Holland Park - Yeronga,303,Brisbane - South,3GBRI,Greater Brisbane,3,Queensland,AUS,Australia,2.566,http://linked.data.gov.au/dataset/asgsed3/SA2/303021057,9838.65456306137,3275945.18233337
1227,303021058,Woolloongabba,0,No change,30302,Holland Park - Yeronga,303,Brisbane - South,3GBRI,Greater Brisbane,3,Queensland,AUS,Australia,2.4051,http://linked.data.gov.au/dataset/asgsed3/SA2/303021058,9436.95190764209,3068437.02449294
1228,303021059,Yeronga,0,No change,30302,Holland Park - Yeronga,303,Brisbane - South,3GBRI,Greater Brisbane,3,Queensland,AUS,Australia,6.0917,http://linked.data.gov.au/dataset/asgsed3/SA2/303021059,20080.3119817967,7776359.54560108
1229,303031060,Eight Mile Plains,0,No change,30303,Mt Gravatt,303,Brisbane - South,3GBRI,Greater Brisbane,3,Queensland,AUS,Australia,7.6828,http://linked.data.gov.au/dataset/asgsed3/SA2/303031060,15614.7409760747,9817214.57828908
1230,303031061,Macgregor (Qld),0,No change,30303,Mt Gravatt,303,Brisbane - South,3GBRI,Greater Brisbane,3,Queensland,AUS,Australia,2.6853,http://linked.data.gov.au/dataset/asgsed3/SA2/303031061,8492.48784717215,3430439.72704131
1231,303031062,Mansfield (Qld),0,No change,30303,Mt Gravatt,303,Brisbane - South,3GBRI,Greater Brisbane,3,Queensland,AUS,Australia,5.3088,http://linked.data.gov.au/dataset/asgsed3/SA2/303031062,12652.9948075906,6778413.30826308
1232,303031063,Mount Gravatt,0,No change,30303,Mt Gravatt,303,Brisbane - South,3GBRI,Greater Brisbane,3,Queensland,AUS,Australia,7.3647,http://linked.data.gov.au/dataset/asgsed3/SA2/303031063,15151.6104567418,9402863.38638725
1233,303031064,Rochedale - Burbank,0,No change,30303,Mt Gravatt,303,Brisbane - South,3GBRI,Greater Brisbane,3,Queensland,AUS,Australia,47.3459,http://linked.data.gov.au/dataset/asgsed3/SA2/303031064,40617.6945613054,60478707.2359317
1234,303031065,Upper Mount Gravatt,0,No change,30303,Mt Gravatt,303,Brisbane - South,3GBRI,Greater Brisbane,3,Queensland,AUS,Australia,4.2122,http://linked.data.gov.au/dataset/asgsed3/SA2/303031065,11267.7777950195,5379049.46558833
1235,303031066,Wishart,0,No change,30303,Mt Gravatt,303,Brisbane - South,3GBRI,Greater Brisbane,3,Queensland,AUS,Australia,4.787,http://linked.data.gov.au/dataset/asgsed3/SA2/303031066,11824.6787676859,6113552.92720383
1236,303041067,Coopers Plains,0,No change,30304,Nathan,303,Brisbane - South,3GBRI,Greater Brisbane,3,Queensland,AUS,Australia,4.3818,http://linked.data.gov.au/dataset/asgsed3/SA2/303041067,10284.2521527088,5597096.00844355
1237,303041068,Moorooka,0,No change,30304,Nathan,303,Brisbane - South,3GBRI,Greater Brisbane,3,Queensland,AUS,Australia,4.0941,http://linked.data.gov.au/dataset/asgsed3/SA2/303041068,11726.1955486949,5226540.30807344
1238,303041069,Robertson,0,No change,30304,Nathan,303,Brisbane - South,3GBRI,Greater Brisbane,3,Queensland,AUS,Australia,1.9048,http://linked.data.gov.au/dataset/asgsed3/SA2/303041069,6278.27944597017,2433202.48872848
1239,303041070,Salisbury - Nathan,0,No change,30304,Nathan,303,Brisbane - South,3GBRI,Greater Brisbane,3,Queensland,AUS,Australia,9.5473,http://linked.data.gov.au/dataset/asgsed3/SA2/303041070,15807.3596651206,12192876.9656487
1240,303041071,Tarragindi,0,No change,30304,Nathan,303,Brisbane - South,3GBRI,Greater Brisbane,3,Queensland,AUS,Australia,4.5496,http://linked.data.gov.au/dataset/asgsed3/SA2/303041071,10803.3383303873,5807183.71408272
1241,303051072,Algester,0,No change,30305,Rocklea - Acacia Ridge,303,Brisbane - South,3GBRI,Greater Brisbane,3,Queensland,AUS,Australia,3.6903,http://linked.data.gov.au/dataset/asgsed3/SA2/303051072,10801.845355952,4718423.42403718
1242,303051073,Calamvale - Stretton,0,No change,30305,Rocklea - Acacia Ridge,303,Brisbane - South,3GBRI,Greater Brisbane,3,Queensland,AUS,Australia,19.7359,http://linked.data.gov.au/dataset/asgsed3/SA2/303051073,25692.2360098023,25239532.8704031
1243,303051074,Pallara - Willawong,0,No change,30305,Rocklea - Acacia Ridge,303,Brisbane - South,3GBRI,Greater Brisbane,3,Queensland,AUS,Australia,26.6981,http://linked.data.gov.au/dataset/asgsed3/SA2/303051074,38567.860571532,34139028.1109737
1244,303051075,Parkinson - Drewvale,0,No change,30305,Rocklea - Acacia Ridge,303,Brisbane - South,3GBRI,Greater Brisbane,3,Queensland,AUS,Australia,12.6742,http://linked.data.gov.au/dataset/asgsed3/SA2/303051075,18241.7296958725,16213109.6310095
1245,303051076,Rocklea - Acacia Ridge,0,No change,30305,Rocklea - Acacia Ridge,303,Brisbane - South,3GBRI,Greater Brisbane,3,Queensland,AUS,Australia,22.4461,http://linked.data.gov.au/dataset/asgsed3/SA2/303051076,37948.0840381915,28673314.3590283
1246,303061077,Kuraby,0,No change,30306,Sunnybank,303,Brisbane - South,3GBRI,Greater Brisbane,3,Queensland,AUS,Australia,4.6423,http://linked.data.gov.au/dataset/asgsed3/SA2/303061077,11210.8645301326,5934351.53128601
1247,303061078,Runcorn,0,No change,30306,Sunnybank,303,Brisbane - South,3GBRI,Greater Brisbane,3,Queensland,AUS,Australia,6.6898,http://linked.data.gov.au/dataset/asgsed3/SA2/303061078,14639.5476937862,8550480.89765338
1248,303061079,Sunnybank,0,No change,30306,Sunnybank,303,Brisbane - South,3GBRI,Greater Brisbane,3,Queensland,AUS,Australia,4.387,http://linked.data.gov.au/dataset/asgsed3/SA2/303061079,12161.7791432941,5606176.73548608
1249,303061080,Sunnybank Hills,0,No change,30306,Sunnybank,303,Brisbane - South,3GBRI,Greater Brisbane,3,Queensland,AUS,Australia,6.4409,http://linked.data.gov.au/dataset/asgsed3/SA2/303061080,13579.667061633,8232586.20504314
1250,304011081,Jindalee - Mount Ommaney,0,No change,30401,Centenary,304,Brisbane - West,3GBRI,Greater Brisbane,3,Queensland,AUS,Australia,4.8007,http://linked.data.gov.au/dataset/asgsed3/SA2/304011081,10937.9157698289,6130194.62488365
1251,304011082,Middle Park - Jamboree Heights,0,No change,30401,Centenary,304,Brisbane - West,3GBRI,Greater Brisbane,3,Queensland,AUS,Australia,2.6736,http://linked.data.gov.au/dataset/asgsed3/SA2/304011082,8826.8410508856,3414708.50761926
1252,304011083,Riverhills,0,No change,30401,Centenary,304,Brisbane - West,3GBRI,Greater Brisbane,3,Queensland,AUS,Australia,2.1789,http://linked.data.gov.au/dataset/asgsed3/SA2/304011083,9113.52095602043,2782794.35666902
1253,304011084,Seventeen Mile Rocks - Sinnamon Park,0,No change,30401,Centenary,304,Brisbane - West,3GBRI,Greater Brisbane,3,Queensland,AUS,Australia,5.4184,http://linked.data.gov.au/dataset/asgsed3/SA2/304011084,11588.6581054789,6919068.51652983
1254,304011085,Westlake,0,No change,30401,Centenary,304,Brisbane - West,3GBRI,Greater Brisbane,3,Queensland,AUS,Australia,1.9039,http://linked.data.gov.au/dataset/asgsed3/SA2/304011085,7638.68682395209,2431678.21519835
1255,304021086,Bellbowrie - Moggill,0,No change,30402,Kenmore - Brookfield - Moggill,304,Brisbane - West,3GBRI,Greater Brisbane,3,Queensland,AUS,Australia,17.4209,http://linked.data.gov.au/dataset/asgsed3/SA2/304021086,30459.3805088115,22257004.982008
1256,304021087,Brookfield - Kenmore Hills,0,No change,30402,Kenmore - Brookfield - Moggill,304,Brisbane - West,3GBRI,Greater Brisbane,3,Queensland,AUS,Australia,58.0413,http://linked.data.gov.au/dataset/asgsed3/SA2/304021087,52453.136518702,74024609.5541334
1257,304021088,Chapel Hill,0,No change,30402,Kenmore - Brookfield - Moggill,304,Brisbane - West,3GBRI,Greater Brisbane,3,Queensland,AUS,Australia,5.3985,http://linked.data.gov.au/dataset/asgsed3/SA2/304021088,15314.1360041923,6887914.94590635
1258,304021089,Fig Tree Pocket,0,No change,30402,Kenmore - Brookfield - Moggill,304,Brisbane - West,3GBRI,Greater Brisbane,3,Queensland,AUS,Australia,4.2808,http://linked.data.gov.au/dataset/asgsed3/SA2/304021089,11430.1426002678,5464914.45628408
1259,304021090,Kenmore,0,No change,30402,Kenmore - Brookfield - Moggill,304,Brisbane - West,3GBRI,Greater Brisbane,3,Queensland,AUS,Australia,5.2795,http://linked.data.gov.au/dataset/asgsed3/SA2/304021090,14849.2353543595,6737571.27174242
1260,304021091,Pinjarra Hills - Pullenvale,0,No change,30402,Kenmore - Brookfield - Moggill,304,Brisbane - West,3GBRI,Greater Brisbane,3,Queensland,AUS,Australia,44.1902,http://linked.data.gov.au/dataset/asgsed3/SA2/304021091,40679.5274830973,56408209.2434871
1261,304031092,Chelmer - Graceville,0,No change,30403,Sherwood - Indooroopilly,304,Brisbane - West,3GBRI,Greater Brisbane,3,Queensland,AUS,Australia,3.2389,http://linked.data.gov.au/dataset/asgsed3/SA2/304031092,9231.07172752444,4133864.5301336
1262,304031093,Corinda,0,No change,30403,Sherwood - Indooroopilly,304,Brisbane - West,3GBRI,Greater Brisbane,3,Queensland,AUS,Australia,2.884,http://linked.data.gov.au/dataset/asgsed3/SA2/304031093,12715.0997497929,3682602.17869667
1263,304031094,Indooroopilly,0,No change,30403,Sherwood - Indooroopilly,304,Brisbane - West,3GBRI,Greater Brisbane,3,Queensland,AUS,Australia,7.3542,http://linked.data.gov.au/dataset/asgsed3/SA2/304031094,21964.7198126637,9384283.01401733
1264,304031095,Sherwood,0,No change,30403,Sherwood - Indooroopilly,304,Brisbane - West,3GBRI,Greater Brisbane,3,Queensland,AUS,Australia,2.2804,http://linked.data.gov.au/dataset/asgsed3/SA2/304031095,7652.3876138013,2911040.56415502
1265,304031096,St Lucia,0,No change,30403,Sherwood - Indooroopilly,304,Brisbane - West,3GBRI,Greater Brisbane,3,Queensland,AUS,Australia,3.4245,http://linked.data.gov.au/dataset/asgsed3/SA2/304031096,9194.12513859633,4368869.10725458
1266,304031097,Taringa,0,No change,30403,Sherwood - Indooroopilly,304,Brisbane - West,3GBRI,Greater Brisbane,3,Queensland,AUS,Australia,2.1143,http://linked.data.gov.au/dataset/asgsed3/SA2/304031097,10734.6924732425,2696897.37209936
1267,304041098,Enoggera,0,No change,30404,The Gap - Enoggera,304,Brisbane - West,3GBRI,Greater Brisbane,3,Queensland,AUS,Australia,9.6008,http://linked.data.gov.au/dataset/asgsed3/SA2/304041098,20870.7156028377,12234306.7369105
1268,304041099,Enoggera Reservoir,0,No change,30404,The Gap - Enoggera,304,Brisbane - West,3GBRI,Greater Brisbane,3,Queensland,AUS,Australia,37.694,http://linked.data.gov.au/dataset/asgsed3/SA2/304041099,44667.4355094299,48036772.7747227
1269,304041100,Keperra,0,No change,30404,The Gap - Enoggera,304,Brisbane - West,3GBRI,Greater Brisbane,3,Queensland,AUS,Australia,5.1925,http://linked.data.gov.au/dataset/asgsed3/SA2/304041100,16055.6786245518,6614951.00791495
1270,304041101,Mitchelton,0,No change,30404,The Gap - Enoggera,304,Brisbane - West,3GBRI,Greater Brisbane,3,Queensland,AUS,Australia,4.2224,http://linked.data.gov.au/dataset/asgsed3/SA2/304041101,12280.5474638475,5379071.62052932
1271,304041102,Mount Coot-tha,0,No change,30404,The Gap - Enoggera,304,Brisbane - West,3GBRI,Greater Brisbane,3,Queensland,AUS,Australia,14.5975,http://linked.data.gov.au/dataset/asgsed3/SA2/304041102,26327.1073456847,18616602.6503618
1272,304041103,The Gap,0,No change,30404,The Gap - Enoggera,304,Brisbane - West,3GBRI,Greater Brisbane,3,Queensland,AUS,Australia,12.2584,http://linked.data.gov.au/dataset/asgsed3/SA2/304041103,20579.0881146849,15625148.8924666
1273,304041104,Upper Kedron - Ferny Grove,0,No change,30404,The Gap - Enoggera,304,Brisbane - West,3GBRI,Greater Brisbane,3,Queensland,AUS,Australia,13.2022,http://linked.data.gov.au/dataset/asgsed3/SA2/304041104,20618.5566745147,16819478.6344875
1274,305011105,Brisbane City,0,No change,30501,Brisbane Inner,305,Brisbane Inner City,3GBRI,Greater Brisbane,3,Queensland,AUS,Australia,2.366,http://linked.data.gov.au/dataset/asgsed3/SA2/305011105,10081.9020412372,3017122.1798144
1275,305011106,Fortitude Valley,0,No change,30501,Brisbane Inner,305,Brisbane Inner City,3GBRI,Greater Brisbane,3,Queensland,AUS,Australia,1.2745,http://linked.data.gov.au/dataset/asgsed3/SA2/305011106,6647.23758820488,1624991.45892131
1276,305011107,Highgate Hill,0,No change,30501,Brisbane Inner,305,Brisbane Inner City,3GBRI,Greater Brisbane,3,Queensland,AUS,Australia,1.21,http://linked.data.gov.au/dataset/asgsed3/SA2/305011107,5663.06513975917,1543743.46698335
1277,305011108,Kangaroo Point,0,No change,30501,Brisbane Inner,305,Brisbane Inner City,3GBRI,Greater Brisbane,3,Queensland,AUS,Australia,1.3389,http://linked.data.gov.au/dataset/asgsed3/SA2/305011108,7011.67349292568,1708249.21050094
1278,305011109,New Farm,0,No change,30501,Brisbane Inner,305,Brisbane Inner City,3GBRI,Greater Brisbane,3,Queensland,AUS,Australia,2.1438,http://linked.data.gov.au/dataset/asgsed3/SA2/305011109,7069.91427031991,2733654.59939352
1279,305011110,South Brisbane,0,No change,30501,Brisbane Inner,305,Brisbane Inner City,3GBRI,Greater Brisbane,3,Queensland,AUS,Australia,2.0166,http://linked.data.gov.au/dataset/asgsed3/SA2/305011110,8429.75713703076,2572190.67353118
1280,305011111,Spring Hill,0,No change,30501,Brisbane Inner,305,Brisbane Inner City,3GBRI,Greater Brisbane,3,Queensland,AUS,Australia,1.2432,http://linked.data.gov.au/dataset/asgsed3/SA2/305011111,6390.26381726463,1584940.65318126
1281,305011112,West End,0,No change,30501,Brisbane Inner,305,Brisbane Inner City,3GBRI,Greater Brisbane,3,Queensland,AUS,Australia,1.9654,http://linked.data.gov.au/dataset/asgsed3/SA2/305011112,6924.61665672837,2506578.41746847
1282,305021113,Balmoral,0,No change,30502,Brisbane Inner - East,305,Brisbane Inner City,3GBRI,Greater Brisbane,3,Queensland,AUS,Australia,1.3831,http://linked.data.gov.au/dataset/asgsed3/SA2/305021113,6271.49136808287,1763014.78643246
1283,305021114,Bulimba,0,No change,30502,Brisbane Inner - East,305,Brisbane Inner City,3GBRI,Greater Brisbane,3,Queensland,AUS,Australia,2.0607,http://linked.data.gov.au/dataset/asgsed3/SA2/305021114,7509.90157366027,2626978.45852864
1284,305021115,East Brisbane,0,No change,30502,Brisbane Inner - East,305,Brisbane Inner City,3GBRI,Greater Brisbane,3,Queensland,AUS,Australia,1.871,http://linked.data.gov.au/dataset/asgsed3/SA2/305021115,8946.41735829041,2387435.91666524
1285,305021116,Hawthorne,0,No change,30502,Brisbane Inner - East,305,Brisbane Inner City,3GBRI,Greater Brisbane,3,Queensland,AUS,Australia,1.3864,http://linked.data.gov.au/dataset/asgsed3/SA2/305021116,6245.18574968159,1767516.2424826
1286,305021117,Morningside - Seven Hills,0,No change,30502,Brisbane Inner - East,305,Brisbane Inner City,3GBRI,Greater Brisbane,3,Queensland,AUS,Australia,6.6453,http://linked.data.gov.au/dataset/asgsed3/SA2/305021117,19226.5553506529,8473626.58594127
1287,305021118,Norman Park,0,No change,30502,Brisbane Inner - East,305,Brisbane Inner City,3GBRI,Greater Brisbane,3,Queensland,AUS,Australia,2.2523,http://linked.data.gov.au/dataset/asgsed3/SA2/305021118,11231.9223844337,2872870.67108075
1288,305031119,Albion,0,No change,30503,Brisbane Inner - North,305,Brisbane Inner City,3GBRI,Greater Brisbane,3,Queensland,AUS,Australia,1.5055,http://linked.data.gov.au/dataset/asgsed3/SA2/305031119,7929.77903285407,1918470.2477082
1289,305031120,Alderley,0,No change,30503,Brisbane Inner - North,305,Brisbane Inner City,3GBRI,Greater Brisbane,3,Queensland,AUS,Australia,2.4567,http://linked.data.gov.au/dataset/asgsed3/SA2/305031120,10186.5743616562,3130720.68420392
1290,305031121,Ascot,0,No change,30503,Brisbane Inner - North,305,Brisbane Inner City,3GBRI,Greater Brisbane,3,Queensland,AUS,Australia,2.4681,http://linked.data.gov.au/dataset/asgsed3/SA2/305031121,10448.9757693294,3144789.1947411
1291,305031122,Clayfield,0,No change,30503,Brisbane Inner - North,305,Brisbane Inner City,3GBRI,Greater Brisbane,3,Queensland,AUS,Australia,2.9262,http://linked.data.gov.au/dataset/asgsed3/SA2/305031122,9948.37714175797,3728110.06739069
1292,305031123,Grange,0,No change,30503,Brisbane Inner - North,305,Brisbane Inner City,3GBRI,Greater Brisbane,3,Queensland,AUS,Australia,1.7881,http://linked.data.gov.au/dataset/asgsed3/SA2/305031123,8431.13440464231,2278046.97104824
1293,305031124,Hamilton (Qld),0,No change,30503,Brisbane Inner - North,305,Brisbane Inner City,3GBRI,Greater Brisbane,3,Queensland,AUS,Australia,1.6387,http://linked.data.gov.au/dataset/asgsed3/SA2/305031124,9787.96033249978,2087821.43748295
1294,305031125,Hendra,0,No change,30503,Brisbane Inner - North,305,Brisbane Inner City,3GBRI,Greater Brisbane,3,Queensland,AUS,Australia,2.6919,http://linked.data.gov.au/dataset/asgsed3/SA2/305031125,9177.05598788063,3429371.46754865
1295,305031126,Kelvin Grove - Herston,0,No change,30503,Brisbane Inner - North,305,Brisbane Inner City,3GBRI,Greater Brisbane,3,Queensland,AUS,Australia,3.3694,http://linked.data.gov.au/dataset/asgsed3/SA2/305031126,9049.84318985451,4294662.48749399
1296,305031127,Newmarket,0,No change,30503,Brisbane Inner - North,305,Brisbane Inner City,3GBRI,Greater Brisbane,3,Queensland,AUS,Australia,1.6584,http://linked.data.gov.au/dataset/asgsed3/SA2/305031127,9124.27991517578,2113652.22853167
1297,305031128,Newstead - Bowen Hills,0,No change,30503,Brisbane Inner - North,305,Brisbane Inner City,3GBRI,Greater Brisbane,3,Queensland,AUS,Australia,3.0558,http://linked.data.gov.au/dataset/asgsed3/SA2/305031128,12963.2013053221,3895146.1003392
1298,305031129,Wilston,0,No change,30503,Brisbane Inner - North,305,Brisbane Inner City,3GBRI,Greater Brisbane,3,Queensland,AUS,Australia,1.3878,http://linked.data.gov.au/dataset/asgsed3/SA2/305031129,6676.62672604371,1768406.65313128
1299,305031130,Windsor,0,No change,30503,Brisbane Inner - North,305,Brisbane Inner City,3GBRI,Greater Brisbane,3,Queensland,AUS,Australia,2.9152,http://linked.data.gov.au/dataset/asgsed3/SA2/305031130,8528.10666210808,3714773.56356679
1300,305031131,Wooloowin - Lutwyche,0,No change,30503,Brisbane Inner - North,305,Brisbane Inner City,3GBRI,Greater Brisbane,3,Queensland,AUS,Australia,3.0848,http://linked.data.gov.au/dataset/asgsed3/SA2/305031131,10422.5039136251,3929314.75336488
1301,305041132,Ashgrove,0,No change,30504,Brisbane Inner - West,305,Brisbane Inner City,3GBRI,Greater Brisbane,3,Queensland,AUS,Australia,6.5216,http://linked.data.gov.au/dataset/asgsed3/SA2/305041132,20691.245456704,8311980.37252734
1302,305041133,Auchenflower,0,No change,30504,Brisbane Inner - West,305,Brisbane Inner City,3GBRI,Greater Brisbane,3,Queensland,AUS,Australia,1.2722,http://linked.data.gov.au/dataset/asgsed3/SA2/305041133,6369.157264765,1621892.59367734
1303,305041134,Bardon,0,No change,30504,Brisbane Inner - West,305,Brisbane Inner City,3GBRI,Greater Brisbane,3,Queensland,AUS,Australia,4.6852,http://linked.data.gov.au/dataset/asgsed3/SA2/305041134,13953.832447119,5974069.55653272
1304,305041135,Paddington - Milton,0,No change,30504,Brisbane Inner - West,305,Brisbane Inner City,3GBRI,Greater Brisbane,3,Queensland,AUS,Australia,3.5836,http://linked.data.gov.au/dataset/asgsed3/SA2/305041135,10102.1674937421,4570048.11134008
1305,305041136,Red Hill (Qld),0,No change,30504,Brisbane Inner - West,305,Brisbane Inner City,3GBRI,Greater Brisbane,3,Queensland,AUS,Australia,1.69,http://linked.data.gov.au/dataset/asgsed3/SA2/305041136,9039.51956399164,2154592.80079691
1306,305041137,Toowong,0,No change,30504,Brisbane Inner - West,305,Brisbane Inner City,3GBRI,Greater Brisbane,3,Queensland,AUS,Australia,3.8829,http://linked.data.gov.au/dataset/asgsed3/SA2/305041137,12955.1592603144,4952299.65187492
1307,306011138,Brinsmead,0,No change,30601,Cairns - North,306,Cairns,3RQLD,Rest of Qld,3,Queensland,AUS,Australia,5.1185,http://linked.data.gov.au/dataset/asgsed3/SA2/306011138,14960.2840040727,5622027.08407202
1308,306011139,Clifton Beach - Kewarra Beach,0,No change,30601,Cairns - North,306,Cairns,3RQLD,Rest of Qld,3,Queensland,AUS,Australia,37.6377,http://linked.data.gov.au/dataset/asgsed3/SA2/306011139,52681.9925120169,41288181.0000624
1309,306011140,Freshwater - Stratford,0,No change,30601,Cairns - North,306,Cairns,3RQLD,Rest of Qld,3,Queensland,AUS,Australia,15.1181,http://linked.data.gov.au/dataset/asgsed3/SA2/306011140,27513.7683260544,16602430.7577293
1310,306011141,Redlynch,0,No change,30601,Cairns - North,306,Cairns,3RQLD,Rest of Qld,3,Queensland,AUS,Australia,59.3881,http://linked.data.gov.au/dataset/asgsed3/SA2/306011141,55895.3616373368,65230119.9686716
1311,306011142,Trinity Beach - Smithfield,0,No change,30601,Cairns - North,306,Cairns,3RQLD,Rest of Qld,3,Queensland,AUS,Australia,22.0477,http://linked.data.gov.au/dataset/asgsed3/SA2/306011142,29886.3325879078,24196183.4355731
1312,306011143,Yorkeys Knob - Machans Beach,0,No change,30601,Cairns - North,306,Cairns,3RQLD,Rest of Qld,3,Queensland,AUS,Australia,21.0049,http://linked.data.gov.au/dataset/asgsed3/SA2/306011143,32545.4770587403,23057667.5333246
1313,306021144,Bentley Park,0,No change,30602,Cairns - South,306,Cairns,3RQLD,Rest of Qld,3,Queensland,AUS,Australia,6.8595,http://linked.data.gov.au/dataset/asgsed3/SA2/306021144,14789.7057018054,7543084.66548823
1314,306021145,Cairns City,0,No change,30602,Cairns - South,306,Cairns,3RQLD,Rest of Qld,3,Queensland,AUS,Australia,6.2093,http://linked.data.gov.au/dataset/asgsed3/SA2/306021145,15822.2330304639,6821589.59855588
1315,306021146,Earlville - Bayview Heights,0,No change,30602,Cairns - South,306,Cairns,3RQLD,Rest of Qld,3,Queensland,AUS,Australia,7.8621,http://linked.data.gov.au/dataset/asgsed3/SA2/306021146,16283.3251903977,8640539.70773963
1316,306021147,Edmonton,0,No change,30602,Cairns - South,306,Cairns,3RQLD,Rest of Qld,3,Queensland,AUS,Australia,19.9982,http://linked.data.gov.au/dataset/asgsed3/SA2/306021147,31016.0420511223,21993314.7131614
1317,306021148,Gordonvale - Trinity,0,No change,30602,Cairns - South,306,Cairns,3RQLD,Rest of Qld,3,Queensland,AUS,Australia,327.0868,http://linked.data.gov.au/dataset/asgsed3/SA2/306021148,187079.532688391,359884837.642628
1318,306021149,Kanimbla - Mooroobool,0,No change,30602,Cairns - South,306,Cairns,3RQLD,Rest of Qld,3,Queensland,AUS,Australia,7.6847,http://linked.data.gov.au/dataset/asgsed3/SA2/306021149,14698.3897335032,8443765.05493988
1319,306021150,Lamb Range,0,No change,30602,Cairns - South,306,Cairns,3RQLD,Rest of Qld,3,Queensland,AUS,Australia,212.6428,http://linked.data.gov.au/dataset/asgsed3/SA2/306021150,134524.021804997,233948613.639349
1320,306021151,Manoora,0,No change,30602,Cairns - South,306,Cairns,3RQLD,Rest of Qld,3,Queensland,AUS,Australia,2.2314,http://linked.data.gov.au/dataset/asgsed3/SA2/306021151,7092.0495511114,2451697.55079937
1321,306021152,Manunda,0,No change,30602,Cairns - South,306,Cairns,3RQLD,Rest of Qld,3,Queensland,AUS,Australia,4.2458,http://linked.data.gov.au/dataset/asgsed3/SA2/306021152,10505.5212924323,4664481.2872618
1322,306021153,Mount Sheridan,0,No change,30602,Cairns - South,306,Cairns,3RQLD,Rest of Qld,3,Queensland,AUS,Australia,6.7389,http://linked.data.gov.au/dataset/asgsed3/SA2/306021153,12509.0101950957,7409428.27296586
1323,306021154,Westcourt - Bungalow,0,No change,30602,Cairns - South,306,Cairns,3RQLD,Rest of Qld,3,Queensland,AUS,Australia,9.7287,http://linked.data.gov.au/dataset/asgsed3/SA2/306021154,17764.3443312084,10690559.5570579
1324,306021155,White Rock,0,No change,30602,Cairns - South,306,Cairns,3RQLD,Rest of Qld,3,Queensland,AUS,Australia,9.5277,http://linked.data.gov.au/dataset/asgsed3/SA2/306021155,17050.8657037526,10474363.3756518
1325,306021156,Whitfield - Edge Hill,0,No change,30602,Cairns - South,306,Cairns,3RQLD,Rest of Qld,3,Queensland,AUS,Australia,6.9259,http://linked.data.gov.au/dataset/asgsed3/SA2/306021156,13893.8610926028,7607942.51640813
1326,306021157,Woree,0,No change,30602,Cairns - South,306,Cairns,3RQLD,Rest of Qld,3,Queensland,AUS,Australia,5.7346,http://linked.data.gov.au/dataset/asgsed3/SA2/306021157,14771.415324497,6303185.71673516
1327,306031158,Babinda,0,No change,30603,Innisfail - Cassowary Coast,306,Cairns,3RQLD,Rest of Qld,3,Queensland,AUS,Australia,669.1832,http://linked.data.gov.au/dataset/asgsed3/SA2/306031158,238382.748320595,738574513.939954
1328,306031159,Innisfail,0,No change,30603,Innisfail - Cassowary Coast,306,Cairns,3RQLD,Rest of Qld,3,Queensland,AUS,Australia,53.0453,http://linked.data.gov.au/dataset/asgsed3/SA2/306031159,73513.6563799549,58654448.1604724
1329,306031160,Johnstone,0,No change,30603,Innisfail - Cassowary Coast,306,Cairns,3RQLD,Rest of Qld,3,Queensland,AUS,Australia,1294.6919,http://linked.data.gov.au/dataset/asgsed3/SA2/306031160,248269.102213788,1434248676.63005
1330,306031161,Tully,0,No change,30603,Innisfail - Cassowary Coast,306,Cairns,3RQLD,Rest of Qld,3,Queensland,AUS,Australia,3065.1355,http://linked.data.gov.au/dataset/asgsed3/SA2/306031161,706071.031172514,3411857307.72647
1331,306031162,Wooroonooran,0,No change,30603,Innisfail - Cassowary Coast,306,Cairns,3RQLD,Rest of Qld,3,Queensland,AUS,Australia,754.2885,http://linked.data.gov.au/dataset/asgsed3/SA2/306031162,282212.448824335,832778514.761647
1332,306031163,Yarrabah,0,No change,30603,Innisfail - Cassowary Coast,306,Cairns,3RQLD,Rest of Qld,3,Queensland,AUS,Australia,158.8381,http://linked.data.gov.au/dataset/asgsed3/SA2/306031163,112473.292881314,174645460.562538
1333,306041164,Daintree,0,No change,30604,Port Douglas - Daintree,306,Cairns,3RQLD,Rest of Qld,3,Queensland,AUS,Australia,2231.2024,http://linked.data.gov.au/dataset/asgsed3/SA2/306041164,315044.710545454,2433120566.15384
1334,306041165,Port Douglas,0,No change,30604,Port Douglas - Daintree,306,Cairns,3RQLD,Rest of Qld,3,Queensland,AUS,Australia,189.8889,http://linked.data.gov.au/dataset/asgsed3/SA2/306041165,110781.759456209,207898298.939579
1335,306051166,Atherton,0,No change,30605,Tablelands (East) - Kuranda,306,Cairns,3RQLD,Rest of Qld,3,Queensland,AUS,Australia,235.1883,http://linked.data.gov.au/dataset/asgsed3/SA2/306051166,99202.8334142083,259201882.920367
1336,306051167,Herberton,0,No change,30605,Tablelands (East) - Kuranda,306,Cairns,3RQLD,Rest of Qld,3,Queensland,AUS,Australia,9566.224,http://linked.data.gov.au/dataset/asgsed3/SA2/306051167,677829.603755573,10638301339.81
1337,306051168,Kuranda,0,No change,30605,Tablelands (East) - Kuranda,306,Cairns,3RQLD,Rest of Qld,3,Queensland,AUS,Australia,591.3182,http://linked.data.gov.au/dataset/asgsed3/SA2/306051168,141620.654866523,649060519.324168
1338,306051169,Malanda - Yungaburra,0,No change,30605,Tablelands (East) - Kuranda,306,Cairns,3RQLD,Rest of Qld,3,Queensland,AUS,Australia,1254.9789,http://linked.data.gov.au/dataset/asgsed3/SA2/306051169,330685.745238142,1385386601.87689
1339,306051170,Mareeba,0,No change,30605,Tablelands (East) - Kuranda,306,Cairns,3RQLD,Rest of Qld,3,Queensland,AUS,Australia,480.2032,http://linked.data.gov.au/dataset/asgsed3/SA2/306051170,133726.937579361,528237877.895844
1340,307011171,Balonne,0,No change,30701,Darling Downs (West) - Maranoa,307,Darling Downs - Maranoa,3RQLD,Rest of Qld,3,Queensland,AUS,Australia,31104.0851,http://linked.data.gov.au/dataset/asgsed3/SA2/307011171,1034761.99738773,40285129046.383
1341,307011172,Chinchilla,0,No change,30701,Darling Downs (West) - Maranoa,307,Darling Downs - Maranoa,3RQLD,Rest of Qld,3,Queensland,AUS,Australia,8048.7229,http://linked.data.gov.au/dataset/asgsed3/SA2/307011172,627574.051291161,10068359720.6391
1342,307011173,Goondiwindi,0,No change,30701,Darling Downs (West) - Maranoa,307,Darling Downs - Maranoa,3RQLD,Rest of Qld,3,Queensland,AUS,Australia,830.4585,http://linked.data.gov.au/dataset/asgsed3/SA2/307011173,156599.805803486,1077175861.95614
1343,307011174,Inglewood - Waggamba,0,No change,30701,Darling Downs (West) - Maranoa,307,Darling Downs - Maranoa,3RQLD,Rest of Qld,3,Queensland,AUS,Australia,17523.0601,http://linked.data.gov.au/dataset/asgsed3/SA2/307011174,1393235.89941662,22729137117.3837
1344,307011175,Miles - Wandoan,0,No change,30701,Darling Downs (West) - Maranoa,307,Darling Downs - Maranoa,3RQLD,Rest of Qld,3,Queensland,AUS,Australia,11841.615,http://linked.data.gov.au/dataset/asgsed3/SA2/307011175,858867.286668261,14821387248.7506
1345,307011176,Roma,0,No change,30701,Darling Downs (West) - Maranoa,307,Darling Downs - Maranoa,3RQLD,Rest of Qld,3,Queensland,AUS,Australia,78.0284,http://linked.data.gov.au/dataset/asgsed3/SA2/307011176,40433.8012199231,97927256.879702
1346,307011177,Roma Surrounds,3,Name change,30701,Darling Downs (West) - Maranoa,307,Darling Downs - Maranoa,3RQLD,Rest of Qld,3,Queensland,AUS,Australia,58626.3627,http://linked.data.gov.au/dataset/asgsed3/SA2/307011177,1726752.33841845,73567277104.8366
1347,307011178,Tara,0,No change,30701,Darling Downs (West) - Maranoa,307,Darling Downs - Maranoa,3RQLD,Rest of Qld,3,Queensland,AUS,Australia,13208.4392,http://linked.data.gov.au/dataset/asgsed3/SA2/307011178,672515.926138146,16854418001.5832
1348,307021179,Crows Nest - Rosalie,0,No change,30702,Darling Downs - East,307,Darling Downs - Maranoa,3RQLD,Rest of Qld,3,Queensland,AUS,Australia,3250.6881,http://linked.data.gov.au/dataset/asgsed3/SA2/307021179,497798.118146382,4120738619.34679
1349,307021180,Jondaryan,0,No change,30702,Darling Downs - East,307,Darling Downs - Maranoa,3RQLD,Rest of Qld,3,Queensland,AUS,Australia,2130.3447,http://linked.data.gov.au/dataset/asgsed3/SA2/307021180,375514.642306772,2714711430.03046
1350,307021181,Millmerran,0,No change,30702,Darling Downs - East,307,Darling Downs - Maranoa,3RQLD,Rest of Qld,3,Queensland,AUS,Australia,4517.0062,http://linked.data.gov.au/dataset/asgsed3/SA2/307021181,436033.563086862,5800383557.67065
1351,307021182,Pittsworth,0,No change,30702,Darling Downs - East,307,Darling Downs - Maranoa,3RQLD,Rest of Qld,3,Queensland,AUS,Australia,1054.9292,http://linked.data.gov.au/dataset/asgsed3/SA2/307021182,270682.500621739,1351221021.83578
1352,307021183,Wambo,0,No change,30702,Darling Downs - East,307,Darling Downs - Maranoa,3RQLD,Rest of Qld,3,Queensland,AUS,Australia,5700.3324,http://linked.data.gov.au/dataset/asgsed3/SA2/307021183,485662.828712673,7213071381.66147
1353,307031184,Clifton - Greenmount,0,No change,30703,Granite Belt,307,Darling Downs - Maranoa,3RQLD,Rest of Qld,3,Queensland,AUS,Australia,1263.947,http://linked.data.gov.au/dataset/asgsed3/SA2/307031184,286296.127393072,1623444336.30465
1354,307031185,Southern Downs - East,0,No change,30703,Granite Belt,307,Darling Downs - Maranoa,3RQLD,Rest of Qld,3,Queensland,AUS,Australia,1634.5787,http://linked.data.gov.au/dataset/asgsed3/SA2/307031185,258508.933759087,2113354537.53909
1355,307031186,Southern Downs - West,0,No change,30703,Granite Belt,307,Darling Downs - Maranoa,3RQLD,Rest of Qld,3,Queensland,AUS,Australia,2684.545,http://linked.data.gov.au/dataset/asgsed3/SA2/307031186,445190.750382184,3468030795.71468
1356,307031187,Stanthorpe,0,No change,30703,Granite Belt,307,Darling Downs - Maranoa,3RQLD,Rest of Qld,3,Queensland,AUS,Australia,33.6495,http://linked.data.gov.au/dataset/asgsed3/SA2/307031187,38590.5696011959,43861203.1466742
1357,307031188,Stanthorpe Surrounds,3,Name change,30703,Granite Belt,307,Darling Downs - Maranoa,3RQLD,Rest of Qld,3,Queensland,AUS,Australia,2657.148,http://linked.data.gov.au/dataset/asgsed3/SA2/307031188,388418.353866676,3468762334.24259
1358,307031189,Warwick,0,No change,30703,Granite Belt,307,Darling Downs - Maranoa,3RQLD,Rest of Qld,3,Queensland,AUS,Australia,158.7231,http://linked.data.gov.au/dataset/asgsed3/SA2/307031189,86455.1864182596,205243766.251878
1359,308011190,Central Highlands - East,0,No change,30801,Central Highlands (Qld),308,Central Queensland,3RQLD,Rest of Qld,3,Queensland,AUS,Australia,18635.1607,http://linked.data.gov.au/dataset/asgsed3/SA2/308011190,1062935.57765324,22406048865.8147
1360,308011191,Central Highlands - West,0,No change,30801,Central Highlands (Qld),308,Central Queensland,3RQLD,Rest of Qld,3,Queensland,AUS,Australia,41551.251,http://linked.data.gov.au/dataset/asgsed3/SA2/308011191,1517658.40267379,50080587805.94
1361,308011192,Emerald,0,No change,30801,Central Highlands (Qld),308,Central Queensland,3RQLD,Rest of Qld,3,Queensland,AUS,Australia,38.982,http://linked.data.gov.au/dataset/asgsed3/SA2/308011192,42041.1786972998,46589380.7869326
1362,308031205,Berserker,0,No change,30803,Rockhampton,308,Central Queensland,3RQLD,Rest of Qld,3,Queensland,AUS,Australia,10.0234,http://linked.data.gov.au/dataset/asgsed3/SA2/308031205,15773.5548162095,11951151.2267251
1363,308031206,Bouldercombe,0,No change,30803,Rockhampton,308,Central Queensland,3RQLD,Rest of Qld,3,Queensland,AUS,Australia,1348.7805,http://linked.data.gov.au/dataset/asgsed3/SA2/308031206,291173.6436144,1614268213.5171
1364,308031207,Emu Park,0,No change,30803,Rockhampton,308,Central Queensland,3RQLD,Rest of Qld,3,Queensland,AUS,Australia,40.8378,http://linked.data.gov.au/dataset/asgsed3/SA2/308031207,58555.777055895,48606988.1409968
1365,308031208,Frenchville - Mount Archer,0,No change,30803,Rockhampton,308,Central Queensland,3RQLD,Rest of Qld,3,Queensland,AUS,Australia,30.2572,http://linked.data.gov.au/dataset/asgsed3/SA2/308031208,37930.6071482959,36051311.23568
1366,308031209,Glenlee - Rockyview,0,No change,30803,Rockhampton,308,Central Queensland,3RQLD,Rest of Qld,3,Queensland,AUS,Australia,208.0475,http://linked.data.gov.au/dataset/asgsed3/SA2/308031209,96055.0813019769,247526614.889208
1367,308031210,Gracemere,0,No change,30803,Rockhampton,308,Central Queensland,3RQLD,Rest of Qld,3,Queensland,AUS,Australia,153.886,http://linked.data.gov.au/dataset/asgsed3/SA2/308031210,75613.5965026517,183787519.11605
1368,308031211,Lakes Creek,0,No change,30803,Rockhampton,308,Central Queensland,3RQLD,Rest of Qld,3,Queensland,AUS,Australia,16.8069,http://linked.data.gov.au/dataset/asgsed3/SA2/308031211,23078.5558537264,20037061.5711926
1369,308031212,Mount Morgan,0,No change,30803,Rockhampton,308,Central Queensland,3RQLD,Rest of Qld,3,Queensland,AUS,Australia,490.6655,http://linked.data.gov.au/dataset/asgsed3/SA2/308031212,154403.502810967,588070856.333489
1370,308031213,Norman Gardens,0,No change,30803,Rockhampton,308,Central Queensland,3RQLD,Rest of Qld,3,Queensland,AUS,Australia,36.0392,http://linked.data.gov.au/dataset/asgsed3/SA2/308031213,45850.777098246,42923205.5524545
1371,308031214,Park Avenue,0,No change,30803,Rockhampton,308,Central Queensland,3RQLD,Rest of Qld,3,Queensland,AUS,Australia,4.9631,http://linked.data.gov.au/dataset/asgsed3/SA2/308031214,11451.8654103168,5916199.23590869
1372,308031215,Parkhurst - Kawana,0,No change,30803,Rockhampton,308,Central Queensland,3RQLD,Rest of Qld,3,Queensland,AUS,Australia,28.4079,http://linked.data.gov.au/dataset/asgsed3/SA2/308031215,31765.439585623,33839869.6559422
1373,308031216,Rockhampton - West,0,No change,30803,Rockhampton,308,Central Queensland,3RQLD,Rest of Qld,3,Queensland,AUS,Australia,34.549,http://linked.data.gov.au/dataset/asgsed3/SA2/308031216,36395.9847333549,41206648.1183127
1374,308031217,Rockhampton City,0,No change,30803,Rockhampton,308,Central Queensland,3RQLD,Rest of Qld,3,Queensland,AUS,Australia,51.1683,http://linked.data.gov.au/dataset/asgsed3/SA2/308031217,39195.6730277666,61045522.2163312
1375,308031218,Rockhampton Surrounds - East,3,Name change,30803,Rockhampton,308,Central Queensland,3RQLD,Rest of Qld,3,Queensland,AUS,Australia,680.8739,http://linked.data.gov.au/dataset/asgsed3/SA2/308031218,211695.424803254,811700482.680492
1376,308031219,Rockhampton Surrounds - North,3,Name change,30803,Rockhampton,308,Central Queensland,3RQLD,Rest of Qld,3,Queensland,AUS,Australia,7572.5912,http://linked.data.gov.au/dataset/asgsed3/SA2/308031219,1215357.17153618,8952463656.58695
1377,308031220,Rockhampton Surrounds - West,3,Name change,30803,Rockhampton,308,Central Queensland,3RQLD,Rest of Qld,3,Queensland,AUS,Australia,4359.2243,http://linked.data.gov.au/dataset/asgsed3/SA2/308031220,443987.950065904,5195918380.85627
1378,308031221,Shoalwater Bay,0,No change,30803,Rockhampton,308,Central Queensland,3RQLD,Rest of Qld,3,Queensland,AUS,Australia,3176.9624,http://linked.data.gov.au/dataset/asgsed3/SA2/308031221,953899.62766168,3746697831.72763
1379,308031222,The Range - Allenstown,0,No change,30803,Rockhampton,308,Central Queensland,3RQLD,Rest of Qld,3,Queensland,AUS,Australia,5.4954,http://linked.data.gov.au/dataset/asgsed3/SA2/308031222,11951.0867147675,6554363.35328771
1380,308031223,Yeppoon,0,No change,30803,Rockhampton,308,Central Queensland,3RQLD,Rest of Qld,3,Queensland,AUS,Australia,78.5558,http://linked.data.gov.au/dataset/asgsed3/SA2/308031223,71999.9674475772,93355897.9963517
1381,308041528,Banana,0,No change,30804,Biloela,308,Central Queensland,3RQLD,Rest of Qld,3,Queensland,AUS,Australia,28531.2933,http://linked.data.gov.au/dataset/asgsed3/SA2/308041528,1445168.60633222,34853905090.112
1382,308041529,Biloela,0,No change,30804,Biloela,308,Central Queensland,3RQLD,Rest of Qld,3,Queensland,AUS,Australia,18.8932,http://linked.data.gov.au/dataset/asgsed3/SA2/308041529,28759.2826780289,22881043.1500015
1383,308051530,Agnes Water - Miriam Vale,0,No change,30805,Gladstone,308,Central Queensland,3RQLD,Rest of Qld,3,Queensland,AUS,Australia,3772.801,http://linked.data.gov.au/dataset/asgsed3/SA2/308051530,660127.853398796,4569026108.2107
1384,308051531,Boyne Island - Tannum Sands,0,No change,30805,Gladstone,308,Central Queensland,3RQLD,Rest of Qld,3,Queensland,AUS,Australia,122.9585,http://linked.data.gov.au/dataset/asgsed3/SA2/308051531,66105.9620485911,147937251.826262
1385,308051532,Callemondah,0,No change,30805,Gladstone,308,Central Queensland,3RQLD,Rest of Qld,3,Queensland,AUS,Australia,32.726,http://linked.data.gov.au/dataset/asgsed3/SA2/308051532,40987.4627479551,39293673.1105061
1386,308051533,Clinton - New Auckland,0,No change,30805,Gladstone,308,Central Queensland,3RQLD,Rest of Qld,3,Queensland,AUS,Australia,22.7815,http://linked.data.gov.au/dataset/asgsed3/SA2/308051533,34031.4183328322,27373286.4582735
1387,308051534,Gladstone,0,No change,30805,Gladstone,308,Central Queensland,3RQLD,Rest of Qld,3,Queensland,AUS,Australia,10.2312,http://linked.data.gov.au/dataset/asgsed3/SA2/308051534,24485.0904088312,12286552.5105661
1388,308051535,Gladstone Hinterland,0,No change,30805,Gladstone,308,Central Queensland,3RQLD,Rest of Qld,3,Queensland,AUS,Australia,6465.4026,http://linked.data.gov.au/dataset/asgsed3/SA2/308051535,998987.304562568,7789161487.53815
1389,308051536,Kin Kora - Sun Valley,0,No change,30805,Gladstone,308,Central Queensland,3RQLD,Rest of Qld,3,Queensland,AUS,Australia,2.6877,http://linked.data.gov.au/dataset/asgsed3/SA2/308051536,8631.17116007464,3229286.43404296
1390,308051537,South Trees,0,No change,30805,Gladstone,308,Central Queensland,3RQLD,Rest of Qld,3,Queensland,AUS,Australia,24.1106,http://linked.data.gov.au/dataset/asgsed3/SA2/308051537,32035.4068759776,28967852.859692
1391,308051538,Telina - Toolooa,0,No change,30805,Gladstone,308,Central Queensland,3RQLD,Rest of Qld,3,Queensland,AUS,Australia,23.5131,http://linked.data.gov.au/dataset/asgsed3/SA2/308051538,27686.5594983574,28263189.7811448
1392,308051539,West Gladstone,0,No change,30805,Gladstone,308,Central Queensland,3RQLD,Rest of Qld,3,Queensland,AUS,Australia,7.0739,http://linked.data.gov.au/dataset/asgsed3/SA2/308051539,14375.732895913,8496201.45878241
1393,309011224,Broadbeach Waters,0,No change,30901,Broadbeach - Burleigh,309,Gold Coast,3RQLD,Rest of Qld,3,Queensland,AUS,Australia,5.3144,http://linked.data.gov.au/dataset/asgsed3/SA2/309011224,15307.7745968679,6846097.78341984
1394,309011225,Burleigh Heads,0,No change,30901,Broadbeach - Burleigh,309,Gold Coast,3RQLD,Rest of Qld,3,Queensland,AUS,Australia,8.5594,http://linked.data.gov.au/dataset/asgsed3/SA2/309011225,20502.5776578535,11041417.7699761
1395,309011226,Burleigh Waters,0,No change,30901,Broadbeach - Burleigh,309,Gold Coast,3RQLD,Rest of Qld,3,Queensland,AUS,Australia,6.7193,http://linked.data.gov.au/dataset/asgsed3/SA2/309011226,14899.211541949,8665238.89707842
1396,309011227,Mermaid Beach - Broadbeach,0,No change,30901,Broadbeach - Burleigh,309,Gold Coast,3RQLD,Rest of Qld,3,Queensland,AUS,Australia,2.9987,http://linked.data.gov.au/dataset/asgsed3/SA2/309011227,14108.0036541802,3863524.53958292
1397,309011228,Mermaid Waters,0,No change,30901,Broadbeach - Burleigh,309,Gold Coast,3RQLD,Rest of Qld,3,Queensland,AUS,Australia,7.0845,http://linked.data.gov.au/dataset/asgsed3/SA2/309011228,14205.8858412431,9130341.92609814
1398,309011229,Miami,0,No change,30901,Broadbeach - Burleigh,309,Gold Coast,3RQLD,Rest of Qld,3,Queensland,AUS,Australia,2.9963,http://linked.data.gov.au/dataset/asgsed3/SA2/309011229,9582.21657826973,3863101.87525151
1399,309021230,Coolangatta,0,No change,30902,Coolangatta,309,Gold Coast,3RQLD,Rest of Qld,3,Queensland,AUS,Australia,1.9016,http://linked.data.gov.au/dataset/asgsed3/SA2/309021230,9755.4839041361,2456152.7907467
1400,309021231,Currumbin - Tugun,0,No change,30902,Coolangatta,309,Gold Coast,3RQLD,Rest of Qld,3,Queensland,AUS,Australia,7.9354,http://linked.data.gov.au/dataset/asgsed3/SA2/309021231,17983.3771921054,10245497.3413546
1401,309021232,Currumbin Waters,0,No change,30902,Coolangatta,309,Gold Coast,3RQLD,Rest of Qld,3,Queensland,AUS,Australia,9.8705,http://linked.data.gov.au/dataset/asgsed3/SA2/309021232,17575.6977025276,12744457.6943803
1402,309021233,Elanora,0,No change,30902,Coolangatta,309,Gold Coast,3RQLD,Rest of Qld,3,Queensland,AUS,Australia,8.8935,http://linked.data.gov.au/dataset/asgsed3/SA2/309021233,22603.9352122701,11479766.0125246
1403,309021234,Palm Beach,0,No change,30902,Coolangatta,309,Gold Coast,3RQLD,Rest of Qld,3,Queensland,AUS,Australia,6.3316,http://linked.data.gov.au/dataset/asgsed3/SA2/309021234,16016.4409954443,8168649.89259116
1404,309031235,Arundel,0,No change,30903,Gold Coast - North,309,Gold Coast,3RQLD,Rest of Qld,3,Queensland,AUS,Australia,9.7384,http://linked.data.gov.au/dataset/asgsed3/SA2/309031235,20991.6735581551,12523382.0251722
1405,309031236,Biggera Waters,0,No change,30903,Gold Coast - North,309,Gold Coast,3RQLD,Rest of Qld,3,Queensland,AUS,Australia,3.1748,http://linked.data.gov.au/dataset/asgsed3/SA2/309031236,10375.0202393558,4082296.59980563
1406,309031237,Coombabah,0,No change,30903,Gold Coast - North,309,Gold Coast,3RQLD,Rest of Qld,3,Queensland,AUS,Australia,11.6056,http://linked.data.gov.au/dataset/asgsed3/SA2/309031237,18678.4774193058,14917651.8940661
1407,309031238,Labrador,0,No change,30903,Gold Coast - North,309,Gold Coast,3RQLD,Rest of Qld,3,Queensland,AUS,Australia,4.9957,http://linked.data.gov.au/dataset/asgsed3/SA2/309031238,10329.4554191888,6425751.10068705
1408,309031239,Paradise Point - Hollywell,0,No change,30903,Gold Coast - North,309,Gold Coast,3RQLD,Rest of Qld,3,Queensland,AUS,Australia,5.6629,http://linked.data.gov.au/dataset/asgsed3/SA2/309031239,20887.8823039776,7276317.58355669
1409,309031240,Runaway Bay,0,No change,30903,Gold Coast - North,309,Gold Coast,3RQLD,Rest of Qld,3,Queensland,AUS,Australia,5.4921,http://linked.data.gov.au/dataset/asgsed3/SA2/309031240,13691.0670682469,7060340.12569736
1410,309041241,Guanaba - Springbrook,0,No change,30904,Gold Coast Hinterland,309,Gold Coast,3RQLD,Rest of Qld,3,Queensland,AUS,Australia,303.6558,http://linked.data.gov.au/dataset/asgsed3/SA2/309041241,157692.301770356,391804436.624132
1411,309041242,Tamborine - Canungra,0,No change,30904,Gold Coast Hinterland,309,Gold Coast,3RQLD,Rest of Qld,3,Queensland,AUS,Australia,524.3914,http://linked.data.gov.au/dataset/asgsed3/SA2/309041242,261603.792515923,676378707.79009
1412,309051243,Currumbin Valley - Tallebudgera,0,No change,30905,Mudgeeraba - Tallebudgera,309,Gold Coast,3RQLD,Rest of Qld,3,Queensland,AUS,Australia,114.3088,http://linked.data.gov.au/dataset/asgsed3/SA2/309051243,73213.4693456395,147691668.347584
1413,309051244,Mudgeeraba - Bonogin,0,No change,30905,Mudgeeraba - Tallebudgera,309,Gold Coast,3RQLD,Rest of Qld,3,Queensland,AUS,Australia,66.6425,http://linked.data.gov.au/dataset/asgsed3/SA2/309051244,58319.2701932957,85997272.4110625
1414,309051245,Reedy Creek - Andrews,0,No change,30905,Mudgeeraba - Tallebudgera,309,Gold Coast,3RQLD,Rest of Qld,3,Queensland,AUS,Australia,8.0893,http://linked.data.gov.au/dataset/asgsed3/SA2/309051245,19705.5955675725,10437062.0066246
1415,309061246,Carrara,0,No change,30906,Nerang,309,Gold Coast,3RQLD,Rest of Qld,3,Queensland,AUS,Australia,14.5909,http://linked.data.gov.au/dataset/asgsed3/SA2/309061246,22964.1840737434,18793910.8785881
1416,309061247,Highland Park,0,No change,30906,Nerang,309,Gold Coast,3RQLD,Rest of Qld,3,Queensland,AUS,Australia,4.6312,http://linked.data.gov.au/dataset/asgsed3/SA2/309061247,12769.3427801637,5964740.23569501
1417,309061248,Nerang - Mount Nathan,0,No change,30906,Nerang,309,Gold Coast,3RQLD,Rest of Qld,3,Queensland,AUS,Australia,61.4985,http://linked.data.gov.au/dataset/asgsed3/SA2/309061248,72392.3407188385,79168353.8617186
1418,309061249,Pacific Pines - Gaven,0,No change,30906,Nerang,309,Gold Coast,3RQLD,Rest of Qld,3,Queensland,AUS,Australia,16.4182,http://linked.data.gov.au/dataset/asgsed3/SA2/309061249,23682.7342582256,21118495.8146917
1419,309061250,Worongary - Tallai,0,No change,30906,Nerang,309,Gold Coast,3RQLD,Rest of Qld,3,Queensland,AUS,Australia,26.0147,http://linked.data.gov.au/dataset/asgsed3/SA2/309061250,26672.2725665499,33528222.8868049
1420,309071251,Coomera,0,No change,30907,Ormeau - Oxenford,309,Gold Coast,3RQLD,Rest of Qld,3,Queensland,AUS,Australia,24.6574,http://linked.data.gov.au/dataset/asgsed3/SA2/309071251,31630.3138676343,31659592.1023508
1421,309071252,Helensvale,0,No change,30907,Ormeau - Oxenford,309,Gold Coast,3RQLD,Rest of Qld,3,Queensland,AUS,Australia,20.1329,http://linked.data.gov.au/dataset/asgsed3/SA2/309071252,37162.6163705678,25875629.6048581
1422,309071253,Hope Island,0,No change,30907,Ormeau - Oxenford,309,Gold Coast,3RQLD,Rest of Qld,3,Queensland,AUS,Australia,55.7795,http://linked.data.gov.au/dataset/asgsed3/SA2/309071253,164750.854236567,71610321.5867489
1423,309071254,Jacobs Well - Alberton,0,No change,30907,Ormeau - Oxenford,309,Gold Coast,3RQLD,Rest of Qld,3,Queensland,AUS,Australia,153.7124,http://linked.data.gov.au/dataset/asgsed3/SA2/309071254,98431.8269286186,197004097.304629
1424,309071256,Oxenford - Maudsland,0,No change,30907,Ormeau - Oxenford,309,Gold Coast,3RQLD,Rest of Qld,3,Queensland,AUS,Australia,26.857,http://linked.data.gov.au/dataset/asgsed3/SA2/309071256,41222.8626597012,34530160.0780333
1425,309071552,Ormeau (East) - Stapylton,1,New,30907,Ormeau - Oxenford,309,Gold Coast,3RQLD,Rest of Qld,3,Queensland,AUS,Australia,25.6024,http://linked.data.gov.au/dataset/asgsed3/SA2/309071552,40206.5602563361,32812822.4249818
1426,309071553,Ormeau (West) - Yatala,1,New,30907,Ormeau - Oxenford,309,Gold Coast,3RQLD,Rest of Qld,3,Queensland,AUS,Australia,46.5482,http://linked.data.gov.au/dataset/asgsed3/SA2/309071553,41387.3136618431,59691133.5727678
1427,309071554,Pimpama - North,1,New,30907,Ormeau - Oxenford,309,Gold Coast,3RQLD,Rest of Qld,3,Queensland,AUS,Australia,31.8631,http://linked.data.gov.au/dataset/asgsed3/SA2/309071554,40272.405346941,40882790.6304109
1428,309071555,Pimpama - South,1,New,30907,Ormeau - Oxenford,309,Gold Coast,3RQLD,Rest of Qld,3,Queensland,AUS,Australia,4.3806,http://linked.data.gov.au/dataset/asgsed3/SA2/309071555,12161.427047802,5623286.09388003
1429,309071556,Upper Coomera (South) - Wongawallan,1,New,30907,Ormeau - Oxenford,309,Gold Coast,3RQLD,Rest of Qld,3,Queensland,AUS,Australia,68.8494,http://linked.data.gov.au/dataset/asgsed3/SA2/309071556,65190.245633574,88445349.49482
1430,309071557,Upper Coomera - North,1,New,30907,Ormeau - Oxenford,309,Gold Coast,3RQLD,Rest of Qld,3,Queensland,AUS,Australia,15.6015,http://linked.data.gov.au/dataset/asgsed3/SA2/309071557,22520.7189158261,20038881.0938962
1431,309071558,Willow Vale - Pimpama (West),1,New,30907,Ormeau - Oxenford,309,Gold Coast,3RQLD,Rest of Qld,3,Queensland,AUS,Australia,45.8761,http://linked.data.gov.au/dataset/asgsed3/SA2/309071558,43880.0670542505,58889346.5333132
1432,309081259,Clear Island Waters,0,No change,30908,Robina,309,Gold Coast,3RQLD,Rest of Qld,3,Queensland,AUS,Australia,4.4005,http://linked.data.gov.au/dataset/asgsed3/SA2/309081259,9482.82262710233,5670374.56971614
1433,309081260,Merrimac,0,No change,30908,Robina,309,Gold Coast,3RQLD,Rest of Qld,3,Queensland,AUS,Australia,8.322,http://linked.data.gov.au/dataset/asgsed3/SA2/309081260,17285.7770458933,10725975.6593015
1434,309081262,Varsity Lakes,0,No change,30908,Robina,309,Gold Coast,3RQLD,Rest of Qld,3,Queensland,AUS,Australia,5.9507,http://linked.data.gov.au/dataset/asgsed3/SA2/309081262,14098.6097361689,7674764.47957235
1435,309081559,Robina - East,1,New,30908,Robina,309,Gold Coast,3RQLD,Rest of Qld,3,Queensland,AUS,Australia,8.3268,http://linked.data.gov.au/dataset/asgsed3/SA2/309081559,19180.4065612054,10734478.2695519
1436,309081560,Robina - West,1,New,30908,Robina,309,Gold Coast,3RQLD,Rest of Qld,3,Queensland,AUS,Australia,6.6326,http://linked.data.gov.au/dataset/asgsed3/SA2/309081560,13315.5351836064,8550998.18113938
1437,309091263,Ashmore,0,No change,30909,Southport,309,Gold Coast,3RQLD,Rest of Qld,3,Queensland,AUS,Australia,6.8308,http://linked.data.gov.au/dataset/asgsed3/SA2/309091263,18233.7313796819,8793357.87644769
1438,309091264,Molendinar,0,No change,30909,Southport,309,Gold Coast,3RQLD,Rest of Qld,3,Queensland,AUS,Australia,7.6539,http://linked.data.gov.au/dataset/asgsed3/SA2/309091264,13609.7850677762,9850550.50170416
1439,309091265,Parkwood,0,No change,30909,Southport,309,Gold Coast,3RQLD,Rest of Qld,3,Queensland,AUS,Australia,6.2058,http://linked.data.gov.au/dataset/asgsed3/SA2/309091265,11948.4744512936,7983347.84904801
1440,309091540,Southport - North,0,No change,30909,Southport,309,Gold Coast,3RQLD,Rest of Qld,3,Queensland,AUS,Australia,7.7133,http://linked.data.gov.au/dataset/asgsed3/SA2/309091540,15571.7127442072,9924505.76857539
1441,309091541,Southport - South,0,No change,30909,Southport,309,Gold Coast,3RQLD,Rest of Qld,3,Queensland,AUS,Australia,6.6527,http://linked.data.gov.au/dataset/asgsed3/SA2/309091541,12550.3185086025,8563347.66723686
1442,309101267,Benowa,0,No change,30910,Surfers Paradise,309,Gold Coast,3RQLD,Rest of Qld,3,Queensland,AUS,Australia,6.5536,http://linked.data.gov.au/dataset/asgsed3/SA2/309101267,15439.309035695,8438425.6968713
1443,309101268,Bundall,0,No change,30910,Surfers Paradise,309,Gold Coast,3RQLD,Rest of Qld,3,Queensland,AUS,Australia,3.902,http://linked.data.gov.au/dataset/asgsed3/SA2/309101268,11640.6748166972,5024742.50388924
1444,309101269,Main Beach,0,No change,30910,Surfers Paradise,309,Gold Coast,3RQLD,Rest of Qld,3,Queensland,AUS,Australia,3.4601,http://linked.data.gov.au/dataset/asgsed3/SA2/309101269,23292.148024381,4451484.82589717
1445,309101561,Surfers Paradise - North,1,New,30910,Surfers Paradise,309,Gold Coast,3RQLD,Rest of Qld,3,Queensland,AUS,Australia,2.4569,http://linked.data.gov.au/dataset/asgsed3/SA2/309101561,13724.2006257355,3163149.95744597
1446,309101562,Surfers Paradise - South,1,New,30910,Surfers Paradise,309,Gold Coast,3RQLD,Rest of Qld,3,Queensland,AUS,Australia,3.3392,http://linked.data.gov.au/dataset/asgsed3/SA2/309101562,9356.35895176071,4299931.63753802
1447,310011271,Darra - Sumner,0,No change,31001,Forest Lake - Oxley,310,Ipswich,3GBRI,Greater Brisbane,3,Queensland,AUS,Australia,7.464,http://linked.data.gov.au/dataset/asgsed3/SA2/310011271,17002.3287898685,9534511.42078687
1448,310011272,Durack,0,No change,31001,Forest Lake - Oxley,310,Ipswich,3GBRI,Greater Brisbane,3,Queensland,AUS,Australia,4.3652,http://linked.data.gov.au/dataset/asgsed3/SA2/310011272,13603.6508726253,5577876.41829462
1449,310011274,Inala - Richlands,0,No change,31001,Forest Lake - Oxley,310,Ipswich,3GBRI,Greater Brisbane,3,Queensland,AUS,Australia,10.8743,http://linked.data.gov.au/dataset/asgsed3/SA2/310011274,18660.0098746233,13898073.9548166
1450,310011275,Oxley (Qld),0,No change,31001,Forest Lake - Oxley,310,Ipswich,3GBRI,Greater Brisbane,3,Queensland,AUS,Australia,6.9162,http://linked.data.gov.au/dataset/asgsed3/SA2/310011275,18185.328247963,8834020.37502111
1451,310011276,Wacol,0,No change,31001,Forest Lake - Oxley,310,Ipswich,3GBRI,Greater Brisbane,3,Queensland,AUS,Australia,19.0567,http://linked.data.gov.au/dataset/asgsed3/SA2/310011276,26376.1002284317,24353447.7397704
1452,310011563,Doolandella,1,New,31001,Forest Lake - Oxley,310,Ipswich,3GBRI,Greater Brisbane,3,Queensland,AUS,Australia,4.0295,http://linked.data.gov.au/dataset/asgsed3/SA2/310011563,10222.1426237304,5151844.35285769
1453,310011564,Forest Lake - Ellen Grove,1,New,31001,Forest Lake - Oxley,310,Ipswich,3GBRI,Greater Brisbane,3,Queensland,AUS,Australia,11.0079,http://linked.data.gov.au/dataset/asgsed3/SA2/310011564,18368.443700618,14075718.2557946
1454,310021277,Boonah,0,No change,31002,Ipswich Hinterland,310,Ipswich,3GBRI,Greater Brisbane,3,Queensland,AUS,Australia,2099.4596,http://linked.data.gov.au/dataset/asgsed3/SA2/310021277,340970.55359448,2702906771.43927
1455,310021278,Esk,0,No change,31002,Ipswich Hinterland,310,Ipswich,3GBRI,Greater Brisbane,3,Queensland,AUS,Australia,1889.6919,http://linked.data.gov.au/dataset/asgsed3/SA2/310021278,413137.600122263,2398484825.00514
1456,310021279,Lake Manchester - England Creek,0,No change,31002,Ipswich Hinterland,310,Ipswich,3GBRI,Greater Brisbane,3,Queensland,AUS,Australia,112.8254,http://linked.data.gov.au/dataset/asgsed3/SA2/310021279,88233.038912257,143733482.067292
1457,310021280,Lockyer Valley - East,0,No change,31002,Ipswich Hinterland,310,Ipswich,3GBRI,Greater Brisbane,3,Queensland,AUS,Australia,741.5888,http://linked.data.gov.au/dataset/asgsed3/SA2/310021280,241299.949897569,948657856.313299
1458,310021281,Lowood,0,No change,31002,Ipswich Hinterland,310,Ipswich,3GBRI,Greater Brisbane,3,Queensland,AUS,Australia,617.6973,http://linked.data.gov.au/dataset/asgsed3/SA2/310021281,243784.911793951,787297104.645817
1459,310021282,Rosewood,0,No change,31002,Ipswich Hinterland,310,Ipswich,3GBRI,Greater Brisbane,3,Queensland,AUS,Australia,674.5529,http://linked.data.gov.au/dataset/asgsed3/SA2/310021282,226869.378009125,863491501.460116
1460,310031283,Brassall,0,No change,31003,Ipswich Inner,310,Ipswich,3GBRI,Greater Brisbane,3,Queensland,AUS,Australia,8.2062,http://linked.data.gov.au/dataset/asgsed3/SA2/310031283,16270.5082096858,10486787.7247806
1461,310031284,Bundamba,0,No change,31003,Ipswich Inner,310,Ipswich,3GBRI,Greater Brisbane,3,Queensland,AUS,Australia,17.2485,http://linked.data.gov.au/dataset/asgsed3/SA2/310031284,28430.7536955098,22050206.8468951
1462,310031285,Churchill - Yamanto,0,No change,31003,Ipswich Inner,310,Ipswich,3GBRI,Greater Brisbane,3,Queensland,AUS,Australia,9.3656,http://linked.data.gov.au/dataset/asgsed3/SA2/310031285,25090.9238221216,11982057.5550066
1463,310031286,Ipswich - Central,0,No change,31003,Ipswich Inner,310,Ipswich,3GBRI,Greater Brisbane,3,Queensland,AUS,Australia,7.8712,http://linked.data.gov.au/dataset/asgsed3/SA2/310031286,17452.3556622958,10064488.4263068
1464,310031287,Ipswich - East,0,No change,31003,Ipswich Inner,310,Ipswich,3GBRI,Greater Brisbane,3,Queensland,AUS,Australia,11.4813,http://linked.data.gov.au/dataset/asgsed3/SA2/310031287,26448.0004130353,14678943.7835069
1465,310031288,Ipswich - North,0,No change,31003,Ipswich Inner,310,Ipswich,3GBRI,Greater Brisbane,3,Queensland,AUS,Australia,65.1896,http://linked.data.gov.au/dataset/asgsed3/SA2/310031288,62219.3737911753,83245196.6187374
1466,310031289,Karalee - Barellan Point,0,No change,31003,Ipswich Inner,310,Ipswich,3GBRI,Greater Brisbane,3,Queensland,AUS,Australia,19.2137,http://linked.data.gov.au/dataset/asgsed3/SA2/310031289,29754.3437139269,24542941.4666972
1467,310031290,Karana Downs,0,No change,31003,Ipswich Inner,310,Ipswich,3GBRI,Greater Brisbane,3,Queensland,AUS,Australia,62.1929,http://linked.data.gov.au/dataset/asgsed3/SA2/310031290,61186.0381162607,79380494.5991341
1468,310031291,Leichhardt - One Mile,0,No change,31003,Ipswich Inner,310,Ipswich,3GBRI,Greater Brisbane,3,Queensland,AUS,Australia,20.2237,http://linked.data.gov.au/dataset/asgsed3/SA2/310031291,31747.8232121523,25852900.4010799
1469,310031292,North Ipswich - Tivoli,0,No change,31003,Ipswich Inner,310,Ipswich,3GBRI,Greater Brisbane,3,Queensland,AUS,Australia,9.564,http://linked.data.gov.au/dataset/asgsed3/SA2/310031292,22120.7740579029,12222866.1204175
1470,310031293,Raceview,0,No change,31003,Ipswich Inner,310,Ipswich,3GBRI,Greater Brisbane,3,Queensland,AUS,Australia,9.1487,http://linked.data.gov.au/dataset/asgsed3/SA2/310031293,16797.8048211603,11702555.6556953
1471,310031294,Ripley,0,No change,31003,Ipswich Inner,310,Ipswich,3GBRI,Greater Brisbane,3,Queensland,AUS,Australia,130.5657,http://linked.data.gov.au/dataset/asgsed3/SA2/310031294,77588.2474395236,167190742.233496
1472,310031295,Riverview,0,No change,31003,Ipswich Inner,310,Ipswich,3GBRI,Greater Brisbane,3,Queensland,AUS,Australia,7.7848,http://linked.data.gov.au/dataset/asgsed3/SA2/310031295,19464.5300953461,9949133.47750889
1473,310041297,Camira - Gailes,0,No change,31004,Springfield - Redbank,310,Ipswich,3GBRI,Greater Brisbane,3,Queensland,AUS,Australia,9.396,http://linked.data.gov.au/dataset/asgsed3/SA2/310041297,23343.5122308125,12016502.6781429
1474,310041298,Carole Park,0,No change,31004,Springfield - Redbank,310,Ipswich,3GBRI,Greater Brisbane,3,Queensland,AUS,Australia,4.0275,http://linked.data.gov.au/dataset/asgsed3/SA2/310041298,11231.4983410868,5149928.86917111
1475,310041299,Collingwood Park - Redbank,0,No change,31004,Springfield - Redbank,310,Ipswich,3GBRI,Greater Brisbane,3,Queensland,AUS,Australia,15.7435,http://linked.data.gov.au/dataset/asgsed3/SA2/310041299,28551.1910322098,20128410.1787061
1476,310041300,Goodna,0,No change,31004,Springfield - Redbank,310,Ipswich,3GBRI,Greater Brisbane,3,Queensland,AUS,Australia,7.8594,http://linked.data.gov.au/dataset/asgsed3/SA2/310041300,19969.5852153664,10047484.9514729
1477,310041301,New Chum,0,No change,31004,Springfield - Redbank,310,Ipswich,3GBRI,Greater Brisbane,3,Queensland,AUS,Australia,5.9998,http://linked.data.gov.au/dataset/asgsed3/SA2/310041301,15570.0872130429,7671479.99203585
1478,310041302,Redbank Plains,0,No change,31004,Springfield - Redbank,310,Ipswich,3GBRI,Greater Brisbane,3,Queensland,AUS,Australia,19.3744,http://linked.data.gov.au/dataset/asgsed3/SA2/310041302,28968.6203935046,24788559.2256572
1479,310041303,Springfield,0,No change,31004,Springfield - Redbank,310,Ipswich,3GBRI,Greater Brisbane,3,Queensland,AUS,Australia,6.6757,http://linked.data.gov.au/dataset/asgsed3/SA2/310041303,16162.9461848255,8541472.85808111
1480,310041304,Springfield Lakes,0,No change,31004,Springfield - Redbank,310,Ipswich,3GBRI,Greater Brisbane,3,Queensland,AUS,Australia,18.4136,http://linked.data.gov.au/dataset/asgsed3/SA2/310041304,24750.9924872566,23573904.5538944
1481,310041565,Augustine Heights - Brookwater,1,New,31004,Springfield - Redbank,310,Ipswich,3GBRI,Greater Brisbane,3,Queensland,AUS,Australia,9.5941,http://linked.data.gov.au/dataset/asgsed3/SA2/310041565,18064.6898586822,12277444.7544542
1482,310041566,Bellbird Park,1,New,31004,Springfield - Redbank,310,Ipswich,3GBRI,Greater Brisbane,3,Queensland,AUS,Australia,6.5085,http://linked.data.gov.au/dataset/asgsed3/SA2/310041566,16011.8551464004,8324576.2938817
1483,311011305,Beaudesert,0,No change,31101,Beaudesert,311,Logan - Beaudesert,3GBRI,Greater Brisbane,3,Queensland,AUS,Australia,1628.0297,http://linked.data.gov.au/dataset/asgsed3/SA2/311011305,303134.578153357,2101507064.40355
1484,311021306,Beenleigh,0,No change,31102,Beenleigh,311,Logan - Beaudesert,3GBRI,Greater Brisbane,3,Queensland,AUS,Australia,7.6722,http://linked.data.gov.au/dataset/asgsed3/SA2/311021306,18002.0230086962,9826513.0309077
1485,311021307,Eagleby,0,No change,31102,Beenleigh,311,Logan - Beaudesert,3GBRI,Greater Brisbane,3,Queensland,AUS,Australia,13.816,http://linked.data.gov.au/dataset/asgsed3/SA2/311021307,23822.2236806501,17690660.969328
1486,311021308,Edens Landing - Holmview,0,No change,31102,Beenleigh,311,Logan - Beaudesert,3GBRI,Greater Brisbane,3,Queensland,AUS,Australia,6.6119,http://linked.data.gov.au/dataset/asgsed3/SA2/311021308,12788.9513522856,8467819.10816486
1487,311021309,Mount Warren Park,0,No change,31102,Beenleigh,311,Logan - Beaudesert,3GBRI,Greater Brisbane,3,Queensland,AUS,Australia,4.2169,http://linked.data.gov.au/dataset/asgsed3/SA2/311021309,10475.7551500899,5403201.65185169
1488,311021310,Wolffdene - Bahrs Scrub,0,No change,31102,Beenleigh,311,Logan - Beaudesert,3GBRI,Greater Brisbane,3,Queensland,AUS,Australia,27.8339,http://linked.data.gov.au/dataset/asgsed3/SA2/311021310,32865.5197721931,35681101.1299188
1489,311031311,Boronia Heights - Park Ridge,0,No change,31103,Browns Plains,311,Logan - Beaudesert,3GBRI,Greater Brisbane,3,Queensland,AUS,Australia,31.9518,http://linked.data.gov.au/dataset/asgsed3/SA2/311031311,34753.5709200436,40919420.6598368
1490,311031312,Browns Plains,0,No change,31103,Browns Plains,311,Logan - Beaudesert,3GBRI,Greater Brisbane,3,Queensland,AUS,Australia,7.329,http://linked.data.gov.au/dataset/asgsed3/SA2/311031312,17896.3235457669,9378570.68402244
1491,311031313,Chambers Flat - Logan Reserve,0,No change,31103,Browns Plains,311,Logan - Beaudesert,3GBRI,Greater Brisbane,3,Queensland,AUS,Australia,36.3075,http://linked.data.gov.au/dataset/asgsed3/SA2/311031313,45800.6213241574,46523178.9103345
1492,311031314,Crestmead,0,No change,31103,Browns Plains,311,Logan - Beaudesert,3GBRI,Greater Brisbane,3,Queensland,AUS,Australia,6.9677,http://linked.data.gov.au/dataset/asgsed3/SA2/311031314,14414.1972089401,8919902.27534611
1493,311031315,Greenbank Military Camp,0,No change,31103,Browns Plains,311,Logan - Beaudesert,3GBRI,Greater Brisbane,3,Queensland,AUS,Australia,40.5687,http://linked.data.gov.au/dataset/asgsed3/SA2/311031315,35979.8350532103,51922312.8866102
1494,311031316,Hillcrest,0,No change,31103,Browns Plains,311,Logan - Beaudesert,3GBRI,Greater Brisbane,3,Queensland,AUS,Australia,9.3798,http://linked.data.gov.au/dataset/asgsed3/SA2/311031316,18275.0809636813,12003945.1956474
1495,311031317,Marsden,0,No change,31103,Browns Plains,311,Logan - Beaudesert,3GBRI,Greater Brisbane,3,Queensland,AUS,Australia,6.9167,http://linked.data.gov.au/dataset/asgsed3/SA2/311031317,15498.8164416766,8853254.97492523
1496,311031318,Munruben - Park Ridge South,0,No change,31103,Browns Plains,311,Logan - Beaudesert,3GBRI,Greater Brisbane,3,Queensland,AUS,Australia,20.7728,http://linked.data.gov.au/dataset/asgsed3/SA2/311031318,24445.1133878104,26618598.5340296
1497,311031319,Regents Park - Heritage Park,0,No change,31103,Browns Plains,311,Logan - Beaudesert,3GBRI,Greater Brisbane,3,Queensland,AUS,Australia,9.385,http://linked.data.gov.au/dataset/asgsed3/SA2/311031319,17696.9489051348,12013542.3904635
1498,311041322,Logan Village,0,No change,31104,Jimboomba,311,Logan - Beaudesert,3GBRI,Greater Brisbane,3,Queensland,AUS,Australia,74.3214,http://linked.data.gov.au/dataset/asgsed3/SA2/311041322,70974.9345953461,95294438.2073456
1499,311041567,Flagstone (East) - Riverbend,1,New,31104,Jimboomba,311,Logan - Beaudesert,3GBRI,Greater Brisbane,3,Queensland,AUS,Australia,28.9185,http://linked.data.gov.au/dataset/asgsed3/SA2/311041567,36493.0458729635,37112474.4665141
1500,311041568,Flagstone (West) - New Beith,1,New,31104,Jimboomba,311,Logan - Beaudesert,3GBRI,Greater Brisbane,3,Queensland,AUS,Australia,185.7543,http://linked.data.gov.au/dataset/asgsed3/SA2/311041568,90855.5059310965,238253599.710737
1501,311041569,Greenbank - North Maclean,1,New,31104,Jimboomba,311,Logan - Beaudesert,3GBRI,Greater Brisbane,3,Queensland,AUS,Australia,72.6981,http://linked.data.gov.au/dataset/asgsed3/SA2/311041569,61407.7524388907,93167588.3247166
1502,311041570,Jimboomba - Glenlogan,1,New,31104,Jimboomba,311,Logan - Beaudesert,3GBRI,Greater Brisbane,3,Queensland,AUS,Australia,181.6681,http://linked.data.gov.au/dataset/asgsed3/SA2/311041570,93272.6618390873,233338115.366831
1503,311041571,Yarrabilba,1,New,31104,Jimboomba,311,Logan - Beaudesert,3GBRI,Greater Brisbane,3,Queensland,AUS,Australia,39.0729,http://linked.data.gov.au/dataset/asgsed3/SA2/311041571,38344.7172487851,50146712.6947402
1504,311051323,Bethania - Waterford,0,No change,31105,Loganlea - Carbrook,311,Logan - Beaudesert,3GBRI,Greater Brisbane,3,Queensland,AUS,Australia,12.6296,http://linked.data.gov.au/dataset/asgsed3/SA2/311051323,26199.8574244865,16172020.2534226
1505,311051324,Cornubia - Carbrook,0,No change,31105,Loganlea - Carbrook,311,Logan - Beaudesert,3GBRI,Greater Brisbane,3,Queensland,AUS,Australia,37.5373,http://linked.data.gov.au/dataset/asgsed3/SA2/311051324,37557.0896474889,48040310.1714033
1506,311051325,Loganholme - Tanah Merah,0,No change,31105,Loganlea - Carbrook,311,Logan - Beaudesert,3GBRI,Greater Brisbane,3,Queensland,AUS,Australia,13.2828,http://linked.data.gov.au/dataset/asgsed3/SA2/311051325,21378.0452125204,17002526.220619
1507,311051326,Loganlea,0,No change,31105,Loganlea - Carbrook,311,Logan - Beaudesert,3GBRI,Greater Brisbane,3,Queensland,AUS,Australia,11.3071,http://linked.data.gov.au/dataset/asgsed3/SA2/311051326,25147.3480521813,14471003.8684856
1508,311051327,Shailer Park,0,No change,31105,Loganlea - Carbrook,311,Logan - Beaudesert,3GBRI,Greater Brisbane,3,Queensland,AUS,Australia,8.0261,http://linked.data.gov.au/dataset/asgsed3/SA2/311051327,14265.0760122714,10268189.7253588
1509,311051328,Waterford West,0,No change,31105,Loganlea - Carbrook,311,Logan - Beaudesert,3GBRI,Greater Brisbane,3,Queensland,AUS,Australia,5.9446,http://linked.data.gov.au/dataset/asgsed3/SA2/311051328,16628.8009173906,7609977.22166109
1510,311061329,Daisy Hill,0,No change,31106,Springwood - Kingston,311,Logan - Beaudesert,3GBRI,Greater Brisbane,3,Queensland,AUS,Australia,8.9794,http://linked.data.gov.au/dataset/asgsed3/SA2/311061329,17654.6356306535,11483626.5391138
1511,311061330,Kingston (Qld),3,Name change,31106,Springwood - Kingston,311,Logan - Beaudesert,3GBRI,Greater Brisbane,3,Queensland,AUS,Australia,6.8058,http://linked.data.gov.au/dataset/asgsed3/SA2/311061330,23312.6967477301,8708225.02965332
1512,311061331,Logan Central,0,No change,31106,Springwood - Kingston,311,Logan - Beaudesert,3GBRI,Greater Brisbane,3,Queensland,AUS,Australia,5.1335,http://linked.data.gov.au/dataset/asgsed3/SA2/311061331,16912.1319341132,6567788.30360877
1513,311061332,Rochedale South - Priestdale,0,No change,31106,Springwood - Kingston,311,Logan - Beaudesert,3GBRI,Greater Brisbane,3,Queensland,AUS,Australia,13.0112,http://linked.data.gov.au/dataset/asgsed3/SA2/311061332,22381.9317451235,16631491.374447
1514,311061333,Slacks Creek,0,No change,31106,Springwood - Kingston,311,Logan - Beaudesert,3GBRI,Greater Brisbane,3,Queensland,AUS,Australia,8.3056,http://linked.data.gov.au/dataset/asgsed3/SA2/311061333,20707.2873341889,10624044.061521
1515,311061334,Springwood,0,No change,31106,Springwood - Kingston,311,Logan - Beaudesert,3GBRI,Greater Brisbane,3,Queensland,AUS,Australia,6.1501,http://linked.data.gov.au/dataset/asgsed3/SA2/311061334,12044.4154100019,7863828.61324868
1516,311061335,Underwood,0,No change,31106,Springwood - Kingston,311,Logan - Beaudesert,3GBRI,Greater Brisbane,3,Queensland,AUS,Australia,4.1871,http://linked.data.gov.au/dataset/asgsed3/SA2/311061335,10305.9090304928,5351953.14332568
1517,311061336,Woodridge,0,No change,31106,Springwood - Kingston,311,Logan - Beaudesert,3GBRI,Greater Brisbane,3,Queensland,AUS,Australia,4.6699,http://linked.data.gov.au/dataset/asgsed3/SA2/311061336,12741.2460036728,5971629.44840884
1518,312011337,Bowen,0,No change,31201,Bowen Basin - North,312,Mackay - Isaac - Whitsunday,3RQLD,Rest of Qld,3,Queensland,AUS,Australia,52.6281,http://linked.data.gov.au/dataset/asgsed3/SA2/312011337,51491.6490231666,59920318.4701143
1519,312011338,Broadsound - Nebo,0,No change,31201,Bowen Basin - North,312,Mackay - Isaac - Whitsunday,3RQLD,Rest of Qld,3,Queensland,AUS,Australia,27991.3922,http://linked.data.gov.au/dataset/asgsed3/SA2/312011338,1703628.84389533,32808425676.3388
1520,312011339,Clermont,0,No change,31201,Bowen Basin - North,312,Mackay - Isaac - Whitsunday,3RQLD,Rest of Qld,3,Queensland,AUS,Australia,27669.8883,http://linked.data.gov.au/dataset/asgsed3/SA2/312011339,1188056.36927551,32490944181.9452
1521,312011340,Collinsville,0,No change,31201,Bowen Basin - North,312,Mackay - Isaac - Whitsunday,3RQLD,Rest of Qld,3,Queensland,AUS,Australia,21092.2365,http://linked.data.gov.au/dataset/asgsed3/SA2/312011340,1045747.27881638,24240901074.4115
1522,312011341,Moranbah,0,No change,31201,Bowen Basin - North,312,Mackay - Isaac - Whitsunday,3RQLD,Rest of Qld,3,Queensland,AUS,Australia,3046.6387,http://linked.data.gov.au/dataset/asgsed3/SA2/312011341,309997.691901463,3558560334.83307
1523,312021342,Andergrove - Beaconsfield,0,No change,31202,Mackay,312,Mackay - Isaac - Whitsunday,3RQLD,Rest of Qld,3,Queensland,AUS,Australia,17.556,http://linked.data.gov.au/dataset/asgsed3/SA2/312021342,27964.4038030547,20269276.4854727
1524,312021343,East Mackay,0,No change,31202,Mackay,312,Mackay - Isaac - Whitsunday,3RQLD,Rest of Qld,3,Queensland,AUS,Australia,4.6173,http://linked.data.gov.au/dataset/asgsed3/SA2/312021343,19095.7459324137,5334936.51718147
1525,312021344,Eimeo - Rural View,0,No change,31202,Mackay,312,Mackay - Isaac - Whitsunday,3RQLD,Rest of Qld,3,Queensland,AUS,Australia,22.0329,http://linked.data.gov.au/dataset/asgsed3/SA2/312021344,33682.023378767,25425774.0572192
1526,312021345,Eungella Hinterland,0,No change,31202,Mackay,312,Mackay - Isaac - Whitsunday,3RQLD,Rest of Qld,3,Queensland,AUS,Australia,2048.7748,http://linked.data.gov.au/dataset/asgsed3/SA2/312021345,417828.324671109,2364087161.38279
1527,312021346,Mackay,0,No change,31202,Mackay,312,Mackay - Isaac - Whitsunday,3RQLD,Rest of Qld,3,Queensland,AUS,Australia,3.973,http://linked.data.gov.au/dataset/asgsed3/SA2/312021346,10452.1522171427,4590297.77049238
1528,312021347,Mackay Harbour,0,No change,31202,Mackay,312,Mackay - Isaac - Whitsunday,3RQLD,Rest of Qld,3,Queensland,AUS,Australia,10.1718,http://linked.data.gov.au/dataset/asgsed3/SA2/312021347,18803.667537711,11747365.7126829
1529,312021348,Mount Pleasant - Glenella,0,No change,31202,Mackay,312,Mackay - Isaac - Whitsunday,3RQLD,Rest of Qld,3,Queensland,AUS,Australia,56.2685,http://linked.data.gov.au/dataset/asgsed3/SA2/312021348,42966.2990869503,64974303.3921912
1530,312021349,North Mackay,0,No change,31202,Mackay,312,Mackay - Isaac - Whitsunday,3RQLD,Rest of Qld,3,Queensland,AUS,Australia,9.6827,http://linked.data.gov.au/dataset/asgsed3/SA2/312021349,18959.6555728591,11182986.1304412
1531,312021350,Ooralea - Bakers Creek,0,No change,31202,Mackay,312,Mackay - Isaac - Whitsunday,3RQLD,Rest of Qld,3,Queensland,AUS,Australia,48.6972,http://linked.data.gov.au/dataset/asgsed3/SA2/312021350,45161.3148981983,56297384.7999608
1532,312021351,Pioneer Valley,0,No change,31202,Mackay,312,Mackay - Isaac - Whitsunday,3RQLD,Rest of Qld,3,Queensland,AUS,Australia,1184.1721,http://linked.data.gov.au/dataset/asgsed3/SA2/312021351,334961.59698175,1368760102.41388
1533,312021352,Sarina,0,No change,31202,Mackay,312,Mackay - Isaac - Whitsunday,3RQLD,Rest of Qld,3,Queensland,AUS,Australia,1439.6459,http://linked.data.gov.au/dataset/asgsed3/SA2/312021352,374649.738778154,1672440293.44108
1534,312021353,Seaforth - Calen,0,No change,31202,Mackay,312,Mackay - Isaac - Whitsunday,3RQLD,Rest of Qld,3,Queensland,AUS,Australia,2104.086,http://linked.data.gov.au/dataset/asgsed3/SA2/312021353,727485.699379198,2422350515.30689
1535,312021354,Shoal Point - Bucasia,0,No change,31202,Mackay,312,Mackay - Isaac - Whitsunday,3RQLD,Rest of Qld,3,Queensland,AUS,Australia,17.8539,http://linked.data.gov.au/dataset/asgsed3/SA2/312021354,25058.2300512975,20594496.9215252
1536,312021355,Slade Point,0,No change,31202,Mackay,312,Mackay - Isaac - Whitsunday,3RQLD,Rest of Qld,3,Queensland,AUS,Australia,8.893,http://linked.data.gov.au/dataset/asgsed3/SA2/312021355,16710.8351146935,10265915.518973
1537,312021356,South Mackay,0,No change,31202,Mackay,312,Mackay - Isaac - Whitsunday,3RQLD,Rest of Qld,3,Queensland,AUS,Australia,6.8909,http://linked.data.gov.au/dataset/asgsed3/SA2/312021356,12778.6529604363,7963748.69837314
1538,312021357,Walkerston - Eton,0,No change,31202,Mackay,312,Mackay - Isaac - Whitsunday,3RQLD,Rest of Qld,3,Queensland,AUS,Australia,624.1894,http://linked.data.gov.au/dataset/asgsed3/SA2/312021357,173551.721351416,722391638.489363
1539,312021358,West Mackay,0,No change,31202,Mackay,312,Mackay - Isaac - Whitsunday,3RQLD,Rest of Qld,3,Queensland,AUS,Australia,5.7909,http://linked.data.gov.au/dataset/asgsed3/SA2/312021358,12053.2676104166,6691050.91625705
1540,312031359,Airlie - Whitsundays,0,No change,31203,Whitsunday,312,Mackay - Isaac - Whitsunday,3RQLD,Rest of Qld,3,Queensland,AUS,Australia,304.0917,http://linked.data.gov.au/dataset/asgsed3/SA2/312031359,611244.909011457,347214037.411627
1541,312031360,Cape Conway,0,No change,31203,Whitsunday,312,Mackay - Isaac - Whitsunday,3RQLD,Rest of Qld,3,Queensland,AUS,Australia,295.3659,http://linked.data.gov.au/dataset/asgsed3/SA2/312031360,222801.917707079,337913984.258968
1542,312031361,Proserpine,0,No change,31203,Whitsunday,312,Mackay - Isaac - Whitsunday,3RQLD,Rest of Qld,3,Queensland,AUS,Australia,2074.6507,http://linked.data.gov.au/dataset/asgsed3/SA2/312031361,375288.196371149,2373939999.95788
1543,313011362,Beachmere - Sandstone Point,0,No change,31301,Bribie - Beachmere,313,Moreton Bay - North,3GBRI,Greater Brisbane,3,Queensland,AUS,Australia,110.0959,http://linked.data.gov.au/dataset/asgsed3/SA2/313011362,95651.5541957226,139382938.714829
1544,313011363,Bribie Island,0,No change,31301,Bribie - Beachmere,313,Moreton Bay - North,3GBRI,Greater Brisbane,3,Queensland,AUS,Australia,145.3506,http://linked.data.gov.au/dataset/asgsed3/SA2/313011363,95435.2876224701,183773450.222262
1545,313021364,Burpengary - East,0,No change,31302,Caboolture,313,Moreton Bay - North,3GBRI,Greater Brisbane,3,Queensland,AUS,Australia,27.2032,http://linked.data.gov.au/dataset/asgsed3/SA2/313021364,42237.8485452254,34479758.3575301
1546,313021366,Caboolture - South,0,No change,31302,Caboolture,313,Moreton Bay - North,3GBRI,Greater Brisbane,3,Queensland,AUS,Australia,13.9766,http://linked.data.gov.au/dataset/asgsed3/SA2/313021366,22490.7204133825,17707451.1847581
1547,313021367,Elimbah,0,No change,31302,Caboolture,313,Moreton Bay - North,3GBRI,Greater Brisbane,3,Queensland,AUS,Australia,101.1794,http://linked.data.gov.au/dataset/asgsed3/SA2/313021367,62843.109124135,127953221.835756
1548,313021368,Morayfield - East,0,No change,31302,Caboolture,313,Moreton Bay - North,3GBRI,Greater Brisbane,3,Queensland,AUS,Australia,8.523,http://linked.data.gov.au/dataset/asgsed3/SA2/313021368,15127.2699283956,10798361.082486
1549,313021369,Wamuran,0,No change,31302,Caboolture,313,Moreton Bay - North,3GBRI,Greater Brisbane,3,Queensland,AUS,Australia,89.386,http://linked.data.gov.au/dataset/asgsed3/SA2/313021369,70412.5372057662,113122870.901495
1550,313021572,Caboolture - East,1,New,31302,Caboolture,313,Moreton Bay - North,3GBRI,Greater Brisbane,3,Queensland,AUS,Australia,49.8626,http://linked.data.gov.au/dataset/asgsed3/SA2/313021572,46287.8663938117,63130366.012893
1551,313021573,Caboolture - West,1,New,31302,Caboolture,313,Moreton Bay - North,3GBRI,Greater Brisbane,3,Queensland,AUS,Australia,24.5906,http://linked.data.gov.au/dataset/asgsed3/SA2/313021573,27334.8276866695,31128516.7824526
1552,313031370,Kilcoy,0,No change,31303,Caboolture Hinterland,313,Moreton Bay - North,3GBRI,Greater Brisbane,3,Queensland,AUS,Australia,2863.2647,http://linked.data.gov.au/dataset/asgsed3/SA2/313031370,434940.922510895,3607237664.2171
1553,313031371,Woodford - D'Aguilar,0,No change,31303,Caboolture Hinterland,313,Moreton Bay - North,3GBRI,Greater Brisbane,3,Queensland,AUS,Australia,525.0206,http://linked.data.gov.au/dataset/asgsed3/SA2/313031371,178809.926715019,663372914.943549
1554,313041372,Burpengary,0,No change,31304,Narangba - Burpengary,313,Moreton Bay - North,3GBRI,Greater Brisbane,3,Queensland,AUS,Australia,22.3339,http://linked.data.gov.au/dataset/asgsed3/SA2/313041372,31943.272026414,28323726.1658167
1555,313041373,Deception Bay,0,No change,31304,Narangba - Burpengary,313,Moreton Bay - North,3GBRI,Greater Brisbane,3,Queensland,AUS,Australia,31.878,http://linked.data.gov.au/dataset/asgsed3/SA2/313041373,38546.5145002597,40440637.9099456
1556,313041374,Morayfield,0,No change,31304,Narangba - Burpengary,313,Moreton Bay - North,3GBRI,Greater Brisbane,3,Queensland,AUS,Australia,24.931,http://linked.data.gov.au/dataset/asgsed3/SA2/313041374,30997.0457763611,31607578.8729673
1557,313041375,Narangba,0,No change,31304,Narangba - Burpengary,313,Moreton Bay - North,3GBRI,Greater Brisbane,3,Queensland,AUS,Australia,37.7086,http://linked.data.gov.au/dataset/asgsed3/SA2/313041375,55509.0811928072,47842936.4527857
1558,313041376,Upper Caboolture,0,No change,31304,Narangba - Burpengary,313,Moreton Bay - North,3GBRI,Greater Brisbane,3,Queensland,AUS,Australia,55.5614,http://linked.data.gov.au/dataset/asgsed3/SA2/313041376,59005.9243553773,70416072.6929016
1559,313051377,Clontarf,0,No change,31305,Redcliffe,313,Moreton Bay - North,3GBRI,Greater Brisbane,3,Queensland,AUS,Australia,6.3079,http://linked.data.gov.au/dataset/asgsed3/SA2/313051377,11830.1560286864,8012232.79012956
1560,313051378,Margate - Woody Point,0,No change,31305,Redcliffe,313,Moreton Bay - North,3GBRI,Greater Brisbane,3,Queensland,AUS,Australia,4.2806,http://linked.data.gov.au/dataset/asgsed3/SA2/313051378,11040.8813898083,5437803.83374405
1561,313051379,Redcliffe,0,No change,31305,Redcliffe,313,Moreton Bay - North,3GBRI,Greater Brisbane,3,Queensland,AUS,Australia,4.1828,http://linked.data.gov.au/dataset/asgsed3/SA2/313051379,10380.0724629537,5310821.28057741
1562,313051380,Rothwell - Kippa-Ring,0,No change,31305,Redcliffe,313,Moreton Bay - North,3GBRI,Greater Brisbane,3,Queensland,AUS,Australia,15.3908,http://linked.data.gov.au/dataset/asgsed3/SA2/313051380,30550.8846860427,19538300.5346674
1563,313051574,Moreton Island,1,New,31305,Redcliffe,313,Moreton Bay - North,3GBRI,Greater Brisbane,3,Queensland,AUS,Australia,175.3154,http://linked.data.gov.au/dataset/asgsed3/SA2/313051574,123652.478259661,222298810.421086
1564,313051575,Scarborough - Newport,1,New,31305,Redcliffe,313,Moreton Bay - North,3GBRI,Greater Brisbane,3,Queensland,AUS,Australia,8.1121,http://linked.data.gov.au/dataset/asgsed3/SA2/313051575,19547.3638286314,10297117.6145052
1565,314011382,Albany Creek,0,No change,31401,The Hills District,314,Moreton Bay - South,3GBRI,Greater Brisbane,3,Queensland,AUS,Australia,9.7818,http://linked.data.gov.au/dataset/asgsed3/SA2/314011382,20355.2356648209,12448211.9168182
1566,314011383,Cashmere,0,No change,31401,The Hills District,314,Moreton Bay - South,3GBRI,Greater Brisbane,3,Queensland,AUS,Australia,45.2329,http://linked.data.gov.au/dataset/asgsed3/SA2/314011383,94026.4821476394,57505040.7098376
1567,314011384,Dayboro,0,No change,31401,The Hills District,314,Moreton Bay - South,3GBRI,Greater Brisbane,3,Queensland,AUS,Australia,406.8379,http://linked.data.gov.au/dataset/asgsed3/SA2/314011384,191385.136652838,516486316.987845
1568,314011385,Eatons Hill,0,No change,31401,The Hills District,314,Moreton Bay - South,3GBRI,Greater Brisbane,3,Queensland,AUS,Australia,9.1057,http://linked.data.gov.au/dataset/asgsed3/SA2/314011385,17435.7199674319,11584233.4915946
1569,314011386,The Hills District,0,No change,31401,The Hills District,314,Moreton Bay - South,3GBRI,Greater Brisbane,3,Queensland,AUS,Australia,31.6238,http://linked.data.gov.au/dataset/asgsed3/SA2/314011386,36429.4743014319,40263170.7774233
1570,314011387,Samford Valley,0,No change,31401,The Hills District,314,Moreton Bay - South,3GBRI,Greater Brisbane,3,Queensland,AUS,Australia,166.0989,http://linked.data.gov.au/dataset/asgsed3/SA2/314011387,82959.8284905934,211384983.771556
1571,314021389,Murrumba Downs - Griffin,0,No change,31402,North Lakes,314,Moreton Bay - South,3GBRI,Greater Brisbane,3,Queensland,AUS,Australia,22.5192,http://linked.data.gov.au/dataset/asgsed3/SA2/314021389,28989.1191811197,28614638.9492833
1572,314021576,Dakabin,1,New,31402,North Lakes,314,Moreton Bay - South,3GBRI,Greater Brisbane,3,Queensland,AUS,Australia,5.5668,http://linked.data.gov.au/dataset/asgsed3/SA2/314021576,12730.4128264795,7067525.24674317
1573,314021577,Kallangur,1,New,31402,North Lakes,314,Moreton Bay - South,3GBRI,Greater Brisbane,3,Queensland,AUS,Australia,11.0701,http://linked.data.gov.au/dataset/asgsed3/SA2/314021577,18190.0292651591,14059782.7785902
1574,314021578,Mango Hill,1,New,31402,North Lakes,314,Moreton Bay - South,3GBRI,Greater Brisbane,3,Queensland,AUS,Australia,15.357,http://linked.data.gov.au/dataset/asgsed3/SA2/314021578,30793.7937701208,19503708.0345815
1575,314021579,North Lakes,1,New,31402,North Lakes,314,Moreton Bay - South,3GBRI,Greater Brisbane,3,Queensland,AUS,Australia,11.8041,http://linked.data.gov.au/dataset/asgsed3/SA2/314021579,20895.5111867519,14985985.0475214
1576,314031391,Bray Park,0,No change,31403,Strathpine,314,Moreton Bay - South,3GBRI,Greater Brisbane,3,Queensland,AUS,Australia,4.4865,http://linked.data.gov.au/dataset/asgsed3/SA2/314031391,12196.5440055954,5703497.42183165
1577,314031392,Lawnton,0,No change,31403,Strathpine,314,Moreton Bay - South,3GBRI,Greater Brisbane,3,Queensland,AUS,Australia,9.2992,http://linked.data.gov.au/dataset/asgsed3/SA2/314031392,29365.5748675444,11817782.8848928
1578,314031393,Petrie,0,No change,31403,Strathpine,314,Moreton Bay - South,3GBRI,Greater Brisbane,3,Queensland,AUS,Australia,6.7374,http://linked.data.gov.au/dataset/asgsed3/SA2/314031393,16726.7011118527,8560287.57955987
1579,314031394,Strathpine - Brendale,0,No change,31403,Strathpine,314,Moreton Bay - South,3GBRI,Greater Brisbane,3,Queensland,AUS,Australia,17.8734,http://linked.data.gov.au/dataset/asgsed3/SA2/314031394,35097.5088888416,22728772.6442363
1580,315011395,Aurukun,0,No change,31501,Far North,315,Queensland - Outback,3RQLD,Rest of Qld,3,Queensland,AUS,Australia,7423.9891,http://linked.data.gov.au/dataset/asgsed3/SA2/315011395,602928.806366586,7906635986.654
1581,315011396,Cape York,0,No change,31501,Far North,315,Queensland - Outback,3RQLD,Rest of Qld,3,Queensland,AUS,Australia,112961.0033,http://linked.data.gov.au/dataset/asgsed3/SA2/315011396,3179591.82956965,120941603744.696
1582,315011397,Croydon - Etheridge,0,No change,31501,Far North,315,Queensland - Outback,3RQLD,Rest of Qld,3,Queensland,AUS,Australia,68697.1981,http://linked.data.gov.au/dataset/asgsed3/SA2/315011397,1590973.22192405,76830079475.9301
1583,315011398,Kowanyama - Pormpuraaw,0,No change,31501,Far North,315,Queensland - Outback,3RQLD,Rest of Qld,3,Queensland,AUS,Australia,6950.6979,http://linked.data.gov.au/dataset/asgsed3/SA2/315011398,492077.446849549,7489309371.0767
1584,315011399,Northern Peninsula,0,No change,31501,Far North,315,Queensland - Outback,3RQLD,Rest of Qld,3,Queensland,AUS,Australia,1052.0676,http://linked.data.gov.au/dataset/asgsed3/SA2/315011399,291440.043049962,1098652675.99423
1585,315011400,Tablelands,0,No change,31501,Far North,315,Queensland - Outback,3RQLD,Rest of Qld,3,Queensland,AUS,Australia,52403.018,http://linked.data.gov.au/dataset/asgsed3/SA2/315011400,1401227.29662275,57616977903.0201
1586,315011401,Torres,0,No change,31501,Far North,315,Queensland - Outback,3RQLD,Rest of Qld,3,Queensland,AUS,Australia,883.7402,http://linked.data.gov.au/dataset/asgsed3/SA2/315011401,847391.834562677,921241980.958829
1587,315011402,Torres Strait Islands,0,No change,31501,Far North,315,Queensland - Outback,3RQLD,Rest of Qld,3,Queensland,AUS,Australia,490.0453,http://linked.data.gov.au/dataset/asgsed3/SA2/315011402,311689.109019762,508075718.014363
1588,315011403,Weipa,0,No change,31501,Far North,315,Queensland - Outback,3RQLD,Rest of Qld,3,Queensland,AUS,Australia,15.8036,http://linked.data.gov.au/dataset/asgsed3/SA2/315011403,27997.5179756672,16699704.0925832
1589,315021404,Carpentaria,0,No change,31502,Outback - North,315,Queensland - Outback,3RQLD,Rest of Qld,3,Queensland,AUS,Australia,114443.5786,http://linked.data.gov.au/dataset/asgsed3/SA2/315021404,3687376.99231396,126893111299.306
1590,315021405,Mount Isa,0,No change,31502,Outback - North,315,Queensland - Outback,3RQLD,Rest of Qld,3,Queensland,AUS,Australia,68.6964,http://linked.data.gov.au/dataset/asgsed3/SA2/315021405,54908.06870164,78931260.3495821
1591,315021406,Mount Isa Surrounds,0,No change,31502,Outback - North,315,Queensland - Outback,3RQLD,Rest of Qld,3,Queensland,AUS,Australia,84051.7627,http://linked.data.gov.au/dataset/asgsed3/SA2/315021406,2292948.02874036,96362015114.601
1592,315021407,Northern Highlands,0,No change,31502,Outback - North,315,Queensland - Outback,3RQLD,Rest of Qld,3,Queensland,AUS,Australia,108517.4844,http://linked.data.gov.au/dataset/asgsed3/SA2/315021407,2249967.91467903,124664371221.895
1593,315031408,Barcaldine - Blackall,0,No change,31503,Outback - South,315,Queensland - Outback,3RQLD,Rest of Qld,3,Queensland,AUS,Australia,83919.902,http://linked.data.gov.au/dataset/asgsed3/SA2/315031408,2315774.85898181,100624099515.696
1594,315031409,Charleville,0,No change,31503,Outback - South,315,Queensland - Outback,3RQLD,Rest of Qld,3,Queensland,AUS,Australia,40699.7586,http://linked.data.gov.au/dataset/asgsed3/SA2/315031409,1588293.27464336,50760503622.4767
1595,315031410,Far Central West,0,No change,31503,Outback - South,315,Queensland - Outback,3RQLD,Rest of Qld,3,Queensland,AUS,Australia,271272.549,http://linked.data.gov.au/dataset/asgsed3/SA2/315031410,3972887.56588055,326011313458.738
1596,315031411,Far South West,0,No change,31503,Outback - South,315,Queensland - Outback,3RQLD,Rest of Qld,3,Queensland,AUS,Australia,188751.5889,http://linked.data.gov.au/dataset/asgsed3/SA2/315031411,2718273.38879974,240674220231.923
1597,315031412,Longreach,0,No change,31503,Outback - South,315,Queensland - Outback,3RQLD,Rest of Qld,3,Queensland,AUS,Australia,40572.2442,http://linked.data.gov.au/dataset/asgsed3/SA2/315031412,1321738.19384892,48631586203.8223
1598,316011413,Buderim - North,0,No change,31601,Buderim,316,Sunshine Coast,3RQLD,Rest of Qld,3,Queensland,AUS,Australia,24.1124,http://linked.data.gov.au/dataset/asgsed3/SA2/316011413,31054.4446237242,30320067.9315853
1599,316011414,Buderim - South,0,No change,31601,Buderim,316,Sunshine Coast,3RQLD,Rest of Qld,3,Queensland,AUS,Australia,30.1384,http://linked.data.gov.au/dataset/asgsed3/SA2/316011414,36723.305207171,37917575.0891246
1600,316011415,Mountain Creek,0,No change,31601,Buderim,316,Sunshine Coast,3RQLD,Rest of Qld,3,Queensland,AUS,Australia,7.368,http://linked.data.gov.au/dataset/asgsed3/SA2/316011415,12898.9686595477,9269101.40937388
1601,316011416,Sippy Downs,0,No change,31601,Buderim,316,Sunshine Coast,3RQLD,Rest of Qld,3,Queensland,AUS,Australia,14.511,http://linked.data.gov.au/dataset/asgsed3/SA2/316011416,25850.6035110089,18262020.3464808
1602,316021417,Aroona - Currimundi,0,No change,31602,Caloundra,316,Sunshine Coast,3RQLD,Rest of Qld,3,Queensland,AUS,Australia,5.5136,http://linked.data.gov.au/dataset/asgsed3/SA2/316021417,15538.270723218,6945735.54035106
1603,316021418,Buddina - Minyama,0,No change,31602,Caloundra,316,Sunshine Coast,3RQLD,Rest of Qld,3,Queensland,AUS,Australia,4.0969,http://linked.data.gov.au/dataset/asgsed3/SA2/316021418,13564.4274157114,5153405.03888052
1604,316021419,Caloundra - Kings Beach,0,No change,31602,Caloundra,316,Sunshine Coast,3RQLD,Rest of Qld,3,Queensland,AUS,Australia,3.9911,http://linked.data.gov.au/dataset/asgsed3/SA2/316021419,12281.4360809683,5030222.85967547
1605,316021421,Golden Beach - Pelican Waters,0,No change,31602,Caloundra,316,Sunshine Coast,3RQLD,Rest of Qld,3,Queensland,AUS,Australia,10.453,http://linked.data.gov.au/dataset/asgsed3/SA2/316021421,21858.5062932477,13180206.8217944
1606,316021422,Moffat Beach - Battery Hill,0,No change,31602,Caloundra,316,Sunshine Coast,3RQLD,Rest of Qld,3,Queensland,AUS,Australia,3.8929,http://linked.data.gov.au/dataset/asgsed3/SA2/316021422,11711.9923248752,4905153.22414533
1607,316021423,Parrearra - Warana,0,No change,31602,Caloundra,316,Sunshine Coast,3RQLD,Rest of Qld,3,Queensland,AUS,Australia,6.8867,http://linked.data.gov.au/dataset/asgsed3/SA2/316021423,21678.587280351,8666605.05071851
1608,316021424,Wurtulla - Birtinya,0,No change,31602,Caloundra,316,Sunshine Coast,3RQLD,Rest of Qld,3,Queensland,AUS,Australia,6.8437,http://linked.data.gov.au/dataset/asgsed3/SA2/316021424,14318.98008945,8617027.97008242
1609,316021580,Caloundra West - Baringa,1,New,31602,Caloundra,316,Sunshine Coast,3RQLD,Rest of Qld,3,Queensland,AUS,Australia,47.3917,http://linked.data.gov.au/dataset/asgsed3/SA2/316021580,39205.4835596291,59736984.5930638
1610,316021581,Meridan Plains - Little Mountain (North),1,New,31602,Caloundra,316,Sunshine Coast,3RQLD,Rest of Qld,3,Queensland,AUS,Australia,24.0367,http://linked.data.gov.au/dataset/asgsed3/SA2/316021581,35528.89569982,30272135.8379257
1611,316031425,Coolum Beach,0,No change,31603,Maroochy,316,Sunshine Coast,3RQLD,Rest of Qld,3,Queensland,AUS,Australia,18.1108,http://linked.data.gov.au/dataset/asgsed3/SA2/316031425,26166.7319170199,22720108.1213571
1612,316031426,Marcoola - Mudjimba,0,No change,31603,Maroochy,316,Sunshine Coast,3RQLD,Rest of Qld,3,Queensland,AUS,Australia,32.8881,http://linked.data.gov.au/dataset/asgsed3/SA2/316031426,28808.5353455084,41310209.06486
1613,316031427,Maroochydore - Kuluin,0,No change,31603,Maroochy,316,Sunshine Coast,3RQLD,Rest of Qld,3,Queensland,AUS,Australia,13.8495,http://linked.data.gov.au/dataset/asgsed3/SA2/316031427,19636.9892086552,17408693.3384852
1614,316031428,Mooloolaba - Alexandra Headland,0,No change,31603,Maroochy,316,Sunshine Coast,3RQLD,Rest of Qld,3,Queensland,AUS,Australia,5.5009,http://linked.data.gov.au/dataset/asgsed3/SA2/316031428,15278.3282142148,6917436.294021
1615,316051434,Noosa Heads,0,No change,31605,Noosa,316,Sunshine Coast,3RQLD,Rest of Qld,3,Queensland,AUS,Australia,13.0071,http://linked.data.gov.au/dataset/asgsed3/SA2/316051434,27463.4606022385,16277897.7275838
1616,316051435,Noosaville,0,No change,31605,Noosa,316,Sunshine Coast,3RQLD,Rest of Qld,3,Queensland,AUS,Australia,26.4403,http://linked.data.gov.au/dataset/asgsed3/SA2/316051435,35890.7880762003,33103127.5910845
1617,316051437,Sunshine Beach,0,No change,31605,Noosa,316,Sunshine Coast,3RQLD,Rest of Qld,3,Queensland,AUS,Australia,7.2839,http://linked.data.gov.au/dataset/asgsed3/SA2/316051437,18485.1872492951,9118600.40086276
1618,316051438,Tewantin,0,No change,31605,Noosa,316,Sunshine Coast,3RQLD,Rest of Qld,3,Queensland,AUS,Australia,25.618,http://linked.data.gov.au/dataset/asgsed3/SA2/316051438,31315.825787017,32057393.4503622
1619,316051543,Peregian Beach - Marcus Beach,0,No change,31605,Noosa,316,Sunshine Coast,3RQLD,Rest of Qld,3,Queensland,AUS,Australia,13.6938,http://linked.data.gov.au/dataset/asgsed3/SA2/316051543,22703.7377669893,17156860.6848958
1620,316051544,Peregian Springs,0,No change,31605,Noosa,316,Sunshine Coast,3RQLD,Rest of Qld,3,Queensland,AUS,Australia,6.0599,http://linked.data.gov.au/dataset/asgsed3/SA2/316051544,12179.6138438437,7596535.4244795
1621,316061439,Beerwah,0,No change,31606,Sunshine Coast Hinterland,316,Sunshine Coast,3RQLD,Rest of Qld,3,Queensland,AUS,Australia,148.6221,http://linked.data.gov.au/dataset/asgsed3/SA2/316061439,122994.467037576,187480946.808336
1622,316061440,Caloundra Hinterland,0,No change,31606,Sunshine Coast Hinterland,316,Sunshine Coast,3RQLD,Rest of Qld,3,Queensland,AUS,Australia,459.3262,http://linked.data.gov.au/dataset/asgsed3/SA2/316061440,171755.12112687,578204267.82494
1623,316061441,Glass House Mountains,0,No change,31606,Sunshine Coast Hinterland,316,Sunshine Coast,3RQLD,Rest of Qld,3,Queensland,AUS,Australia,184.2288,http://linked.data.gov.au/dataset/asgsed3/SA2/316061441,109375.999691295,232672436.434687
1624,316061442,Landsborough,0,No change,31606,Sunshine Coast Hinterland,316,Sunshine Coast,3RQLD,Rest of Qld,3,Queensland,AUS,Australia,134.5715,http://linked.data.gov.au/dataset/asgsed3/SA2/316061442,95297.8427750418,169537816.365799
1625,316061443,Maroochy Hinterland,0,No change,31606,Sunshine Coast Hinterland,316,Sunshine Coast,3RQLD,Rest of Qld,3,Queensland,AUS,Australia,526.3125,http://linked.data.gov.au/dataset/asgsed3/SA2/316061443,218040.170325314,660918041.168073
1626,316061444,Palmwoods,0,No change,31606,Sunshine Coast Hinterland,316,Sunshine Coast,3RQLD,Rest of Qld,3,Queensland,AUS,Australia,115.2092,http://linked.data.gov.au/dataset/asgsed3/SA2/316061444,75544.2137969961,144939493.226119
1627,316071545,Bli Bli,0,No change,31607,Nambour,316,Sunshine Coast,3RQLD,Rest of Qld,3,Queensland,AUS,Australia,44.7696,http://linked.data.gov.au/dataset/asgsed3/SA2/316071545,44078.1009353994,56219825.309203
1628,316071546,Diddillibah - Rosemount,0,No change,31607,Nambour,316,Sunshine Coast,3RQLD,Rest of Qld,3,Queensland,AUS,Australia,31.3023,http://linked.data.gov.au/dataset/asgsed3/SA2/316071546,37579.7523156942,39338832.7203216
1629,316071547,Eumundi - Yandina,0,No change,31607,Nambour,316,Sunshine Coast,3RQLD,Rest of Qld,3,Queensland,AUS,Australia,215.7895,http://linked.data.gov.au/dataset/asgsed3/SA2/316071547,97032.4113396238,270594444.755222
1630,316071548,Nambour,0,No change,31607,Nambour,316,Sunshine Coast,3RQLD,Rest of Qld,3,Queensland,AUS,Australia,54.0249,http://linked.data.gov.au/dataset/asgsed3/SA2/316071548,53827.5467184964,67883472.2277308
1631,316081549,Noosa Hinterland,0,No change,31608,Noosa Hinterland,316,Sunshine Coast,3RQLD,Rest of Qld,3,Queensland,AUS,Australia,820.066,http://linked.data.gov.au/dataset/asgsed3/SA2/316081549,208590.918580834,1024930532.12887
1632,317011445,Cambooya - Wyreema,0,No change,31701,Toowoomba,317,Toowoomba,3RQLD,Rest of Qld,3,Queensland,AUS,Australia,227.5385,http://linked.data.gov.au/dataset/asgsed3/SA2/317011445,94072.1806000442,291317402.17179
1633,317011446,Darling Heights,0,No change,31701,Toowoomba,317,Toowoomba,3RQLD,Rest of Qld,3,Queensland,AUS,Australia,12.536,http://linked.data.gov.au/dataset/asgsed3/SA2/317011446,17642.1787128488,16025048.2161795
1634,317011447,Drayton - Harristown,0,No change,31701,Toowoomba,317,Toowoomba,3RQLD,Rest of Qld,3,Queensland,AUS,Australia,16.278,http://linked.data.gov.au/dataset/asgsed3/SA2/317011447,24544.8507824391,20802208.6117655
1635,317011448,Gatton,0,No change,31701,Toowoomba,317,Toowoomba,3RQLD,Rest of Qld,3,Queensland,AUS,Australia,49.9778,http://linked.data.gov.au/dataset/asgsed3/SA2/317011448,51881.3405447362,63838643.6131232
1636,317011449,Gowrie (Qld),0,No change,31701,Toowoomba,317,Toowoomba,3RQLD,Rest of Qld,3,Queensland,AUS,Australia,81.0101,http://linked.data.gov.au/dataset/asgsed3/SA2/317011449,58263.0873235264,103275223.843999
1637,317011450,Highfields,0,No change,31701,Toowoomba,317,Toowoomba,3RQLD,Rest of Qld,3,Queensland,AUS,Australia,149.2804,http://linked.data.gov.au/dataset/asgsed3/SA2/317011450,106896.795862516,190205391.125379
1638,317011451,Lockyer Valley - West,0,No change,31701,Toowoomba,317,Toowoomba,3RQLD,Rest of Qld,3,Queensland,AUS,Australia,1480.2184,http://linked.data.gov.au/dataset/asgsed3/SA2/317011451,348336.91509985,1893573214.20087
1639,317011452,Middle Ridge,0,No change,31701,Toowoomba,317,Toowoomba,3RQLD,Rest of Qld,3,Queensland,AUS,Australia,8.6802,http://linked.data.gov.au/dataset/asgsed3/SA2/317011452,16678.2987596968,11096974.7801295
1640,317011453,Newtown (Qld),0,No change,31701,Toowoomba,317,Toowoomba,3RQLD,Rest of Qld,3,Queensland,AUS,Australia,5.5435,http://linked.data.gov.au/dataset/asgsed3/SA2/317011453,12221.4435881961,7080203.16250573
1641,317011454,North Toowoomba - Harlaxton,0,No change,31701,Toowoomba,317,Toowoomba,3RQLD,Rest of Qld,3,Queensland,AUS,Australia,10.3068,http://linked.data.gov.au/dataset/asgsed3/SA2/317011454,20182.3224183348,13157198.2781904
1642,317011455,Rangeville,0,No change,31701,Toowoomba,317,Toowoomba,3RQLD,Rest of Qld,3,Queensland,AUS,Australia,8.2521,http://linked.data.gov.au/dataset/asgsed3/SA2/317011455,18905.304343014,10544666.2316436
1643,317011456,Toowoomba - Central,0,No change,31701,Toowoomba,317,Toowoomba,3RQLD,Rest of Qld,3,Queensland,AUS,Australia,9.5179,http://linked.data.gov.au/dataset/asgsed3/SA2/317011456,17138.787659069,12159878.8214745
1644,317011457,Toowoomba - East,0,No change,31701,Toowoomba,317,Toowoomba,3RQLD,Rest of Qld,3,Queensland,AUS,Australia,19.4162,http://linked.data.gov.au/dataset/asgsed3/SA2/317011457,25853.7812030496,24795680.8447448
1645,317011458,Toowoomba - West,0,No change,31701,Toowoomba,317,Toowoomba,3RQLD,Rest of Qld,3,Queensland,AUS,Australia,161.2951,http://linked.data.gov.au/dataset/asgsed3/SA2/317011458,75861.5805484963,206040383.853972
1646,317011459,Wilsonton,0,No change,31701,Toowoomba,317,Toowoomba,3RQLD,Rest of Qld,3,Queensland,AUS,Australia,18.9443,http://linked.data.gov.au/dataset/asgsed3/SA2/317011459,21675.1412243988,24183670.6810713
1647,318011460,Ayr,0,No change,31801,Charters Towers - Ayr - Ingham,318,Townsville,3RQLD,Rest of Qld,3,Queensland,AUS,Australia,69.8291,http://linked.data.gov.au/dataset/asgsed3/SA2/318011460,56160.1027026245,79071207.5995251
1648,318011461,Burdekin,0,No change,31801,Charters Towers - Ayr - Ingham,318,Townsville,3RQLD,Rest of Qld,3,Queensland,AUS,Australia,4878.6303,http://linked.data.gov.au/dataset/asgsed3/SA2/318011461,598067.040848073,5541805382.9657
1649,318011462,Charters Towers,0,No change,31801,Charters Towers - Ayr - Ingham,318,Townsville,3RQLD,Rest of Qld,3,Queensland,AUS,Australia,41.8593,http://linked.data.gov.au/dataset/asgsed3/SA2/318011462,36529.7355177248,47690000.0118626
1650,318011463,Dalrymple,0,No change,31801,Charters Towers - Ayr - Ingham,318,Townsville,3RQLD,Rest of Qld,3,Queensland,AUS,Australia,68340.3051,http://linked.data.gov.au/dataset/asgsed3/SA2/318011463,1975424.71742184,77959285135.8895
1651,318011464,Ingham,0,No change,31801,Charters Towers - Ayr - Ingham,318,Townsville,3RQLD,Rest of Qld,3,Queensland,AUS,Australia,41.6192,http://linked.data.gov.au/dataset/asgsed3/SA2/318011464,35890.6351554791,46611148.3278459
1652,318011465,Ingham Surrounds,3,Name change,31801,Charters Towers - Ayr - Ingham,318,Townsville,3RQLD,Rest of Qld,3,Queensland,AUS,Australia,2765.5697,http://linked.data.gov.au/dataset/asgsed3/SA2/318011465,410586.706108071,3097572226.12278
1653,318011466,Palm Island,0,No change,31801,Charters Towers - Ayr - Ingham,318,Townsville,3RQLD,Rest of Qld,3,Queensland,AUS,Australia,71.9928,http://linked.data.gov.au/dataset/asgsed3/SA2/318011466,108834.984161312,80700147.8186421
1654,318021467,Aitkenvale,0,No change,31802,Townsville,318,Townsville,3RQLD,Rest of Qld,3,Queensland,AUS,Australia,3.3069,http://linked.data.gov.au/dataset/asgsed3/SA2/318021467,7688.37001133499,3732170.47600539
1655,318021468,Annandale (Qld),3,Name change,31802,Townsville,318,Townsville,3RQLD,Rest of Qld,3,Queensland,AUS,Australia,18.8364,http://linked.data.gov.au/dataset/asgsed3/SA2/318021468,23650.6706246651,21264490.5900178
1656,318021469,Belgian Gardens - Pallarenda,0,No change,31802,Townsville,318,Townsville,3RQLD,Rest of Qld,3,Queensland,AUS,Australia,39.829,http://linked.data.gov.au/dataset/asgsed3/SA2/318021469,44973.5901381331,44900864.1358312
1657,318021470,Bohle Plains,0,No change,31802,Townsville,318,Townsville,3RQLD,Rest of Qld,3,Queensland,AUS,Australia,100.0626,http://linked.data.gov.au/dataset/asgsed3/SA2/318021470,58360.2910369564,112945995.118184
1658,318021471,Condon - Rasmussen,0,No change,31802,Townsville,318,Townsville,3RQLD,Rest of Qld,3,Queensland,AUS,Australia,46.1617,http://linked.data.gov.au/dataset/asgsed3/SA2/318021471,40503.9593779905,52126282.2323992
1659,318021472,Cranbrook,0,No change,31802,Townsville,318,Townsville,3RQLD,Rest of Qld,3,Queensland,AUS,Australia,3.3581,http://linked.data.gov.au/dataset/asgsed3/SA2/318021472,8846.11117379096,3790208.61859943
1660,318021474,Douglas,0,No change,31802,Townsville,318,Townsville,3RQLD,Rest of Qld,3,Queensland,AUS,Australia,78.9574,http://linked.data.gov.au/dataset/asgsed3/SA2/318021474,55349.9267627083,89183997.1647149
1661,318021475,Garbutt - West End,0,No change,31802,Townsville,318,Townsville,3RQLD,Rest of Qld,3,Queensland,AUS,Australia,17.0488,http://linked.data.gov.au/dataset/asgsed3/SA2/318021475,27225.4181821514,19230458.9342541
1662,318021476,Gulliver - Currajong - Vincent,0,No change,31802,Townsville,318,Townsville,3RQLD,Rest of Qld,3,Queensland,AUS,Australia,4.9312,http://linked.data.gov.au/dataset/asgsed3/SA2/318021476,10324.450251965,5563454.91427679
1663,318021477,Heatley,0,No change,31802,Townsville,318,Townsville,3RQLD,Rest of Qld,3,Queensland,AUS,Australia,2.0316,http://linked.data.gov.au/dataset/asgsed3/SA2/318021477,7598.25125385281,2292336.18806607
1664,318021478,Hermit Park - Rosslea,0,No change,31802,Townsville,318,Townsville,3RQLD,Rest of Qld,3,Queensland,AUS,Australia,3.8838,http://linked.data.gov.au/dataset/asgsed3/SA2/318021478,11368.6851365192,4382527.01518208
1665,318021479,Hyde Park - Pimlico,0,No change,31802,Townsville,318,Townsville,3RQLD,Rest of Qld,3,Queensland,AUS,Australia,3.1985,http://linked.data.gov.au/dataset/asgsed3/SA2/318021479,9067.95226015246,3608293.58319673
1666,318021480,Kelso,0,No change,31802,Townsville,318,Townsville,3RQLD,Rest of Qld,3,Queensland,AUS,Australia,170.3565,http://linked.data.gov.au/dataset/asgsed3/SA2/318021480,85942.6424009806,192573126.668407
1667,318021481,Kirwan - East,0,No change,31802,Townsville,318,Townsville,3RQLD,Rest of Qld,3,Queensland,AUS,Australia,3.5233,http://linked.data.gov.au/dataset/asgsed3/SA2/318021481,9753.97195567002,3976667.62958337
1668,318021482,Kirwan - West,0,No change,31802,Townsville,318,Townsville,3RQLD,Rest of Qld,3,Queensland,AUS,Australia,9.3421,http://linked.data.gov.au/dataset/asgsed3/SA2/318021482,13966.1500671421,10543586.4382489
1669,318021483,Magnetic Island,0,No change,31802,Townsville,318,Townsville,3RQLD,Rest of Qld,3,Queensland,AUS,Australia,51.1523,http://linked.data.gov.au/dataset/asgsed3/SA2/318021483,47034.6733317682,57616155.4130478
1670,318021484,Mount Louisa,0,No change,31802,Townsville,318,Townsville,3RQLD,Rest of Qld,3,Queensland,AUS,Australia,31.602,http://linked.data.gov.au/dataset/asgsed3/SA2/318021484,34562.6559706727,35645866.6979411
1671,318021485,Mundingburra,0,No change,31802,Townsville,318,Townsville,3RQLD,Rest of Qld,3,Queensland,AUS,Australia,2.6394,http://linked.data.gov.au/dataset/asgsed3/SA2/318021485,9021.42548401824,2978663.87617335
1672,318021486,Northern Beaches,0,No change,31802,Townsville,318,Townsville,3RQLD,Rest of Qld,3,Queensland,AUS,Australia,1008.6848,http://linked.data.gov.au/dataset/asgsed3/SA2/318021486,257085.451073828,1136395387.9529
1673,318021487,Oonoonba,0,No change,31802,Townsville,318,Townsville,3RQLD,Rest of Qld,3,Queensland,AUS,Australia,8.6993,http://linked.data.gov.au/dataset/asgsed3/SA2/318021487,18065.0684598465,9818415.97423867
1674,318021488,South Townsville - Railway Estate,0,No change,31802,Townsville,318,Townsville,3RQLD,Rest of Qld,3,Queensland,AUS,Australia,9.179,http://linked.data.gov.au/dataset/asgsed3/SA2/318021488,18832.9703535167,10354959.5945204
1675,318021489,Townsville - South,0,No change,31802,Townsville,318,Townsville,3RQLD,Rest of Qld,3,Queensland,AUS,Australia,2073.1699,http://linked.data.gov.au/dataset/asgsed3/SA2/318021489,371712.028542541,2346511777.48514
1676,318021490,Townsville City - North Ward,0,No change,31802,Townsville,318,Townsville,3RQLD,Rest of Qld,3,Queensland,AUS,Australia,6.763,http://linked.data.gov.au/dataset/asgsed3/SA2/318021490,17945.8049632115,7628373.97978918
1677,318021491,Wulguru - Roseneath,0,No change,31802,Townsville,318,Townsville,3RQLD,Rest of Qld,3,Queensland,AUS,Australia,63.5182,http://linked.data.gov.au/dataset/asgsed3/SA2/318021491,57924.7576805916,71703195.1444809
1678,318021582,Burdell - Mount Low,1,New,31802,Townsville,318,Townsville,3RQLD,Rest of Qld,3,Queensland,AUS,Australia,44.0387,http://linked.data.gov.au/dataset/asgsed3/SA2/318021582,39887.9504773511,49651583.7360391
1679,318021583,Deeragun - Jensen,1,New,31802,Townsville,318,Townsville,3RQLD,Rest of Qld,3,Queensland,AUS,Australia,22.0178,http://linked.data.gov.au/dataset/asgsed3/SA2/318021583,26305.2683247028,24835185.2105939
1680,319011492,Ashfield - Kepnock,0,No change,31901,Bundaberg,319,Wide Bay,3RQLD,Rest of Qld,3,Queensland,AUS,Australia,8.0749,http://linked.data.gov.au/dataset/asgsed3/SA2/319011492,16228.2128843682,9853244.03046481
1681,319011493,Bargara - Burnett Heads,0,No change,31901,Bundaberg,319,Wide Bay,3RQLD,Rest of Qld,3,Queensland,AUS,Australia,144.6156,http://linked.data.gov.au/dataset/asgsed3/SA2/319011493,84679.9044069882,176400249.498095
1682,319011494,Branyan - Kensington,0,No change,31901,Bundaberg,319,Wide Bay,3RQLD,Rest of Qld,3,Queensland,AUS,Australia,50.4255,http://linked.data.gov.au/dataset/asgsed3/SA2/319011494,38085.1243410616,61572315.7068846
1683,319011495,Bundaberg,0,No change,31901,Bundaberg,319,Wide Bay,3RQLD,Rest of Qld,3,Queensland,AUS,Australia,6.1218,http://linked.data.gov.au/dataset/asgsed3/SA2/319011495,14360.4963166062,7470193.68574735
1684,319011496,Bundaberg East - Kalkie,0,No change,31901,Bundaberg,319,Wide Bay,3RQLD,Rest of Qld,3,Queensland,AUS,Australia,13.7591,http://linked.data.gov.au/dataset/asgsed3/SA2/319011496,20213.1616267908,16783053.227025
1685,319011497,Bundaberg North - Gooburrum,0,No change,31901,Bundaberg,319,Wide Bay,3RQLD,Rest of Qld,3,Queensland,AUS,Australia,53.8539,http://linked.data.gov.au/dataset/asgsed3/SA2/319011497,44582.1071874358,65674534.5479532
1686,319011498,Bundaberg Surrounds - North,3,Name change,31901,Bundaberg,319,Wide Bay,3RQLD,Rest of Qld,3,Queensland,AUS,Australia,1273.6851,http://linked.data.gov.au/dataset/asgsed3/SA2/319011498,267093.15370243,1551527129.3909
1687,319011499,Bundaberg Surrounds - South,3,Name change,31901,Bundaberg,319,Wide Bay,3RQLD,Rest of Qld,3,Queensland,AUS,Australia,2207.1816,http://linked.data.gov.au/dataset/asgsed3/SA2/319011499,292345.363602546,2705281832.48919
1688,319011500,Millbank - Avoca,0,No change,31901,Bundaberg,319,Wide Bay,3RQLD,Rest of Qld,3,Queensland,AUS,Australia,9.54,http://linked.data.gov.au/dataset/asgsed3/SA2/319011500,15760.4723334581,11642076.0942798
1689,319011501,Svensson Heights - Norville,0,No change,31901,Bundaberg,319,Wide Bay,3RQLD,Rest of Qld,3,Queensland,AUS,Australia,6.399,http://linked.data.gov.au/dataset/asgsed3/SA2/319011501,10929.6691749392,7810158.91354073
1690,319011502,Walkervale - Avenell Heights,0,No change,31901,Bundaberg,319,Wide Bay,3RQLD,Rest of Qld,3,Queensland,AUS,Australia,12.442,http://linked.data.gov.au/dataset/asgsed3/SA2/319011502,24993.7944424556,15189094.0457032
1691,319021503,Gayndah - Mundubbera,0,No change,31902,Burnett,319,Wide Bay,3RQLD,Rest of Qld,3,Queensland,AUS,Australia,8513.3532,http://linked.data.gov.au/dataset/asgsed3/SA2/319021503,737713.194726713,10524028929.424
1692,319021504,Gin Gin,0,No change,31902,Burnett,319,Wide Bay,3RQLD,Rest of Qld,3,Queensland,AUS,Australia,2355.4671,http://linked.data.gov.au/dataset/asgsed3/SA2/319021504,431755.317866239,2878164883.90881
1693,319021505,Kingaroy,0,No change,31902,Burnett,319,Wide Bay,3RQLD,Rest of Qld,3,Queensland,AUS,Australia,70.1948,http://linked.data.gov.au/dataset/asgsed3/SA2/319021505,55898.5185398858,88047721.4759763
1694,319021506,Kingaroy Surrounds - North,3,Name change,31902,Burnett,319,Wide Bay,3RQLD,Rest of Qld,3,Queensland,AUS,Australia,4332.3354,http://linked.data.gov.au/dataset/asgsed3/SA2/319021506,485523.637573878,5403347375.41492
1695,319021507,Kingaroy Surrounds - South,3,Name change,31902,Burnett,319,Wide Bay,3RQLD,Rest of Qld,3,Queensland,AUS,Australia,2370.7257,http://linked.data.gov.au/dataset/asgsed3/SA2/319021507,379768.951472593,2975344343.35702
1696,319021508,Monto - Eidsvold,0,No change,31902,Burnett,319,Wide Bay,3RQLD,Rest of Qld,3,Queensland,AUS,Australia,11156.4957,http://linked.data.gov.au/dataset/asgsed3/SA2/319021508,857934.264408047,13666981763.4253
1697,319021509,Nanango,0,No change,31902,Burnett,319,Wide Bay,3RQLD,Rest of Qld,3,Queensland,AUS,Australia,1648.736,http://linked.data.gov.au/dataset/asgsed3/SA2/319021509,403527.54501054,2074427997.09071
1698,319021510,North Burnett,0,No change,31902,Burnett,319,Wide Bay,3RQLD,Rest of Qld,3,Queensland,AUS,Australia,289.5233,http://linked.data.gov.au/dataset/asgsed3/SA2/319021510,116718.510291003,352085580.090283
1699,319031511,Cooloola,0,No change,31903,Gympie - Cooloola,319,Wide Bay,3RQLD,Rest of Qld,3,Queensland,AUS,Australia,1141.6459,http://linked.data.gov.au/dataset/asgsed3/SA2/319031511,396378.134334274,1418813474.90536
1700,319031512,Gympie - North,0,No change,31903,Gympie - Cooloola,319,Wide Bay,3RQLD,Rest of Qld,3,Queensland,AUS,Australia,42.6857,http://linked.data.gov.au/dataset/asgsed3/SA2/319031512,51775.9242145565,53217563.374164
1701,319031513,Gympie - South,0,No change,31903,Gympie - Cooloola,319,Wide Bay,3RQLD,Rest of Qld,3,Queensland,AUS,Australia,26.7758,http://linked.data.gov.au/dataset/asgsed3/SA2/319031513,30184.2233022525,33406243.4000134
1702,319031514,Gympie Surrounds,3,Name change,31903,Gympie - Cooloola,319,Wide Bay,3RQLD,Rest of Qld,3,Queensland,AUS,Australia,2544.6626,http://linked.data.gov.au/dataset/asgsed3/SA2/319031514,543791.922744376,3176337525.49305
1703,319031515,Kilkivan,0,No change,31903,Gympie - Cooloola,319,Wide Bay,3RQLD,Rest of Qld,3,Queensland,AUS,Australia,3219.4645,http://linked.data.gov.au/dataset/asgsed3/SA2/319031515,460033.743302545,4009646485.39019
1704,319041516,Booral - River Heads,0,No change,31904,Hervey Bay,319,Wide Bay,3RQLD,Rest of Qld,3,Queensland,AUS,Australia,158.341,http://linked.data.gov.au/dataset/asgsed3/SA2/319041516,93183.4833720829,194761755.371087
1705,319041517,Craignish - Dundowran Beach,0,No change,31904,Hervey Bay,319,Wide Bay,3RQLD,Rest of Qld,3,Queensland,AUS,Australia,35.6108,http://linked.data.gov.au/dataset/asgsed3/SA2/319041517,36404.0432415786,43744021.5909208
1706,319041518,Pialba - Eli Waters,0,No change,31904,Hervey Bay,319,Wide Bay,3RQLD,Rest of Qld,3,Queensland,AUS,Australia,18.7195,http://linked.data.gov.au/dataset/asgsed3/SA2/319041518,23522.7805602555,22993500.2276369
1707,319041519,Point Vernon,0,No change,31904,Hervey Bay,319,Wide Bay,3RQLD,Rest of Qld,3,Queensland,AUS,Australia,4.8459,http://linked.data.gov.au/dataset/asgsed3/SA2/319041519,12291.7749290504,5950038.14655465
1708,319041520,Torquay - Scarness - Kawungan,0,No change,31904,Hervey Bay,319,Wide Bay,3RQLD,Rest of Qld,3,Queensland,AUS,Australia,10.9418,http://linked.data.gov.au/dataset/asgsed3/SA2/319041520,22122.3877588295,13442591.9076969
1709,319041521,Urangan - Wondunna,0,No change,31904,Hervey Bay,319,Wide Bay,3RQLD,Rest of Qld,3,Queensland,AUS,Australia,23.0976,http://linked.data.gov.au/dataset/asgsed3/SA2/319041521,28997.2116360031,28384583.2065217
1710,319051522,Burrum - Fraser,0,No change,31905,Maryborough,319,Wide Bay,3RQLD,Rest of Qld,3,Queensland,AUS,Australia,2759.1365,http://linked.data.gov.au/dataset/asgsed3/SA2/319051522,718826.419066165,3390162873.3251
1711,319051523,Granville,0,No change,31905,Maryborough,319,Wide Bay,3RQLD,Rest of Qld,3,Queensland,AUS,Australia,49.0135,http://linked.data.gov.au/dataset/asgsed3/SA2/319051523,52543.7427516589,60507195.7129174
1712,319051524,Maryborough (Qld),0,No change,31905,Maryborough,319,Wide Bay,3RQLD,Rest of Qld,3,Queensland,AUS,Australia,84.2739,http://linked.data.gov.au/dataset/asgsed3/SA2/319051524,67090.7065441577,103895724.951131
1713,319051525,Maryborough Surrounds - South,3,Name change,31905,Maryborough,319,Wide Bay,3RQLD,Rest of Qld,3,Queensland,AUS,Australia,3823.1905,http://linked.data.gov.au/dataset/asgsed3/SA2/319051525,721978.67878924,4728178586.70756
1714,319051526,Tinana,0,No change,31905,Maryborough,319,Wide Bay,3RQLD,Rest of Qld,3,Queensland,AUS,Australia,37.3373,http://linked.data.gov.au/dataset/asgsed3/SA2/319051526,30769.6059597731,46065022.7177691
1715,397979799,Migratory - Offshore - Shipping (Qld),0,No change,39797,Migratory - Offshore - Shipping (Qld),397,Migratory - Offshore - Shipping (Qld),39799,Migratory - Offshore - Shipping (Qld),3,Queensland,AUS,Australia,,http://linked.data.gov.au/dataset/asgsed3/SA2/397979799,0,0
1716,399999499,No usual address (Qld),0,No change,39999,No usual address (Qld),399,No usual address (Qld),39499,No usual address (Qld),3,Queensland,AUS,Australia,,http://linked.data.gov.au/dataset/asgsed3/SA2/399999499,0,0
1717,401011001,Adelaide,0,No change,40101,Adelaide City,401,Adelaide - Central and Hills,4GADE,Greater Adelaide,4,South Australia,AUS,Australia,10.4824,http://linked.data.gov.au/dataset/asgsed3/SA2/401011001,20099.0883771441,15630043.4851874
1718,401011002,North Adelaide,0,No change,40101,Adelaide City,401,Adelaide - Central and Hills,4GADE,Greater Adelaide,4,South Australia,AUS,Australia,5.0909,http://linked.data.gov.au/dataset/asgsed3/SA2/401011002,11717.4557925643,7587054.74792146
1719,401021003,Adelaide Hills,0,No change,40102,Adelaide Hills,401,Adelaide - Central and Hills,4GADE,Greater Adelaide,4,South Australia,AUS,Australia,364.439,http://linked.data.gov.au/dataset/asgsed3/SA2/401021003,138525.925896092,541889233.937556
1720,401021004,Aldgate - Stirling,0,No change,40102,Adelaide Hills,401,Adelaide - Central and Hills,4GADE,Greater Adelaide,4,South Australia,AUS,Australia,117.2141,http://linked.data.gov.au/dataset/asgsed3/SA2/401021004,83629.918523216,175234435.74484
1721,401021005,Hahndorf - Echunga,0,No change,40102,Adelaide Hills,401,Adelaide - Central and Hills,4GADE,Greater Adelaide,4,South Australia,AUS,Australia,110.1516,http://linked.data.gov.au/dataset/asgsed3/SA2/401021005,86612.0772672869,164900592.894676
1722,401021006,Lobethal - Woodside,0,No change,40102,Adelaide Hills,401,Adelaide - Central and Hills,4GADE,Greater Adelaide,4,South Australia,AUS,Australia,202.4981,http://linked.data.gov.au/dataset/asgsed3/SA2/401021006,94061.8888287974,302103460.704923
1723,401021007,Mount Barker,0,No change,40102,Adelaide Hills,401,Adelaide - Central and Hills,4GADE,Greater Adelaide,4,South Australia,AUS,Australia,54.1038,http://linked.data.gov.au/dataset/asgsed3/SA2/401021007,47907.8508139876,80952823.2171712
1724,401021008,Mount Barker Surrounds,3,Name change,40102,Adelaide Hills,401,Adelaide - Central and Hills,4GADE,Greater Adelaide,4,South Australia,AUS,Australia,395.6659,http://linked.data.gov.au/dataset/asgsed3/SA2/401021008,201864.951670187,592323388.412597
1725,401021009,Nairne,0,No change,40102,Adelaide Hills,401,Adelaide - Central and Hills,4GADE,Greater Adelaide,4,South Australia,AUS,Australia,24.8562,http://linked.data.gov.au/dataset/asgsed3/SA2/401021009,31182.5407082933,37158272.1725248
1726,401021010,Uraidla - Summertown,0,No change,40102,Adelaide Hills,401,Adelaide - Central and Hills,4GADE,Greater Adelaide,4,South Australia,AUS,Australia,119.1882,http://linked.data.gov.au/dataset/asgsed3/SA2/401021010,83185.5890033728,177705524.563309
1727,401031011,Burnside - Wattle Park,0,No change,40103,Burnside,401,Adelaide - Central and Hills,4GADE,Greater Adelaide,4,South Australia,AUS,Australia,11.305,http://linked.data.gov.au/dataset/asgsed3/SA2/401031011,22596.7892995995,16856080.1127932
1728,401031012,Beaumont - Glen Osmond,3,Name change,40103,Burnside,401,Adelaide - Central and Hills,4GADE,Greater Adelaide,4,South Australia,AUS,Australia,9.5264,http://linked.data.gov.au/dataset/asgsed3/SA2/401031012,20694.3640802676,14215458.820677
1729,401031013,Toorak Gardens,0,No change,40103,Burnside,401,Adelaide - Central and Hills,4GADE,Greater Adelaide,4,South Australia,AUS,Australia,6.6869,http://linked.data.gov.au/dataset/asgsed3/SA2/401031013,17119.9716348582,9974045.91613253
1730,401041014,Athelstone,0,No change,40104,Campbelltown (SA),401,Adelaide - Central and Hills,4GADE,Greater Adelaide,4,South Australia,AUS,Australia,6.204,http://linked.data.gov.au/dataset/asgsed3/SA2/401041014,16362.0608686096,9239287.84611136
1731,401041015,Paradise - Newton,0,No change,40104,Campbelltown (SA),401,Adelaide - Central and Hills,4GADE,Greater Adelaide,4,South Australia,AUS,Australia,9.2256,http://linked.data.gov.au/dataset/asgsed3/SA2/401041015,17879.0499220304,13740378.1509165
1732,401041016,Rostrevor - Magill,0,No change,40104,Campbelltown (SA),401,Adelaide - Central and Hills,4GADE,Greater Adelaide,4,South Australia,AUS,Australia,9.9383,http://linked.data.gov.au/dataset/asgsed3/SA2/401041016,20244.0130002789,14808970.238734
1733,401051017,Norwood (SA),0,No change,40105,Norwood - Payneham - St Peters,401,Adelaide - Central and Hills,4GADE,Greater Adelaide,4,South Australia,AUS,Australia,3.8926,http://linked.data.gov.au/dataset/asgsed3/SA2/401051017,11818.3134364509,5803874.36515253
1734,401051018,Payneham - Felixstow,0,No change,40105,Norwood - Payneham - St Peters,401,Adelaide - Central and Hills,4GADE,Greater Adelaide,4,South Australia,AUS,Australia,5.2284,http://linked.data.gov.au/dataset/asgsed3/SA2/401051018,12717.7797663228,7790795.13292037
1735,401051019,St Peters - Marden,0,No change,40105,Norwood - Payneham - St Peters,401,Adelaide - Central and Hills,4GADE,Greater Adelaide,4,South Australia,AUS,Australia,5.9826,http://linked.data.gov.au/dataset/asgsed3/SA2/401051019,15564.1968210338,8915048.13101711
1736,401061020,Nailsworth - Broadview,0,No change,40106,Prospect - Walkerville,401,Adelaide - Central and Hills,4GADE,Greater Adelaide,4,South Australia,AUS,Australia,2.3161,http://linked.data.gov.au/dataset/asgsed3/SA2/401061020,7575.87409997087,3450071.62328067
1737,401061021,Prospect,0,No change,40106,Prospect - Walkerville,401,Adelaide - Central and Hills,4GADE,Greater Adelaide,4,South Australia,AUS,Australia,5.4754,http://linked.data.gov.au/dataset/asgsed3/SA2/401061021,11651.1935067661,8156247.68844131
1738,401061022,Walkerville,0,No change,40106,Prospect - Walkerville,401,Adelaide - Central and Hills,4GADE,Greater Adelaide,4,South Australia,AUS,Australia,3.53,http://linked.data.gov.au/dataset/asgsed3/SA2/401061022,14292.6511977635,5258949.964679
1739,401071023,Goodwood - Millswood,0,No change,40107,Unley,401,Adelaide - Central and Hills,4GADE,Greater Adelaide,4,South Australia,AUS,Australia,7.1977,http://linked.data.gov.au/dataset/asgsed3/SA2/401071023,13991.2459847753,10740449.4081955
1740,401071024,Unley - Parkside,0,No change,40107,Unley,401,Adelaide - Central and Hills,4GADE,Greater Adelaide,4,South Australia,AUS,Australia,7.0726,http://linked.data.gov.au/dataset/asgsed3/SA2/401071024,14394.7006744633,10553002.082001
1741,402011025,Gawler - North,0,No change,40201,Gawler - Two Wells,402,Adelaide - North,4GADE,Greater Adelaide,4,South Australia,AUS,Australia,145.5294,http://linked.data.gov.au/dataset/asgsed3/SA2/402011025,102056.744969456,215105080.527912
1742,402011026,Gawler - South,0,No change,40201,Gawler - Two Wells,402,Adelaide - North,4GADE,Greater Adelaide,4,South Australia,AUS,Australia,76.7139,http://linked.data.gov.au/dataset/asgsed3/SA2/402011026,88890.624939341,113521228.743745
1743,402011027,Lewiston - Two Wells,0,No change,40201,Gawler - Two Wells,402,Adelaide - North,4GADE,Greater Adelaide,4,South Australia,AUS,Australia,84.6217,http://linked.data.gov.au/dataset/asgsed3/SA2/402011027,56917.3262696178,125207704.481081
1744,402021028,Craigmore - Blakeview,0,No change,40202,Playford,402,Adelaide - North,4GADE,Greater Adelaide,4,South Australia,AUS,Australia,11.8809,http://linked.data.gov.au/dataset/asgsed3/SA2/402021028,21353.4130994355,17613330.3965538
1745,402021029,Davoren Park,0,No change,40202,Playford,402,Adelaide - North,4GADE,Greater Adelaide,4,South Australia,AUS,Australia,9.4649,http://linked.data.gov.au/dataset/asgsed3/SA2/402021029,18220.0951700427,14031443.7428241
1746,402021030,Elizabeth,0,No change,40202,Playford,402,Adelaide - North,4GADE,Greater Adelaide,4,South Australia,AUS,Australia,9.2607,http://linked.data.gov.au/dataset/asgsed3/SA2/402021030,19182.5140374534,13746303.9008856
1747,402021031,Elizabeth East,0,No change,40202,Playford,402,Adelaide - North,4GADE,Greater Adelaide,4,South Australia,AUS,Australia,8.1823,http://linked.data.gov.au/dataset/asgsed3/SA2/402021031,19532.3923031571,12141325.9661623
1748,402021032,Munno Para West - Angle Vale,0,No change,40202,Playford,402,Adelaide - North,4GADE,Greater Adelaide,4,South Australia,AUS,Australia,44.3107,http://linked.data.gov.au/dataset/asgsed3/SA2/402021032,47048.8392270336,65633977.3449837
1749,402021033,One Tree Hill,0,No change,40202,Playford,402,Adelaide - North,4GADE,Greater Adelaide,4,South Australia,AUS,Australia,130.1511,http://linked.data.gov.au/dataset/asgsed3/SA2/402021033,89772.9918686629,193021424.028048
1750,402021034,Smithfield - Elizabeth North,0,No change,40202,Playford,402,Adelaide - North,4GADE,Greater Adelaide,4,South Australia,AUS,Australia,7.987,http://linked.data.gov.au/dataset/asgsed3/SA2/402021034,21332.1748180771,11841422.3090143
1751,402021035,Virginia - Waterloo Corner,0,No change,40202,Playford,402,Adelaide - North,4GADE,Greater Adelaide,4,South Australia,AUS,Australia,135.5661,http://linked.data.gov.au/dataset/asgsed3/SA2/402021035,87960.2580099761,200979914.545812
1752,402031036,Enfield - Blair Athol,0,No change,40203,Port Adelaide - East,402,Adelaide - North,4GADE,Greater Adelaide,4,South Australia,AUS,Australia,15.1765,http://linked.data.gov.au/dataset/asgsed3/SA2/402031036,20317.3016226153,22589738.636074
1753,402031038,Windsor Gardens,0,No change,40203,Port Adelaide - East,402,Adelaide - North,4GADE,Greater Adelaide,4,South Australia,AUS,Australia,8.4298,http://linked.data.gov.au/dataset/asgsed3/SA2/402031038,19527.299017874,12552646.9569888
1754,402031175,Northgate - Northfield,1,New,40203,Port Adelaide - East,402,Adelaide - North,4GADE,Greater Adelaide,4,South Australia,AUS,Australia,6.5508,http://linked.data.gov.au/dataset/asgsed3/SA2/402031175,14451.8838433483,9750593.67693221
1755,402031176,Valley View - Gilles Plains,1,New,40203,Port Adelaide - East,402,Adelaide - North,4GADE,Greater Adelaide,4,South Australia,AUS,Australia,4.683,http://linked.data.gov.au/dataset/asgsed3/SA2/402031176,11035.190737342,6968774.86973712
1756,402041039,Dry Creek - North,0,No change,40204,Salisbury,402,Adelaide - North,4GADE,Greater Adelaide,4,South Australia,AUS,Australia,38.5669,http://linked.data.gov.au/dataset/asgsed3/SA2/402041039,45929.7661323355,57307845.2996962
1757,402041040,Ingle Farm,0,No change,40204,Salisbury,402,Adelaide - North,4GADE,Greater Adelaide,4,South Australia,AUS,Australia,7.4263,http://linked.data.gov.au/dataset/asgsed3/SA2/402041040,16201.498553686,11048906.3479689
1758,402041041,Para Hills,0,No change,40204,Salisbury,402,Adelaide - North,4GADE,Greater Adelaide,4,South Australia,AUS,Australia,10.173,http://linked.data.gov.au/dataset/asgsed3/SA2/402041041,20873.9263541773,15125600.1769809
1759,402041042,Parafield,0,No change,40204,Salisbury,402,Adelaide - North,4GADE,Greater Adelaide,4,South Australia,AUS,Australia,4.6289,http://linked.data.gov.au/dataset/asgsed3/SA2/402041042,10929.2417173142,6880506.99581815
1760,402041043,Parafield Gardens,0,No change,40204,Salisbury,402,Adelaide - North,4GADE,Greater Adelaide,4,South Australia,AUS,Australia,7.0272,http://linked.data.gov.au/dataset/asgsed3/SA2/402041043,13083.7796444923,10442031.6640206
1761,402041044,Paralowie,0,No change,40204,Salisbury,402,Adelaide - North,4GADE,Greater Adelaide,4,South Australia,AUS,Australia,8.3213,http://linked.data.gov.au/dataset/asgsed3/SA2/402041044,20046.9951461638,12357751.758357
1762,402041046,Salisbury,0,No change,40204,Salisbury,402,Adelaide - North,4GADE,Greater Adelaide,4,South Australia,AUS,Australia,10.7696,http://linked.data.gov.au/dataset/asgsed3/SA2/402041046,21836.8356586267,15997719.652486
1763,402041047,Salisbury East,0,No change,40204,Salisbury,402,Adelaide - North,4GADE,Greater Adelaide,4,South Australia,AUS,Australia,14.8505,http://linked.data.gov.au/dataset/asgsed3/SA2/402041047,25628.9128356457,22061312.4202136
1764,402041048,Salisbury North,0,No change,40204,Salisbury,402,Adelaide - North,4GADE,Greater Adelaide,4,South Australia,AUS,Australia,31.3003,http://linked.data.gov.au/dataset/asgsed3/SA2/402041048,30680.0269946811,46447838.7400353
1765,402041171,Mawson Lakes - Globe Derby Park,0,No change,40204,Salisbury,402,Adelaide - North,4GADE,Greater Adelaide,4,South Australia,AUS,Australia,9.6165,http://linked.data.gov.au/dataset/asgsed3/SA2/402041171,22495.3171063485,14296247.423814
1766,402041172,Pooraka - Cavan,0,No change,40204,Salisbury,402,Adelaide - North,4GADE,Greater Adelaide,4,South Australia,AUS,Australia,7.4904,http://linked.data.gov.au/dataset/asgsed3/SA2/402041172,17070.635836324,11141905.3785194
1767,402051049,Golden Grove,0,No change,40205,Tea Tree Gully,402,Adelaide - North,4GADE,Greater Adelaide,4,South Australia,AUS,Australia,26.6144,http://linked.data.gov.au/dataset/asgsed3/SA2/402051049,43461.9921778163,39533713.8240968
1768,402051050,Greenwith,0,No change,40205,Tea Tree Gully,402,Adelaide - North,4GADE,Greater Adelaide,4,South Australia,AUS,Australia,6.0371,http://linked.data.gov.au/dataset/asgsed3/SA2/402051050,15844.2234124705,8967326.39689844
1769,402051051,Highbury - Dernancourt,0,No change,40205,Tea Tree Gully,402,Adelaide - North,4GADE,Greater Adelaide,4,South Australia,AUS,Australia,12.001,http://linked.data.gov.au/dataset/asgsed3/SA2/402051051,34065.4870645564,17862808.1783806
1770,402051052,Hope Valley - Modbury,0,No change,40205,Tea Tree Gully,402,Adelaide - North,4GADE,Greater Adelaide,4,South Australia,AUS,Australia,10.3125,http://linked.data.gov.au/dataset/asgsed3/SA2/402051052,23665.8010167742,15344481.5701998
1771,402051053,Modbury Heights,0,No change,40205,Tea Tree Gully,402,Adelaide - North,4GADE,Greater Adelaide,4,South Australia,AUS,Australia,9.9089,http://linked.data.gov.au/dataset/asgsed3/SA2/402051053,20090.2001994048,14733219.3131814
1772,402051054,Redwood Park,0,No change,40205,Tea Tree Gully,402,Adelaide - North,4GADE,Greater Adelaide,4,South Australia,AUS,Australia,14.1403,http://linked.data.gov.au/dataset/asgsed3/SA2/402051054,24141.7335007526,21021277.9397881
1773,402051055,St Agnes - Ridgehaven,0,No change,40205,Tea Tree Gully,402,Adelaide - North,4GADE,Greater Adelaide,4,South Australia,AUS,Australia,12.2999,http://linked.data.gov.au/dataset/asgsed3/SA2/402051055,21400.9162092022,18294834.3095154
1774,403011056,Brighton (SA),0,No change,40301,Holdfast Bay,403,Adelaide - South,4GADE,Greater Adelaide,4,South Australia,AUS,Australia,5.9168,http://linked.data.gov.au/dataset/asgsed3/SA2/403011056,15932.8741892524,8842452.72968435
1775,403011057,Glenelg (SA),0,No change,40301,Holdfast Bay,403,Adelaide - South,4GADE,Greater Adelaide,4,South Australia,AUS,Australia,7.2232,http://linked.data.gov.au/dataset/asgsed3/SA2/403011057,18342.0680628577,10785492.2937923
1776,403021058,Edwardstown,0,No change,40302,Marion,403,Adelaide - South,4GADE,Greater Adelaide,4,South Australia,AUS,Australia,5.5375,http://linked.data.gov.au/dataset/asgsed3/SA2/403021058,12898.9376808079,8266771.14868762
1777,403021059,Hallett Cove,0,No change,40302,Marion,403,Adelaide - South,4GADE,Greater Adelaide,4,South Australia,AUS,Australia,9.2762,http://linked.data.gov.au/dataset/asgsed3/SA2/403021059,20103.5010504929,13879776.0546205
1778,403021060,Marino - Seaview Downs,0,No change,40302,Marion,403,Adelaide - South,4GADE,Greater Adelaide,4,South Australia,AUS,Australia,12.2123,http://linked.data.gov.au/dataset/asgsed3/SA2/403021060,20676.7419182407,18261209.2728671
1779,403021061,Mitchell Park,0,No change,40302,Marion,403,Adelaide - South,4GADE,Greater Adelaide,4,South Australia,AUS,Australia,7.5686,http://linked.data.gov.au/dataset/asgsed3/SA2/403021061,14111.3141612795,11307922.299424
1780,403021062,Morphettville,0,No change,40302,Marion,403,Adelaide - South,4GADE,Greater Adelaide,4,South Australia,AUS,Australia,6.2005,http://linked.data.gov.au/dataset/asgsed3/SA2/403021062,13822.7572248525,9257016.25808642
1781,403021063,Sheidow Park - Trott Park,0,No change,40302,Marion,403,Adelaide - South,4GADE,Greater Adelaide,4,South Australia,AUS,Australia,9.3899,http://linked.data.gov.au/dataset/asgsed3/SA2/403021063,17582.827574137,14050349.5559289
1782,403021064,Warradale,0,No change,40302,Marion,403,Adelaide - South,4GADE,Greater Adelaide,4,South Australia,AUS,Australia,6.0145,http://linked.data.gov.au/dataset/asgsed3/SA2/403021064,13201.7790739261,8985997.65308114
1783,403031065,Belair,0,No change,40303,Mitcham,403,Adelaide - South,4GADE,Greater Adelaide,4,South Australia,AUS,Australia,24.7761,http://linked.data.gov.au/dataset/asgsed3/SA2/403031065,35882.1439356188,37006884.6568296
1784,403031066,Bellevue Heights,0,No change,40303,Mitcham,403,Adelaide - South,4GADE,Greater Adelaide,4,South Australia,AUS,Australia,8.7154,http://linked.data.gov.au/dataset/asgsed3/SA2/403031066,17319.3418666656,13026296.5849493
1785,403031067,Blackwood,0,No change,40303,Mitcham,403,Adelaide - South,4GADE,Greater Adelaide,4,South Australia,AUS,Australia,16.928,http://linked.data.gov.au/dataset/asgsed3/SA2/403031067,35340.0942369917,25302429.243815
1786,403031068,Colonel Light Gardens,0,No change,40303,Mitcham,403,Adelaide - South,4GADE,Greater Adelaide,4,South Australia,AUS,Australia,6.761,http://linked.data.gov.au/dataset/asgsed3/SA2/403031068,12835.4346840763,10095295.1894927
1787,403031069,Mitcham (SA),0,No change,40303,Mitcham,403,Adelaide - South,4GADE,Greater Adelaide,4,South Australia,AUS,Australia,11.4472,http://linked.data.gov.au/dataset/asgsed3/SA2/403031069,20638.3408227081,17090308.4379459
1788,403031070,Panorama,0,No change,40303,Mitcham,403,Adelaide - South,4GADE,Greater Adelaide,4,South Australia,AUS,Australia,5.7425,http://linked.data.gov.au/dataset/asgsed3/SA2/403031070,12091.9405957392,8578113.06067636
1789,403041071,Aberfoyle Park,0,No change,40304,Onkaparinga,403,Adelaide - South,4GADE,Greater Adelaide,4,South Australia,AUS,Australia,13.8426,http://linked.data.gov.au/dataset/asgsed3/SA2/403041071,25344.9654702863,20716876.519371
1790,403041072,Aldinga,0,No change,40304,Onkaparinga,403,Adelaide - South,4GADE,Greater Adelaide,4,South Australia,AUS,Australia,35.3303,http://linked.data.gov.au/dataset/asgsed3/SA2/403041072,38080.9068610352,53146677.9725953
1791,403041073,Christie Downs,0,No change,40304,Onkaparinga,403,Adelaide - South,4GADE,Greater Adelaide,4,South Australia,AUS,Australia,8.5727,http://linked.data.gov.au/dataset/asgsed3/SA2/403041073,20716.4609121074,12850697.5254571
1792,403041074,Christies Beach,0,No change,40304,Onkaparinga,403,Adelaide - South,4GADE,Greater Adelaide,4,South Australia,AUS,Australia,7.2165,http://linked.data.gov.au/dataset/asgsed3/SA2/403041074,18772.8234773268,10814270.8884877
1793,403041075,Clarendon,0,No change,40304,Onkaparinga,403,Adelaide - South,4GADE,Greater Adelaide,4,South Australia,AUS,Australia,123.3732,http://linked.data.gov.au/dataset/asgsed3/SA2/403041075,86786.210215191,184842005.127865
1794,403041076,Coromandel Valley,0,No change,40304,Onkaparinga,403,Adelaide - South,4GADE,Greater Adelaide,4,South Australia,AUS,Australia,4.4154,http://linked.data.gov.au/dataset/asgsed3/SA2/403041076,16610.8748456906,6602550.96639437
1795,403041077,Flagstaff Hill,0,No change,40304,Onkaparinga,403,Adelaide - South,4GADE,Greater Adelaide,4,South Australia,AUS,Australia,9.7527,http://linked.data.gov.au/dataset/asgsed3/SA2/403041077,25002.1030663109,14584128.5917493
1796,403041078,Hackham - Onkaparinga Hills,0,No change,40304,Onkaparinga,403,Adelaide - South,4GADE,Greater Adelaide,4,South Australia,AUS,Australia,23.6436,http://linked.data.gov.au/dataset/asgsed3/SA2/403041078,34557.9538771274,35442856.4050948
1797,403041079,Hackham West - Huntfield Heights,0,No change,40304,Onkaparinga,403,Adelaide - South,4GADE,Greater Adelaide,4,South Australia,AUS,Australia,4.374,http://linked.data.gov.au/dataset/asgsed3/SA2/403041079,10692.0963681051,6556320.75634191
1798,403041080,Happy Valley,0,No change,40304,Onkaparinga,403,Adelaide - South,4GADE,Greater Adelaide,4,South Australia,AUS,Australia,10.17,http://linked.data.gov.au/dataset/asgsed3/SA2/403041080,25407.8837945326,15223173.0338365
1799,403041081,Happy Valley Reservoir,0,No change,40304,Onkaparinga,403,Adelaide - South,4GADE,Greater Adelaide,4,South Australia,AUS,Australia,6.5089,http://linked.data.gov.au/dataset/asgsed3/SA2/403041081,13783.5844013477,9738512.39927821
1800,403041082,Lonsdale,0,No change,40304,Onkaparinga,403,Adelaide - South,4GADE,Greater Adelaide,4,South Australia,AUS,Australia,9.8401,http://linked.data.gov.au/dataset/asgsed3/SA2/403041082,17880.913821629,14736477.8586404
1801,403041083,McLaren Vale,0,No change,40304,Onkaparinga,403,Adelaide - South,4GADE,Greater Adelaide,4,South Australia,AUS,Australia,119.5749,http://linked.data.gov.au/dataset/asgsed3/SA2/403041083,68718.7943527125,179494745.151653
1802,403041084,Morphett Vale - East,0,No change,40304,Onkaparinga,403,Adelaide - South,4GADE,Greater Adelaide,4,South Australia,AUS,Australia,7.6836,http://linked.data.gov.au/dataset/asgsed3/SA2/403041084,13339.5205476192,11511776.0618497
1803,403041085,Morphett Vale - West,0,No change,40304,Onkaparinga,403,Adelaide - South,4GADE,Greater Adelaide,4,South Australia,AUS,Australia,5.0775,http://linked.data.gov.au/dataset/asgsed3/SA2/403041085,13022.4017567739,7606504.30271582
1804,403041086,Reynella,0,No change,40304,Onkaparinga,403,Adelaide - South,4GADE,Greater Adelaide,4,South Australia,AUS,Australia,7.7053,http://linked.data.gov.au/dataset/asgsed3/SA2/403041086,17757.6534089182,11535510.8920791
1805,403041088,Willunga,0,No change,40304,Onkaparinga,403,Adelaide - South,4GADE,Greater Adelaide,4,South Australia,AUS,Australia,85.1868,http://linked.data.gov.au/dataset/asgsed3/SA2/403041088,65714.2951235995,128121705.709987
1806,403041089,Woodcroft,0,No change,40304,Onkaparinga,403,Adelaide - South,4GADE,Greater Adelaide,4,South Australia,AUS,Australia,13.5274,http://linked.data.gov.au/dataset/asgsed3/SA2/403041089,17942.7977604721,20259633.2132332
1807,403041177,Seaford - Seaford Meadows,1,New,40304,Onkaparinga,403,Adelaide - South,4GADE,Greater Adelaide,4,South Australia,AUS,Australia,11.4713,http://linked.data.gov.au/dataset/asgsed3/SA2/403041177,25307.9343073558,17207532.3480584
1808,403041178,Seaford Rise - Moana,1,New,40304,Onkaparinga,403,Adelaide - South,4GADE,Greater Adelaide,4,South Australia,AUS,Australia,12.1052,http://linked.data.gov.au/dataset/asgsed3/SA2/403041178,21741.875546826,18179078.2424631
1809,404011090,Beverley,0,No change,40401,Charles Sturt,404,Adelaide - West,4GADE,Greater Adelaide,4,South Australia,AUS,Australia,4.2061,http://linked.data.gov.au/dataset/asgsed3/SA2/404011090,12270.7004642583,6265865.2621154
1810,404011091,Flinders Park,0,No change,40401,Charles Sturt,404,Adelaide - West,4GADE,Greater Adelaide,4,South Australia,AUS,Australia,6.3972,http://linked.data.gov.au/dataset/asgsed3/SA2/404011091,16419.7465638534,9534927.26709119
1811,404011092,Henley Beach,0,No change,40401,Charles Sturt,404,Adelaide - West,4GADE,Greater Adelaide,4,South Australia,AUS,Australia,5.9563,http://linked.data.gov.au/dataset/asgsed3/SA2/404011092,14547.8857488448,8879322.44865215
1812,404011093,Hindmarsh - Brompton,0,No change,40401,Charles Sturt,404,Adelaide - West,4GADE,Greater Adelaide,4,South Australia,AUS,Australia,7.896,http://linked.data.gov.au/dataset/asgsed3/SA2/404011093,14936.7018747716,11766276.7838741
1813,404011094,Royal Park - Hendon - Albert Park,0,No change,40401,Charles Sturt,404,Adelaide - West,4GADE,Greater Adelaide,4,South Australia,AUS,Australia,3.246,http://linked.data.gov.au/dataset/asgsed3/SA2/404011094,10206.5654528364,4833913.5964619
1814,404011095,Seaton - Grange,0,No change,40401,Charles Sturt,404,Adelaide - West,4GADE,Greater Adelaide,4,South Australia,AUS,Australia,8.2533,http://linked.data.gov.au/dataset/asgsed3/SA2/404011095,15421.330370452,12296620.0435848
1815,404011096,West Lakes,0,No change,40401,Charles Sturt,404,Adelaide - West,4GADE,Greater Adelaide,4,South Australia,AUS,Australia,8.5515,http://linked.data.gov.au/dataset/asgsed3/SA2/404011096,17882.6900424623,12734494.8336238
1816,404011097,Woodville - Cheltenham,0,No change,40401,Charles Sturt,404,Adelaide - West,4GADE,Greater Adelaide,4,South Australia,AUS,Australia,8.8122,http://linked.data.gov.au/dataset/asgsed3/SA2/404011097,16966.4937126087,13121462.7472083
1817,404021098,Dry Creek - South,0,No change,40402,Port Adelaide - West,404,Adelaide - West,4GADE,Greater Adelaide,4,South Australia,AUS,Australia,6.1446,http://linked.data.gov.au/dataset/asgsed3/SA2/404021098,17961.4406269469,9139863.5398628
1818,404021099,Largs Bay - Semaphore,0,No change,40402,Port Adelaide - West,404,Adelaide - West,4GADE,Greater Adelaide,4,South Australia,AUS,Australia,6.7241,http://linked.data.gov.au/dataset/asgsed3/SA2/404021099,16614.6436571439,10002639.5987834
1819,404021100,North Haven,0,No change,40402,Port Adelaide - West,404,Adelaide - West,4GADE,Greater Adelaide,4,South Australia,AUS,Australia,14.8433,http://linked.data.gov.au/dataset/asgsed3/SA2/404021100,23160.6382640147,22060808.0110181
1820,404021101,Port Adelaide,0,No change,40402,Port Adelaide - West,404,Adelaide - West,4GADE,Greater Adelaide,4,South Australia,AUS,Australia,12.972,http://linked.data.gov.au/dataset/asgsed3/SA2/404021101,27336.3275544965,19302653.9720071
1821,404021102,The Parks,0,No change,40402,Port Adelaide - West,404,Adelaide - West,4GADE,Greater Adelaide,4,South Australia,AUS,Australia,18.2633,http://linked.data.gov.au/dataset/asgsed3/SA2/404021102,26382.2058690275,27185501.5205725
1822,404021103,Torrens Island,0,No change,40402,Port Adelaide - West,404,Adelaide - West,4GADE,Greater Adelaide,4,South Australia,AUS,Australia,8.8253,http://linked.data.gov.au/dataset/asgsed3/SA2/404021103,27117.7713259001,13116075.2384661
1823,404031104,Adelaide Airport,0,No change,40403,West Torrens,404,Adelaide - West,4GADE,Greater Adelaide,4,South Australia,AUS,Australia,7.2952,http://linked.data.gov.au/dataset/asgsed3/SA2/404031104,16075.8812117079,10882857.9930223
1824,404031105,Fulham,0,No change,40403,West Torrens,404,Adelaide - West,4GADE,Greater Adelaide,4,South Australia,AUS,Australia,1.3212,http://linked.data.gov.au/dataset/asgsed3/SA2/404031105,6264.17674078319,1969864.14885103
1825,404031106,Lockleys,0,No change,40403,West Torrens,404,Adelaide - West,4GADE,Greater Adelaide,4,South Australia,AUS,Australia,5.702,http://linked.data.gov.au/dataset/asgsed3/SA2/404031106,15352.043458411,8502027.48964134
1826,404031107,Plympton,0,No change,40403,West Torrens,404,Adelaide - West,4GADE,Greater Adelaide,4,South Australia,AUS,Australia,10.6969,http://linked.data.gov.au/dataset/asgsed3/SA2/404031107,21538.3592325307,15962292.0966722
1827,404031108,Richmond (SA),0,No change,40403,West Torrens,404,Adelaide - West,4GADE,Greater Adelaide,4,South Australia,AUS,Australia,8.9253,http://linked.data.gov.au/dataset/asgsed3/SA2/404031108,16818.2405984971,13309189.6639658
1828,404031109,West Beach,0,No change,40403,West Torrens,404,Adelaide - West,4GADE,Greater Adelaide,4,South Australia,AUS,Australia,4.5068,http://linked.data.gov.au/dataset/asgsed3/SA2/404031109,11957.5420369008,6723396.16164336
1829,405011110,Barossa - Angaston,0,No change,40501,Barossa,405,Barossa - Yorke - Mid North,4RSAU,Rest of SA,4,South Australia,AUS,Australia,633.8622,http://linked.data.gov.au/dataset/asgsed3/SA2/405011110,205407.909055666,938408114.047501
1830,405011111,Light,0,No change,40501,Barossa,405,Barossa - Yorke - Mid North,4RSAU,Rest of SA,4,South Australia,AUS,Australia,1111.6724,http://linked.data.gov.au/dataset/asgsed3/SA2/405011111,285072.420254297,1636504933.43894
1831,405011112,Lyndoch,0,No change,40501,Barossa,405,Barossa - Yorke - Mid North,4RSAU,Rest of SA,4,South Australia,AUS,Australia,175.7742,http://linked.data.gov.au/dataset/asgsed3/SA2/405011112,113427.598377051,260241771.59061
1832,405011113,Mallala,0,No change,40501,Barossa,405,Barossa - Yorke - Mid North,4RSAU,Rest of SA,4,South Australia,AUS,Australia,847.8696,http://linked.data.gov.au/dataset/asgsed3/SA2/405011113,197584.960002062,1250444950.60254
1833,405011114,Nuriootpa,0,No change,40501,Barossa,405,Barossa - Yorke - Mid North,4RSAU,Rest of SA,4,South Australia,AUS,Australia,50.6409,http://linked.data.gov.au/dataset/asgsed3/SA2/405011114,41886.616615285,74682480.8467642
1834,405011115,Tanunda,0,No change,40501,Barossa,405,Barossa - Yorke - Mid North,4RSAU,Rest of SA,4,South Australia,AUS,Australia,17.3326,http://linked.data.gov.au/dataset/asgsed3/SA2/405011115,30223.2316089983,25594653.3176937
1835,405021116,Clare,0,No change,40502,Lower North,405,Barossa - Yorke - Mid North,4RSAU,Rest of SA,4,South Australia,AUS,Australia,74.203,http://linked.data.gov.au/dataset/asgsed3/SA2/405021116,53676.8770860827,107777443.399671
1836,405021117,Gilbert Valley,0,No change,40502,Lower North,405,Barossa - Yorke - Mid North,4RSAU,Rest of SA,4,South Australia,AUS,Australia,1675.3597,http://linked.data.gov.au/dataset/asgsed3/SA2/405021117,364320.016259371,2444099124.87483
1837,405021118,Goyder,0,No change,40502,Lower North,405,Barossa - Yorke - Mid North,4RSAU,Rest of SA,4,South Australia,AUS,Australia,6748.1529,http://linked.data.gov.au/dataset/asgsed3/SA2/405021118,503058.163280368,9763416080.63652
1838,405021119,Wakefield - Barunga West,0,No change,40502,Lower North,405,Barossa - Yorke - Mid North,4RSAU,Rest of SA,4,South Australia,AUS,Australia,5231.2432,http://linked.data.gov.au/dataset/asgsed3/SA2/405021119,548623.355228488,7617718616.69996
1839,405031120,Jamestown,0,No change,40503,Mid North,405,Barossa - Yorke - Mid North,4RSAU,Rest of SA,4,South Australia,AUS,Australia,3107.037,http://linked.data.gov.au/dataset/asgsed3/SA2/405031120,353671.305117231,4456971527.27753
1840,405031121,Peterborough - Mount Remarkable,0,No change,40503,Mid North,405,Barossa - Yorke - Mid North,4RSAU,Rest of SA,4,South Australia,AUS,Australia,9643.884,http://linked.data.gov.au/dataset/asgsed3/SA2/405031121,662431.797363558,13659468230.1361
1841,405031122,Port Pirie,0,No change,40503,Mid North,405,Barossa - Yorke - Mid North,4RSAU,Rest of SA,4,South Australia,AUS,Australia,75.2928,http://linked.data.gov.au/dataset/asgsed3/SA2/405031122,78206.9208058255,107796621.371091
1842,405031123,Port Pirie Surrounds,3,Name change,40503,Mid North,405,Barossa - Yorke - Mid North,4RSAU,Rest of SA,4,South Australia,AUS,Australia,1583.2661,http://linked.data.gov.au/dataset/asgsed3/SA2/405031123,332551.750728181,2276355475.94406
1843,405041124,Kadina,0,No change,40504,Yorke Peninsula,405,Barossa - Yorke - Mid North,4RSAU,Rest of SA,4,South Australia,AUS,Australia,394.1203,http://linked.data.gov.au/dataset/asgsed3/SA2/405041124,129269.777419116,574696400.012009
1844,405041125,Moonta,0,No change,40504,Yorke Peninsula,405,Barossa - Yorke - Mid North,4RSAU,Rest of SA,4,South Australia,AUS,Australia,271.9202,http://linked.data.gov.au/dataset/asgsed3/SA2/405041125,111607.381736004,397040439.344159
1845,405041126,Wallaroo,0,No change,40504,Yorke Peninsula,405,Barossa - Yorke - Mid North,4RSAU,Rest of SA,4,South Australia,AUS,Australia,146.5314,http://linked.data.gov.au/dataset/asgsed3/SA2/405041126,88550.8198386603,213206238.451066
1846,405041127,Yorke Peninsula - North,0,No change,40504,Yorke Peninsula,405,Barossa - Yorke - Mid North,4RSAU,Rest of SA,4,South Australia,AUS,Australia,3654.3884,http://linked.data.gov.au/dataset/asgsed3/SA2/405041127,428905.11084197,5387794852.58915
1847,405041128,Yorke Peninsula - South,0,No change,40504,Yorke Peninsula,405,Barossa - Yorke - Mid North,4RSAU,Rest of SA,4,South Australia,AUS,Australia,2273.834,http://linked.data.gov.au/dataset/asgsed3/SA2/405041128,433954.979272704,3400731326.79537
1848,406011129,Ceduna,0,No change,40601,Eyre Peninsula and South West,406,South Australia - Outback,4RSAU,Rest of SA,4,South Australia,AUS,Australia,413.3374,http://linked.data.gov.au/dataset/asgsed3/SA2/406011129,145397.988147872,577052547.389691
1849,406011130,Eyre Peninsula,0,No change,40601,Eyre Peninsula and South West,406,South Australia - Outback,4RSAU,Rest of SA,4,South Australia,AUS,Australia,7228.3655,http://linked.data.gov.au/dataset/asgsed3/SA2/406011130,1306627.76635306,10627255024.4839
1850,406011131,Kimba - Cleve - Franklin Harbour,0,No change,40601,Eyre Peninsula and South West,406,South Australia - Outback,4RSAU,Rest of SA,4,South Australia,AUS,Australia,15184.3968,http://linked.data.gov.au/dataset/asgsed3/SA2/406011131,1144454.7524222,21811864427.8948
1851,406011132,Le Hunte - Elliston,0,No change,40601,Eyre Peninsula and South West,406,South Australia - Outback,4RSAU,Rest of SA,4,South Australia,AUS,Australia,11387.2463,http://linked.data.gov.au/dataset/asgsed3/SA2/406011132,788888.60545779,16358134871.0962
1852,406011133,Port Lincoln,0,No change,40601,Eyre Peninsula and South West,406,South Australia - Outback,4RSAU,Rest of SA,4,South Australia,AUS,Australia,136.2831,http://linked.data.gov.au/dataset/asgsed3/SA2/406011133,117549.809028858,202172542.467275
1853,406011134,West Coast (SA),0,No change,40601,Eyre Peninsula and South West,406,South Australia - Outback,4RSAU,Rest of SA,4,South Australia,AUS,Australia,31877.8466,http://linked.data.gov.au/dataset/asgsed3/SA2/406011134,2713576.53287868,44393759559.8142
1854,406011135,Western,0,No change,40601,Eyre Peninsula and South West,406,South Australia - Outback,4RSAU,Rest of SA,4,South Australia,AUS,Australia,168946.0226,http://linked.data.gov.au/dataset/asgsed3/SA2/406011135,2349580.00347892,225179392890.23
1855,406011136,Whyalla,0,No change,40601,Eyre Peninsula and South West,406,South Australia - Outback,4RSAU,Rest of SA,4,South Australia,AUS,Australia,40.8706,http://linked.data.gov.au/dataset/asgsed3/SA2/406011136,40706.6315591377,58321833.3450166
1856,406011137,Whyalla - North,0,No change,40601,Eyre Peninsula and South West,406,South Australia - Outback,4RSAU,Rest of SA,4,South Australia,AUS,Australia,80.449,http://linked.data.gov.au/dataset/asgsed3/SA2/406011137,62517.6828384069,114621152.069377
1857,406021138,APY Lands,0,No change,40602,Outback - North and East,406,South Australia - Outback,4RSAU,Rest of SA,4,South Australia,AUS,Australia,102359.1511,http://linked.data.gov.au/dataset/asgsed3/SA2/406021138,1632599.43804036,129562696980.591
1858,406021139,Coober Pedy,0,No change,40602,Outback - North and East,406,South Australia - Outback,4RSAU,Rest of SA,4,South Australia,AUS,Australia,77.6795,http://linked.data.gov.au/dataset/asgsed3/SA2/406021139,40539.9872569238,101940272.85947
1859,406021140,Quorn - Lake Gilles,0,No change,40602,Outback - North and East,406,South Australia - Outback,4RSAU,Rest of SA,4,South Australia,AUS,Australia,26107.329,http://linked.data.gov.au/dataset/asgsed3/SA2/406021140,1627705.52996624,36724436390.9882
1860,406021141,Outback,0,No change,40602,Outback - North and East,406,South Australia - Outback,4RSAU,Rest of SA,4,South Australia,AUS,Australia,513391.3333,http://linked.data.gov.au/dataset/asgsed3/SA2/406021141,5224707.38453744,678024002581.864
1861,406021142,Port Augusta,0,No change,40602,Outback - North and East,406,South Australia - Outback,4RSAU,Rest of SA,4,South Australia,AUS,Australia,253.9025,http://linked.data.gov.au/dataset/asgsed3/SA2/406021142,131149.574751599,357960558.132403
1862,406021143,Roxby Downs,0,No change,40602,Outback - North and East,406,South Australia - Outback,4RSAU,Rest of SA,4,South Australia,AUS,Australia,288.3624,http://linked.data.gov.au/dataset/asgsed3/SA2/406021143,94842.4647011987,389560332.072906
1863,407011144,Goolwa - Port Elliot,0,No change,40701,Fleurieu - Kangaroo Island,407,South Australia - South East,4RSAU,Rest of SA,4,South Australia,AUS,Australia,180.8689,http://linked.data.gov.au/dataset/asgsed3/SA2/407011144,103696.496320859,273551170.37495
1864,407011145,Kangaroo Island,0,No change,40701,Fleurieu - Kangaroo Island,407,South Australia - South East,4RSAU,Rest of SA,4,South Australia,AUS,Australia,4400.7382,http://linked.data.gov.au/dataset/asgsed3/SA2/407011145,685088.369191446,6708796667.00311
1865,407011146,Strathalbyn,0,No change,40701,Fleurieu - Kangaroo Island,407,South Australia - South East,4RSAU,Rest of SA,4,South Australia,AUS,Australia,155.7859,http://linked.data.gov.au/dataset/asgsed3/SA2/407011146,91004.7033077565,234079278.986936
1866,407011147,Strathalbyn Surrounds,3,Name change,40701,Fleurieu - Kangaroo Island,407,South Australia - South East,4RSAU,Rest of SA,4,South Australia,AUS,Australia,1517.7954,http://linked.data.gov.au/dataset/asgsed3/SA2/407011147,296510.768724248,2286334016.74638
1867,407011148,Victor Harbor,0,No change,40701,Fleurieu - Kangaroo Island,407,South Australia - South East,4RSAU,Rest of SA,4,South Australia,AUS,Australia,128.2644,http://linked.data.gov.au/dataset/asgsed3/SA2/407011148,88011.1749613406,194148326.574735
1868,407011149,Yankalilla,0,No change,40701,Fleurieu - Kangaroo Island,407,South Australia - South East,4RSAU,Rest of SA,4,South Australia,AUS,Australia,980.1341,http://linked.data.gov.au/dataset/asgsed3/SA2/407011149,228574.28964793,1482692985.37439
1869,407021150,Grant,0,No change,40702,Limestone Coast,407,South Australia - South East,4RSAU,Rest of SA,4,South Australia,AUS,Australia,1690.9302,http://linked.data.gov.au/dataset/asgsed3/SA2/407021150,382672.5655119,2716309906.46638
1870,407021151,Kingston - Robe,0,No change,40702,Limestone Coast,407,South Australia - South East,4RSAU,Rest of SA,4,South Australia,AUS,Australia,4431.5114,http://linked.data.gov.au/dataset/asgsed3/SA2/407021151,533126.221054836,6921193308.25034
1871,407021152,Millicent,0,No change,40702,Limestone Coast,407,South Australia - South East,4RSAU,Rest of SA,4,South Australia,AUS,Australia,177.4315,http://linked.data.gov.au/dataset/asgsed3/SA2/407021152,87757.0837865965,283195084.433762
1872,407021154,Naracoorte,0,No change,40702,Limestone Coast,407,South Australia - South East,4RSAU,Rest of SA,4,South Australia,AUS,Australia,115.23,http://linked.data.gov.au/dataset/asgsed3/SA2/407021154,66047.8443704481,180750225.5308
1873,407021155,Naracoorte Surrounds,3,Name change,40702,Limestone Coast,407,South Australia - South East,4RSAU,Rest of SA,4,South Australia,AUS,Australia,4404.485,http://linked.data.gov.au/dataset/asgsed3/SA2/407021155,448326.898882855,6914554766.89944
1874,407021156,Penola,0,No change,40702,Limestone Coast,407,South Australia - South East,4RSAU,Rest of SA,4,South Australia,AUS,Australia,1514.3964,http://linked.data.gov.au/dataset/asgsed3/SA2/407021156,210218.449245962,2403326625.33591
1875,407021157,Tatiara,0,No change,40702,Limestone Coast,407,South Australia - South East,4RSAU,Rest of SA,4,South Australia,AUS,Australia,6527.2342,http://linked.data.gov.au/dataset/asgsed3/SA2/407021157,469112.709304346,10051508395.1774
1876,407021158,Wattle Range,0,No change,40702,Limestone Coast,407,South Australia - South East,4RSAU,Rest of SA,4,South Australia,AUS,Australia,2281.8815,http://linked.data.gov.au/dataset/asgsed3/SA2/407021158,431970.843390904,3633961652.0266
1877,407021173,Mount Gambier - East,0,No change,40702,Limestone Coast,407,South Australia - South East,4RSAU,Rest of SA,4,South Australia,AUS,Australia,66.7535,http://linked.data.gov.au/dataset/asgsed3/SA2/407021173,53337.1681612697,107189383.58287
1878,407021174,Mount Gambier - West,0,No change,40702,Limestone Coast,407,South Australia - South East,4RSAU,Rest of SA,4,South Australia,AUS,Australia,126.5343,http://linked.data.gov.au/dataset/asgsed3/SA2/407021174,77757.2496044495,203049885.601758
1879,407031159,Barmera,0,No change,40703,Murray and Mallee,407,South Australia - South East,4RSAU,Rest of SA,4,South Australia,AUS,Australia,856.1907,http://linked.data.gov.au/dataset/asgsed3/SA2/407031159,255597.248591859,1255679972.06862
1880,407031160,Berri,0,No change,40703,Murray and Mallee,407,South Australia - South East,4RSAU,Rest of SA,4,South Australia,AUS,Australia,12.0822,http://linked.data.gov.au/dataset/asgsed3/SA2/407031160,20336.1142018134,17738610.6927454
1881,407031161,Karoonda - Lameroo,0,No change,40703,Murray and Mallee,407,South Australia - South East,4RSAU,Rest of SA,4,South Australia,AUS,Australia,10548.6359,http://linked.data.gov.au/dataset/asgsed3/SA2/407031161,737467.138353727,15841130120.9356
1882,407031162,Loxton,0,No change,40703,Murray and Mallee,407,South Australia - South East,4RSAU,Rest of SA,4,South Australia,AUS,Australia,146.0888,http://linked.data.gov.au/dataset/asgsed3/SA2/407031162,74756.4261209963,215417403.853669
1883,407031163,Loxton Surrounds,3,Name change,40703,Murray and Mallee,407,South Australia - South East,4RSAU,Rest of SA,4,South Australia,AUS,Australia,4790.3357,http://linked.data.gov.au/dataset/asgsed3/SA2/407031163,534007.823081379,7090966629.2464
1884,407031164,Mannum,0,No change,40703,Murray and Mallee,407,South Australia - South East,4RSAU,Rest of SA,4,South Australia,AUS,Australia,3287.9008,http://linked.data.gov.au/dataset/asgsed3/SA2/407031164,368266.632946803,4879744188.36625
1885,407031165,Murray Bridge,0,No change,40703,Murray and Mallee,407,South Australia - South East,4RSAU,Rest of SA,4,South Australia,AUS,Australia,97.5456,http://linked.data.gov.au/dataset/asgsed3/SA2/407031165,71519.7214639816,146154840.109519
1886,407031166,Murray Bridge Surrounds,3,Name change,40703,Murray and Mallee,407,South Australia - South East,4RSAU,Rest of SA,4,South Australia,AUS,Australia,1924.5348,http://linked.data.gov.au/dataset/asgsed3/SA2/407031166,377373.674079826,2884509766.12568
1887,407031167,Renmark,0,No change,40703,Murray and Mallee,407,South Australia - South East,4RSAU,Rest of SA,4,South Australia,AUS,Australia,14.6561,http://linked.data.gov.au/dataset/asgsed3/SA2/407031167,31006.2315117877,21461610.7755396
1888,407031168,Renmark Surrounds,3,Name change,40703,Murray and Mallee,407,South Australia - South East,4RSAU,Rest of SA,4,South Australia,AUS,Australia,901.7859,http://linked.data.gov.au/dataset/asgsed3/SA2/407031168,270009.252245222,1321015306.37047
1889,407031169,The Coorong,0,No change,40703,Murray and Mallee,407,South Australia - South East,4RSAU,Rest of SA,4,South Australia,AUS,Australia,8644.9956,http://linked.data.gov.au/dataset/asgsed3/SA2/407031169,613810.838381502,13137808564.5513
1890,407031170,Waikerie,0,No change,40703,Murray and Mallee,407,South Australia - South East,4RSAU,Rest of SA,4,South Australia,AUS,Australia,5557.8467,http://linked.data.gov.au/dataset/asgsed3/SA2/407031170,518780.032856242,8146850981.64235
1891,497979799,Migratory - Offshore - Shipping (SA),0,No change,49797,Migratory - Offshore - Shipping (SA),497,Migratory - Offshore - Shipping (SA),49799,Migratory - Offshore - Shipping (SA),4,South Australia,AUS,Australia,,http://linked.data.gov.au/dataset/asgsed3/SA2/497979799,0,0
1892,499999499,No usual address (SA),0,No change,49999,No usual address (SA),499,No usual address (SA),49499,No usual address (SA),4,South Australia,AUS,Australia,,http://linked.data.gov.au/dataset/asgsed3/SA2/499999499,0,0
1893,501011001,Augusta,0,No change,50101,Augusta - Margaret River - Busselton,501,Bunbury,5RWAU,Rest of WA,5,Western Australia,AUS,Australia,2106.5915,http://linked.data.gov.au/dataset/asgsed3/SA2/501011001,421121.909535894,3075126790.12678
1894,501011003,Busselton Surrounds,3,Name change,50101,Augusta - Margaret River - Busselton,501,Bunbury,5RWAU,Rest of WA,5,Western Australia,AUS,Australia,1227.064,http://linked.data.gov.au/dataset/asgsed3/SA2/501011003,316506.243745194,1778565496.85046
1895,501011004,Margaret River,0,No change,50101,Augusta - Margaret River - Busselton,501,Bunbury,5RWAU,Rest of WA,5,Western Australia,AUS,Australia,134.4278,http://linked.data.gov.au/dataset/asgsed3/SA2/501011004,101284.509629279,195768707.20301
1896,501011293,Busselton - East,1,New,50101,Augusta - Margaret River - Busselton,501,Bunbury,5RWAU,Rest of WA,5,Western Australia,AUS,Australia,81.9607,http://linked.data.gov.au/dataset/asgsed3/SA2/501011293,61110.1635252205,118601868.533602
1897,501011294,Busselton - West,1,New,50101,Augusta - Margaret River - Busselton,501,Bunbury,5RWAU,Rest of WA,5,Western Australia,AUS,Australia,114.2793,http://linked.data.gov.au/dataset/asgsed3/SA2/501011294,70746.0756488957,165498911.076494
1898,501021005,Australind - Leschenault,0,No change,50102,Bunbury,501,Bunbury,5RWAU,Rest of WA,5,Western Australia,AUS,Australia,67.3084,http://linked.data.gov.au/dataset/asgsed3/SA2/501021005,48887.0800597546,96516973.7319963
1899,501021007,Capel,0,No change,50102,Bunbury,501,Bunbury,5RWAU,Rest of WA,5,Western Australia,AUS,Australia,507.0606,http://linked.data.gov.au/dataset/asgsed3/SA2/501021007,169755.312782252,731990195.493341
1900,501021008,College Grove - Carey Park,0,No change,50102,Bunbury,501,Bunbury,5RWAU,Rest of WA,5,Western Australia,AUS,Australia,9.7141,http://linked.data.gov.au/dataset/asgsed3/SA2/501021008,19248.9543572359,13963893.5422331
1901,501021009,Collie,0,No change,50102,Bunbury,501,Bunbury,5RWAU,Rest of WA,5,Western Australia,AUS,Australia,1709.815,http://linked.data.gov.au/dataset/asgsed3/SA2/501021009,324134.572572264,2453243722.36361
1902,501021010,Dardanup,0,No change,50102,Bunbury,501,Bunbury,5RWAU,Rest of WA,5,Western Australia,AUS,Australia,517.0762,http://linked.data.gov.au/dataset/asgsed3/SA2/501021010,202908.883400238,744155578.710631
1903,501021011,Davenport,0,No change,50102,Bunbury,501,Bunbury,5RWAU,Rest of WA,5,Western Australia,AUS,Australia,11.7042,http://linked.data.gov.au/dataset/asgsed3/SA2/501021011,24601.5152035229,16827987.2589512
1904,501021012,Eaton - Pelican Point,0,No change,50102,Bunbury,501,Bunbury,5RWAU,Rest of WA,5,Western Australia,AUS,Australia,9.9522,http://linked.data.gov.au/dataset/asgsed3/SA2/501021012,21974.3024281098,14289207.9662775
1905,501021014,Harvey,0,No change,50102,Bunbury,501,Bunbury,5RWAU,Rest of WA,5,Western Australia,AUS,Australia,1660.6331,http://linked.data.gov.au/dataset/asgsed3/SA2/501021014,277719.363830941,2372522129.71607
1906,501021015,East Bunbury - Glen Iris,0,No change,50102,Bunbury,501,Bunbury,5RWAU,Rest of WA,5,Western Australia,AUS,Australia,22.9687,http://linked.data.gov.au/dataset/asgsed3/SA2/501021015,33923.5130011383,32992814.0909823
1907,501021016,Waroona,0,No change,50102,Bunbury,501,Bunbury,5RWAU,Rest of WA,5,Western Australia,AUS,Australia,832.2285,http://linked.data.gov.au/dataset/asgsed3/SA2/501021016,209001.884701825,1182678532.74931
1908,501021251,Dalyellup,0,No change,50102,Bunbury,501,Bunbury,5RWAU,Rest of WA,5,Western Australia,AUS,Australia,16.3306,http://linked.data.gov.au/dataset/asgsed3/SA2/501021251,24530.0636787722,23497670.4741243
1909,501021252,Gelorup - Stratham,0,No change,50102,Bunbury,501,Bunbury,5RWAU,Rest of WA,5,Western Australia,AUS,Australia,65.254,http://linked.data.gov.au/dataset/asgsed3/SA2/501021252,53276.0111833778,93988963.7056939
1910,501021253,South Bunbury - Bunbury,0,No change,50102,Bunbury,501,Bunbury,5RWAU,Rest of WA,5,Western Australia,AUS,Australia,11.2504,http://linked.data.gov.au/dataset/asgsed3/SA2/501021253,28328.0372244841,16162457.7487948
1911,501021254,Withers - Usher,0,No change,50102,Bunbury,501,Bunbury,5RWAU,Rest of WA,5,Western Australia,AUS,Australia,8.2177,http://linked.data.gov.au/dataset/asgsed3/SA2/501021254,14366.9023386926,11815243.8335267
1912,501031017,Bridgetown - Boyup Brook,0,No change,50103,Manjimup,501,Bunbury,5RWAU,Rest of WA,5,Western Australia,AUS,Australia,4163.8195,http://linked.data.gov.au/dataset/asgsed3/SA2/501031017,471959.194756108,6063379437.69543
1913,501031018,Donnybrook - Balingup,0,No change,50103,Manjimup,501,Bunbury,5RWAU,Rest of WA,5,Western Australia,AUS,Australia,1559.856,http://linked.data.gov.au/dataset/asgsed3/SA2/501031018,297295.166024176,2257915008.53694
1914,501031019,Manjimup,0,No change,50103,Manjimup,501,Bunbury,5RWAU,Rest of WA,5,Western Australia,AUS,Australia,323.8187,http://linked.data.gov.au/dataset/asgsed3/SA2/501031019,123596.695297781,475364986.806391
1915,501031020,Pemberton,0,No change,50103,Manjimup,501,Bunbury,5RWAU,Rest of WA,5,Western Australia,AUS,Australia,9641.0807,http://linked.data.gov.au/dataset/asgsed3/SA2/501031020,913564.573506214,14209328907.5929
1916,502011021,Dawesville - Bouvard,0,No change,50201,Mandurah,502,Mandurah,5GPER,Greater Perth,5,Western Australia,AUS,Australia,97.9248,http://linked.data.gov.au/dataset/asgsed3/SA2/502011021,71262.3164512947,138724109.602051
1917,502011022,Falcon - Wannanup,0,No change,50201,Mandurah,502,Mandurah,5GPER,Greater Perth,5,Western Australia,AUS,Australia,9.5893,http://linked.data.gov.au/dataset/asgsed3/SA2/502011022,21530.3778547778,13547076.0927507
1918,502011023,Greenfields,0,No change,50201,Mandurah,502,Mandurah,5GPER,Greater Perth,5,Western Australia,AUS,Australia,9.9609,http://linked.data.gov.au/dataset/asgsed3/SA2/502011023,17266.4772348976,14051311.3369559
1919,502011024,Halls Head - Erskine,0,No change,50201,Mandurah,502,Mandurah,5GPER,Greater Perth,5,Western Australia,AUS,Australia,14.2469,http://linked.data.gov.au/dataset/asgsed3/SA2/502011024,27583.3843184734,20106393.0086304
1920,502011025,Mandurah,0,No change,50201,Mandurah,502,Mandurah,5GPER,Greater Perth,5,Western Australia,AUS,Australia,8.3954,http://linked.data.gov.au/dataset/asgsed3/SA2/502011025,19121.7492161303,11841846.0118666
1921,502011026,Mandurah - East,0,No change,50201,Mandurah,502,Mandurah,5GPER,Greater Perth,5,Western Australia,AUS,Australia,40.2182,http://linked.data.gov.au/dataset/asgsed3/SA2/502011026,45709.6958633487,56783110.1954992
1922,502011027,Mandurah - North,0,No change,50201,Mandurah,502,Mandurah,5GPER,Greater Perth,5,Western Australia,AUS,Australia,31.8413,http://linked.data.gov.au/dataset/asgsed3/SA2/502011027,31987.8829916989,44873963.5653354
1923,502011028,Mandurah - South,0,No change,50201,Mandurah,502,Mandurah,5GPER,Greater Perth,5,Western Australia,AUS,Australia,11.8268,http://linked.data.gov.au/dataset/asgsed3/SA2/502011028,28469.7940073947,16693193.3300997
1924,502011029,Pinjarra,0,No change,50201,Mandurah,502,Mandurah,5GPER,Greater Perth,5,Western Australia,AUS,Australia,808.8593,http://linked.data.gov.au/dataset/asgsed3/SA2/502011029,247960.264421862,1143849231.80009
1925,503011030,City Beach,0,No change,50301,Cottesloe - Claremont,503,Perth - Inner,5GPER,Greater Perth,5,Western Australia,AUS,Australia,9.8073,http://linked.data.gov.au/dataset/asgsed3/SA2/503011030,19739.3206459369,13658098.8938785
1926,503011031,Claremont (WA),0,No change,50301,Cottesloe - Claremont,503,Perth - Inner,5GPER,Greater Perth,5,Western Australia,AUS,Australia,3.8717,http://linked.data.gov.au/dataset/asgsed3/SA2/503011031,13725.9436951742,5397280.13175779
1927,503011032,Cottesloe,0,No change,50301,Cottesloe - Claremont,503,Perth - Inner,5GPER,Greater Perth,5,Western Australia,AUS,Australia,3.7511,http://linked.data.gov.au/dataset/asgsed3/SA2/503011032,11947.2607969183,5230169.87795845
1928,503011033,Floreat,0,No change,50301,Cottesloe - Claremont,503,Perth - Inner,5GPER,Greater Perth,5,Western Australia,AUS,Australia,4.4196,http://linked.data.gov.au/dataset/asgsed3/SA2/503011033,11443.3323163715,6155261.8435862
1929,503011034,Mosman Park - Peppermint Grove,0,No change,50301,Cottesloe - Claremont,503,Perth - Inner,5GPER,Greater Perth,5,Western Australia,AUS,Australia,5.4149,http://linked.data.gov.au/dataset/asgsed3/SA2/503011034,13714.6276391902,7553520.29791795
1930,503011035,Nedlands - Dalkeith - Crawley,0,No change,50301,Cottesloe - Claremont,503,Perth - Inner,5GPER,Greater Perth,5,Western Australia,AUS,Australia,9.7498,http://linked.data.gov.au/dataset/asgsed3/SA2/503011035,20717.8988566177,13593410.8034654
1931,503011036,Swanbourne - Mount Claremont,0,No change,50301,Cottesloe - Claremont,503,Perth - Inner,5GPER,Greater Perth,5,Western Australia,AUS,Australia,11.7008,http://linked.data.gov.au/dataset/asgsed3/SA2/503011036,25821.6695226431,16305973.6218206
1932,503021037,Kings Park (WA),0,No change,50302,Perth City,503,Perth - Inner,5GPER,Greater Perth,5,Western Australia,AUS,Australia,4.1819,http://linked.data.gov.au/dataset/asgsed3/SA2/503021037,10506.7362684743,5827289.85253274
1933,503021038,Mount Hawthorn - Leederville,0,No change,50302,Perth City,503,Perth - Inner,5GPER,Greater Perth,5,Western Australia,AUS,Australia,3.8983,http://linked.data.gov.au/dataset/asgsed3/SA2/503021038,10468.1759389735,5426964.21721464
1934,503021039,Mount Lawley - Inglewood,0,No change,50302,Perth City,503,Perth - Inner,5GPER,Greater Perth,5,Western Australia,AUS,Australia,7.0812,http://linked.data.gov.au/dataset/asgsed3/SA2/503021039,16052.7971213021,9859175.75316917
1935,503021040,North Perth,0,No change,50302,Perth City,503,Perth - Inner,5GPER,Greater Perth,5,Western Australia,AUS,Australia,3.0904,http://linked.data.gov.au/dataset/asgsed3/SA2/503021040,9251.57238960496,4302439.37603778
1936,503021042,Subiaco - Shenton Park,0,No change,50302,Perth City,503,Perth - Inner,5GPER,Greater Perth,5,Western Australia,AUS,Australia,7.7961,http://linked.data.gov.au/dataset/asgsed3/SA2/503021042,15544.223665013,10860296.7289207
1937,503021043,Wembley - West Leederville - Glendalough,0,No change,50302,Perth City,503,Perth - Inner,5GPER,Greater Perth,5,Western Australia,AUS,Australia,6.5605,http://linked.data.gov.au/dataset/asgsed3/SA2/503021043,14448.5550665669,9135620.36715533
1938,503021295,East Perth,1,New,50302,Perth City,503,Perth - Inner,5GPER,Greater Perth,5,Western Australia,AUS,Australia,3.4135,http://linked.data.gov.au/dataset/asgsed3/SA2/503021295,13398.4726400922,4755968.65881603
1939,503021296,Perth (North) - Highgate,1,New,50302,Perth City,503,Perth - Inner,5GPER,Greater Perth,5,Western Australia,AUS,Australia,2.9639,http://linked.data.gov.au/dataset/asgsed3/SA2/503021296,9677.68446465689,4128910.5969614
1940,503021297,Perth (West) - Northbridge,1,New,50302,Perth City,503,Perth - Inner,5GPER,Greater Perth,5,Western Australia,AUS,Australia,4.5531,http://linked.data.gov.au/dataset/asgsed3/SA2/503021297,12882.9730957065,6343170.32087894
1941,504011044,Bassendean - Eden Hill - Ashfield,0,No change,50401,Bayswater - Bassendean,504,Perth - North East,5GPER,Greater Perth,5,Western Australia,AUS,Australia,10.3449,http://linked.data.gov.au/dataset/asgsed3/SA2/504011044,17564.5832803273,14396299.5384804
1942,504011045,Bayswater - Embleton - Bedford,0,No change,50401,Bayswater - Bassendean,504,Perth - North East,5GPER,Greater Perth,5,Western Australia,AUS,Australia,13.8115,http://linked.data.gov.au/dataset/asgsed3/SA2/504011045,21900.6945188036,19224638.9605373
1943,504011046,Maylands,0,No change,50401,Bayswater - Bassendean,504,Perth - North East,5GPER,Greater Perth,5,Western Australia,AUS,Australia,5.0166,http://linked.data.gov.au/dataset/asgsed3/SA2/504011046,13858.9997886288,6986720.85734509
1944,504011047,Morley,0,No change,50401,Bayswater - Bassendean,504,Perth - North East,5GPER,Greater Perth,5,Western Australia,AUS,Australia,10.5547,http://linked.data.gov.au/dataset/asgsed3/SA2/504011047,20238.5850112795,14683852.6083549
1945,504011048,Noranda,0,No change,50401,Bayswater - Bassendean,504,Perth - North East,5GPER,Greater Perth,5,Western Australia,AUS,Australia,4.9416,http://linked.data.gov.au/dataset/asgsed3/SA2/504011048,12123.0184950102,6872242.68429325
1946,504021049,Chidlow,0,No change,50402,Mundaring,504,Perth - North East,5GPER,Greater Perth,5,Western Australia,AUS,Australia,167.7411,http://linked.data.gov.au/dataset/asgsed3/SA2/504021049,102105.921011074,232971924.656894
1947,504021050,Glen Forrest - Darlington,0,No change,50402,Mundaring,504,Perth - North East,5GPER,Greater Perth,5,Western Australia,AUS,Australia,56.6583,http://linked.data.gov.au/dataset/asgsed3/SA2/504021050,48854.9941820227,78836473.0426593
1948,504021051,Helena Valley - Koongamia,0,No change,50402,Mundaring,504,Perth - North East,5GPER,Greater Perth,5,Western Australia,AUS,Australia,8.8361,http://linked.data.gov.au/dataset/asgsed3/SA2/504021051,21408.9695983482,12301242.4980799
1949,504021052,Malmalling - Reservoir,0,No change,50402,Mundaring,504,Perth - North East,5GPER,Greater Perth,5,Western Australia,AUS,Australia,318.3852,http://linked.data.gov.au/dataset/asgsed3/SA2/504021052,119539.409130819,443678224.878638
1950,504021053,Mundaring,0,No change,50402,Mundaring,504,Perth - North East,5GPER,Greater Perth,5,Western Australia,AUS,Australia,118.6696,http://linked.data.gov.au/dataset/asgsed3/SA2/504021053,73512.4187769696,165088845.139213
1951,504021054,Swan View - Greenmount - Midvale,0,No change,50402,Mundaring,504,Perth - North East,5GPER,Greater Perth,5,Western Australia,AUS,Australia,15.1408,http://linked.data.gov.au/dataset/asgsed3/SA2/504021054,28164.0146291901,21063449.7836328
1952,504031055,Avon Valley National Park,0,No change,50403,Swan,504,Perth - North East,5GPER,Greater Perth,5,Western Australia,AUS,Australia,74.9605,http://linked.data.gov.au/dataset/asgsed3/SA2/504031055,46217.7893774173,103725272.155442
1953,504031056,Ballajura,0,No change,50403,Swan,504,Perth - North East,5GPER,Greater Perth,5,Western Australia,AUS,Australia,23.8166,http://linked.data.gov.au/dataset/asgsed3/SA2/504031056,25805.2444564613,33090425.4671902
1954,504031057,Beechboro,0,No change,50403,Swan,504,Perth - North East,5GPER,Greater Perth,5,Western Australia,AUS,Australia,47.1105,http://linked.data.gov.au/dataset/asgsed3/SA2/504031057,43731.0360360366,65469150.1607707
1955,504031058,Bullsbrook,0,No change,50403,Swan,504,Perth - North East,5GPER,Greater Perth,5,Western Australia,AUS,Australia,253.8629,http://linked.data.gov.au/dataset/asgsed3/SA2/504031058,104373.35545738,351480949.096956
1956,504031060,Gidgegannup,0,No change,50403,Swan,504,Perth - North East,5GPER,Greater Perth,5,Western Australia,AUS,Australia,304.8874,http://linked.data.gov.au/dataset/asgsed3/SA2/504031060,102415.50658469,422950075.652714
1957,504031061,Hazelmere - Guildford,0,No change,50403,Swan,504,Perth - North East,5GPER,Greater Perth,5,Western Australia,AUS,Australia,16.919,http://linked.data.gov.au/dataset/asgsed3/SA2/504031061,32435.5800694232,23552273.6452401
1958,504031062,Lockridge - Kiara,0,No change,50403,Swan,504,Perth - North East,5GPER,Greater Perth,5,Western Australia,AUS,Australia,14.6126,http://linked.data.gov.au/dataset/asgsed3/SA2/504031062,26239.3593703283,20324307.7920684
1959,504031063,Malaga,0,No change,50403,Swan,504,Perth - North East,5GPER,Greater Perth,5,Western Australia,AUS,Australia,6.4045,http://linked.data.gov.au/dataset/asgsed3/SA2/504031063,14634.7717186192,8904415.67837314
1960,504031064,Melaleuca - Lexia,0,No change,50403,Swan,504,Perth - North East,5GPER,Greater Perth,5,Western Australia,AUS,Australia,99.6581,http://linked.data.gov.au/dataset/asgsed3/SA2/504031064,60406.2006888474,138175141.449377
1961,504031065,Middle Swan - Herne Hill,0,No change,50403,Swan,504,Perth - North East,5GPER,Greater Perth,5,Western Australia,AUS,Australia,32.1548,http://linked.data.gov.au/dataset/asgsed3/SA2/504031065,35116.746199924,44692356.5493077
1962,504031066,Midland - Guildford,0,No change,50403,Swan,504,Perth - North East,5GPER,Greater Perth,5,Western Australia,AUS,Australia,11.7136,http://linked.data.gov.au/dataset/asgsed3/SA2/504031066,29602.6277691936,16298699.366067
1963,504031067,Stratton - Jane Brook,0,No change,50403,Swan,504,Perth - North East,5GPER,Greater Perth,5,Western Australia,AUS,Australia,23.4945,http://linked.data.gov.au/dataset/asgsed3/SA2/504031067,37846.3550465777,32650683.7820628
1964,504031068,The Vines,0,No change,50403,Swan,504,Perth - North East,5GPER,Greater Perth,5,Western Australia,AUS,Australia,66.9987,http://linked.data.gov.au/dataset/asgsed3/SA2/504031068,47270.8064469672,92980995.1266732
1965,504031069,Walyunga National Park,0,No change,50403,Swan,504,Perth - North East,5GPER,Greater Perth,5,Western Australia,AUS,Australia,17.9495,http://linked.data.gov.au/dataset/asgsed3/SA2/504031069,26490.1778717228,24882872.6763123
1966,504031298,Aveley,1,New,50403,Swan,504,Perth - North East,5GPER,Greater Perth,5,Western Australia,AUS,Australia,6.7469,http://linked.data.gov.au/dataset/asgsed3/SA2/504031298,14318.4058380585,9365166.89119815
1967,504031299,Brabham - Henley Brook,1,New,50403,Swan,504,Perth - North East,5GPER,Greater Perth,5,Western Australia,AUS,Australia,17.0644,http://linked.data.gov.au/dataset/asgsed3/SA2/504031299,21992.9094885247,23701481.0131067
1968,504031300,Ellenbrook,1,New,50403,Swan,504,Perth - North East,5GPER,Greater Perth,5,Western Australia,AUS,Australia,13.977,http://linked.data.gov.au/dataset/asgsed3/SA2/504031300,21200.9571912969,19394568.052181
1969,505011070,Craigie - Beldon,0,No change,50501,Joondalup,505,Perth - North West,5GPER,Greater Perth,5,Western Australia,AUS,Australia,7.1317,http://linked.data.gov.au/dataset/asgsed3/SA2/505011070,14044.6328843505,9899092.74761023
1970,505011071,Currambine - Kinross,0,No change,50501,Joondalup,505,Perth - North West,5GPER,Greater Perth,5,Western Australia,AUS,Australia,5.9596,http://linked.data.gov.au/dataset/asgsed3/SA2/505011071,13210.4675241061,8262594.37226532
1971,505011072,Duncraig,0,No change,50501,Joondalup,505,Perth - North West,5GPER,Greater Perth,5,Western Australia,AUS,Australia,7.6491,http://linked.data.gov.au/dataset/asgsed3/SA2/505011072,14444.8967417538,10627521.2889645
1972,505011073,Greenwood - Warwick,0,No change,50501,Joondalup,505,Perth - North West,5GPER,Greater Perth,5,Western Australia,AUS,Australia,8.5644,http://linked.data.gov.au/dataset/asgsed3/SA2/505011073,14749.7504060161,11900842.7715554
1973,505011074,Heathridge - Connolly,0,No change,50501,Joondalup,505,Perth - North West,5GPER,Greater Perth,5,Western Australia,AUS,Australia,6.6259,http://linked.data.gov.au/dataset/asgsed3/SA2/505011074,14765.7626951792,9192471.55172298
1974,505011075,Hillarys,0,No change,50501,Joondalup,505,Perth - North West,5GPER,Greater Perth,5,Western Australia,AUS,Australia,6.2656,http://linked.data.gov.au/dataset/asgsed3/SA2/505011075,17027.7751672438,8701945.32132957
1975,505011076,Iluka - Burns Beach,0,No change,50501,Joondalup,505,Perth - North West,5GPER,Greater Perth,5,Western Australia,AUS,Australia,5.8339,http://linked.data.gov.au/dataset/asgsed3/SA2/505011076,12777.2713699432,8088085.58618246
1976,505011077,Joondalup - Edgewater,0,No change,50501,Joondalup,505,Perth - North West,5GPER,Greater Perth,5,Western Australia,AUS,Australia,15.6229,http://linked.data.gov.au/dataset/asgsed3/SA2/505011077,21592.1601213513,21668009.9807707
1977,505011078,Kingsley,0,No change,50501,Joondalup,505,Perth - North West,5GPER,Greater Perth,5,Western Australia,AUS,Australia,7.8538,http://linked.data.gov.au/dataset/asgsed3/SA2/505011078,14220.4867069187,10908385.6004509
1978,505011079,Mullaloo - Kallaroo,0,No change,50501,Joondalup,505,Perth - North West,5GPER,Greater Perth,5,Western Australia,AUS,Australia,5.888,http://linked.data.gov.au/dataset/asgsed3/SA2/505011079,12132.7713315566,8172954.74918817
1979,505011080,Ocean Reef,0,No change,50501,Joondalup,505,Perth - North West,5GPER,Greater Perth,5,Western Australia,AUS,Australia,5.2646,http://linked.data.gov.au/dataset/asgsed3/SA2/505011080,14149.0854856257,7304400.30293065
1980,505011081,Padbury,0,No change,50501,Joondalup,505,Perth - North West,5GPER,Greater Perth,5,Western Australia,AUS,Australia,6.0348,http://linked.data.gov.au/dataset/asgsed3/SA2/505011081,11353.8872255207,8381574.35892323
1981,505011082,Sorrento - Marmion,0,No change,50501,Joondalup,505,Perth - North West,5GPER,Greater Perth,5,Western Australia,AUS,Australia,4.5955,http://linked.data.gov.au/dataset/asgsed3/SA2/505011082,11109.3350733783,6384031.59210542
1982,505011083,Woodvale,0,No change,50501,Joondalup,505,Perth - North West,5GPER,Greater Perth,5,Western Australia,AUS,Australia,7.1962,http://linked.data.gov.au/dataset/asgsed3/SA2/505011083,13022.0399440526,9989610.72731063
1983,505021084,Balcatta - Hamersley,0,No change,50502,Stirling,505,Perth - North West,5GPER,Greater Perth,5,Western Australia,AUS,Australia,10.3604,http://linked.data.gov.au/dataset/asgsed3/SA2/505021084,21018.4072961141,14407464.5899045
1984,505021085,Balga - Mirrabooka,0,No change,50502,Stirling,505,Perth - North West,5GPER,Greater Perth,5,Western Australia,AUS,Australia,9.4487,http://linked.data.gov.au/dataset/asgsed3/SA2/505021085,16874.2064499379,13135825.9711606
1985,505021087,Herdsman,0,No change,50502,Stirling,505,Perth - North West,5GPER,Greater Perth,5,Western Australia,AUS,Australia,3.1133,http://linked.data.gov.au/dataset/asgsed3/SA2/505021087,9284.89159608442,4334331.01614681
1986,505021088,Innaloo - Doubleview,0,No change,50502,Stirling,505,Perth - North West,5GPER,Greater Perth,5,Western Australia,AUS,Australia,5.6082,http://linked.data.gov.au/dataset/asgsed3/SA2/505021088,14389.7725130436,7803805.02276982
1987,505021089,Karrinyup - Gwelup - Carine,0,No change,50502,Stirling,505,Perth - North West,5GPER,Greater Perth,5,Western Australia,AUS,Australia,14.0888,http://linked.data.gov.au/dataset/asgsed3/SA2/505021089,19520.9067116344,19590884.9567419
1988,505021090,Nollamara - Westminster,0,No change,50502,Stirling,505,Perth - North West,5GPER,Greater Perth,5,Western Australia,AUS,Australia,6.0391,http://linked.data.gov.au/dataset/asgsed3/SA2/505021090,13197.9185740434,8399497.86936072
1989,505021091,Osborne Park Industrial,0,No change,50502,Stirling,505,Perth - North West,5GPER,Greater Perth,5,Western Australia,AUS,Australia,3.4452,http://linked.data.gov.au/dataset/asgsed3/SA2/505021091,9991.75453124756,4795007.45176149
1990,505021092,Scarborough,0,No change,50502,Stirling,505,Perth - North West,5GPER,Greater Perth,5,Western Australia,AUS,Australia,4.9714,http://linked.data.gov.au/dataset/asgsed3/SA2/505021092,11848.8847797294,6916366.03429265
1991,505021093,Stirling - Osborne Park,0,No change,50502,Stirling,505,Perth - North West,5GPER,Greater Perth,5,Western Australia,AUS,Australia,6.4972,http://linked.data.gov.au/dataset/asgsed3/SA2/505021093,19035.5951262961,9039516.56825799
1992,505021094,Trigg - North Beach - Watermans Bay,0,No change,50502,Stirling,505,Perth - North West,5GPER,Greater Perth,5,Western Australia,AUS,Australia,5.7563,http://linked.data.gov.au/dataset/asgsed3/SA2/505021094,14591.8280696836,8003365.8712227
1993,505021095,Tuart Hill - Joondanna,0,No change,50502,Stirling,505,Perth - North West,5GPER,Greater Perth,5,Western Australia,AUS,Australia,3.6309,http://linked.data.gov.au/dataset/asgsed3/SA2/505021095,10095.6322810273,5052715.55073193
1994,505021096,Wembley Downs - Churchlands - Woodlands,0,No change,50502,Stirling,505,Perth - North West,5GPER,Greater Perth,5,Western Australia,AUS,Australia,8.0214,http://linked.data.gov.au/dataset/asgsed3/SA2/505021096,19791.4829056396,11166605.2400536
1995,505021097,Yokine - Coolbinia - Menora,0,No change,50502,Stirling,505,Perth - North West,5GPER,Greater Perth,5,Western Australia,AUS,Australia,6.8504,http://linked.data.gov.au/dataset/asgsed3/SA2/505021097,14668.6879388271,9533810.32872666
1996,505021301,Dianella - North,1,New,50502,Stirling,505,Perth - North West,5GPER,Greater Perth,5,Western Australia,AUS,Australia,6.4682,http://linked.data.gov.au/dataset/asgsed3/SA2/505021301,13938.2825308628,8996175.94825297
1997,505021302,Dianella - South,1,New,50502,Stirling,505,Perth - North West,5GPER,Greater Perth,5,Western Australia,AUS,Australia,5.0267,http://linked.data.gov.au/dataset/asgsed3/SA2/505021302,13170.3576158103,6994155.12066335
1998,505031098,Alexander Heights - Koondoola,0,No change,50503,Wanneroo,505,Perth - North West,5GPER,Greater Perth,5,Western Australia,AUS,Australia,6.7014,http://linked.data.gov.au/dataset/asgsed3/SA2/505031098,12700.912577551,9312631.78329491
1999,505031099,Butler - Merriwa - Ridgewood,0,No change,50503,Wanneroo,505,Perth - North West,5GPER,Greater Perth,5,Western Australia,AUS,Australia,10.0345,http://linked.data.gov.au/dataset/asgsed3/SA2/505031099,17629.195249109,13889738.1281531
2000,505031100,Carramar,0,No change,50503,Wanneroo,505,Perth - North West,5GPER,Greater Perth,5,Western Australia,AUS,Australia,30.0077,http://linked.data.gov.au/dataset/asgsed3/SA2/505031100,27464.9354684133,41564255.9499682
2001,505031101,Clarkson,0,No change,50503,Wanneroo,505,Perth - North West,5GPER,Greater Perth,5,Western Australia,AUS,Australia,10.7632,http://linked.data.gov.au/dataset/asgsed3/SA2/505031101,18841.1929802665,14913159.1267169
2002,505031102,Girrawheen,0,No change,50503,Wanneroo,505,Perth - North West,5GPER,Greater Perth,5,Western Australia,AUS,Australia,4.0937,http://linked.data.gov.au/dataset/asgsed3/SA2/505031102,10299.0224889372,5688508.65418087
2003,505031104,Marangaroo,0,No change,50503,Wanneroo,505,Perth - North West,5GPER,Greater Perth,5,Western Australia,AUS,Australia,4.7933,http://linked.data.gov.au/dataset/asgsed3/SA2/505031104,11330.8530522869,6659904.96493464
2004,505031105,Mindarie - Quinns Rocks - Jindalee,0,No change,50503,Wanneroo,505,Perth - North West,5GPER,Greater Perth,5,Western Australia,AUS,Australia,12.6805,http://linked.data.gov.au/dataset/asgsed3/SA2/505031105,25465.8888466272,17557829.0539393
2005,505031106,Neerabup National Park,0,No change,50503,Wanneroo,505,Perth - North West,5GPER,Greater Perth,5,Western Australia,AUS,Australia,17.3984,http://linked.data.gov.au/dataset/asgsed3/SA2/505031106,33558.9894771731,24098629.290054
2006,505031107,Tapping - Ashby - Sinagra,0,No change,50503,Wanneroo,505,Perth - North West,5GPER,Greater Perth,5,Western Australia,AUS,Australia,47.8116,http://linked.data.gov.au/dataset/asgsed3/SA2/505031107,41543.7155353769,66281960.9595736
2007,505031255,Alkimos - Eglinton,0,No change,50503,Wanneroo,505,Perth - North West,5GPER,Greater Perth,5,Western Australia,AUS,Australia,32.6641,http://linked.data.gov.au/dataset/asgsed3/SA2/505031255,28874.8878179847,45164159.0204358
2008,505031256,Carabooda - Pinjar,0,No change,50503,Wanneroo,505,Perth - North West,5GPER,Greater Perth,5,Western Australia,AUS,Australia,371.0902,http://linked.data.gov.au/dataset/asgsed3/SA2/505031256,109953.998852067,512756161.394814
2009,505031257,Two Rocks,0,No change,50503,Wanneroo,505,Perth - North West,5GPER,Greater Perth,5,Western Australia,AUS,Australia,55.0875,http://linked.data.gov.au/dataset/asgsed3/SA2/505031257,40327.6020284157,75987020.3624593
2010,505031258,Yanchep,0,No change,50503,Wanneroo,505,Perth - North West,5GPER,Greater Perth,5,Western Australia,AUS,Australia,19.0492,http://linked.data.gov.au/dataset/asgsed3/SA2/505031258,23168.3120240917,26310167.3762629
2011,505031303,Hocking - Pearsall,1,New,50503,Wanneroo,505,Perth - North West,5GPER,Greater Perth,5,Western Australia,AUS,Australia,26.1656,http://linked.data.gov.au/dataset/asgsed3/SA2/505031303,30230.4236777947,36313082.546404
2012,505031304,Landsdale,1,New,50503,Wanneroo,505,Perth - North West,5GPER,Greater Perth,5,Western Australia,AUS,Australia,7.2318,http://linked.data.gov.au/dataset/asgsed3/SA2/505031304,12983.9761246006,10044519.738835
2013,505031305,Madeley - Darch,1,New,50503,Wanneroo,505,Perth - North West,5GPER,Greater Perth,5,Western Australia,AUS,Australia,13.1193,http://linked.data.gov.au/dataset/asgsed3/SA2/505031305,18167.3725389799,18219265.0353009
2014,505031306,Wanneroo - Sinagra,1,New,50503,Wanneroo,505,Perth - North West,5GPER,Greater Perth,5,Western Australia,AUS,Australia,15.5086,http://linked.data.gov.au/dataset/asgsed3/SA2/505031306,28136.0846940908,21511191.9870344
2015,506011110,Armadale - Wungong - Brookdale,0,No change,50601,Armadale,506,Perth - South East,5GPER,Greater Perth,5,Western Australia,AUS,Australia,25.3931,http://linked.data.gov.au/dataset/asgsed3/SA2/506011110,33863.1529832,35537560.6757715
2016,506011111,Ashendon - Lesley,0,No change,50601,Armadale,506,Perth - South East,5GPER,Greater Perth,5,Western Australia,AUS,Australia,326.2898,http://linked.data.gov.au/dataset/asgsed3/SA2/506011111,119486.90579994,456849347.516663
2017,506011112,Camillo - Champion Lakes,0,No change,50601,Armadale,506,Perth - South East,5GPER,Greater Perth,5,Western Australia,AUS,Australia,8.1254,http://linked.data.gov.au/dataset/asgsed3/SA2/506011112,19077.8874215251,11359540.1450335
2018,506011114,Kelmscott,0,No change,50601,Armadale,506,Perth - South East,5GPER,Greater Perth,5,Western Australia,AUS,Australia,15.0443,http://linked.data.gov.au/dataset/asgsed3/SA2/506011114,26999.7395074606,21031959.0902903
2019,506011115,Mount Nasura - Mount Richon - Bedfordale,0,No change,50601,Armadale,506,Perth - South East,5GPER,Greater Perth,5,Western Australia,AUS,Australia,61.0961,http://linked.data.gov.au/dataset/asgsed3/SA2/506011115,51354.1633676126,85531772.8222719
2020,506011116,Roleystone,0,No change,50601,Armadale,506,Perth - South East,5GPER,Greater Perth,5,Western Australia,AUS,Australia,74.8096,http://linked.data.gov.au/dataset/asgsed3/SA2/506011116,64295.5980914776,104587478.669119
2021,506011117,Seville Grove,0,No change,50601,Armadale,506,Perth - South East,5GPER,Greater Perth,5,Western Australia,AUS,Australia,4.5652,http://linked.data.gov.au/dataset/asgsed3/SA2/506011117,10926.7881939776,6385503.74433631
2022,506011307,Harrisdale,1,New,50601,Armadale,506,Perth - South East,5GPER,Greater Perth,5,Western Australia,AUS,Australia,5.7747,http://linked.data.gov.au/dataset/asgsed3/SA2/506011307,12523.8829544441,8074041.72268611
2023,506011308,Piara Waters - Forrestdale,1,New,50601,Armadale,506,Perth - South East,5GPER,Greater Perth,5,Western Australia,AUS,Australia,38.4276,http://linked.data.gov.au/dataset/asgsed3/SA2/506011308,36451.7625443083,53766717.2961676
2024,506021118,Belmont - Ascot - Redcliffe,0,No change,50602,Belmont - Victoria Park,506,Perth - South East,5GPER,Greater Perth,5,Western Australia,AUS,Australia,10.8529,http://linked.data.gov.au/dataset/asgsed3/SA2/506021118,23496.7540044084,15116845.3474442
2025,506021119,East Victoria Park - Carlisle,0,No change,50602,Belmont - Victoria Park,506,Perth - South East,5GPER,Greater Perth,5,Western Australia,AUS,Australia,6.2709,http://linked.data.gov.au/dataset/asgsed3/SA2/506021119,13093.4020214274,8742121.79525188
2026,506021120,Kewdale Commercial,0,No change,50602,Belmont - Victoria Park,506,Perth - South East,5GPER,Greater Perth,5,Western Australia,AUS,Australia,4.8502,http://linked.data.gov.au/dataset/asgsed3/SA2/506021120,13118.6537059041,6760964.49735952
2027,506021121,Perth Airport,0,No change,50602,Belmont - Victoria Park,506,Perth - South East,5GPER,Greater Perth,5,Western Australia,AUS,Australia,20.3221,http://linked.data.gov.au/dataset/asgsed3/SA2/506021121,23170.8860131485,28307340.1406058
2028,506021123,Victoria Park - Lathlain - Burswood,0,No change,50602,Belmont - Victoria Park,506,Perth - South East,5GPER,Greater Perth,5,Western Australia,AUS,Australia,7.5754,http://linked.data.gov.au/dataset/asgsed3/SA2/506021123,16270.1007162009,10556897.3687544
2029,506021309,Cloverdale,1,New,50602,Belmont - Victoria Park,506,Perth - South East,5GPER,Greater Perth,5,Western Australia,AUS,Australia,3.9696,http://linked.data.gov.au/dataset/asgsed3/SA2/506021309,10354.5649308843,5530844.50487659
2030,506021310,Kewdale,1,New,50602,Belmont - Victoria Park,506,Perth - South East,5GPER,Greater Perth,5,Western Australia,AUS,Australia,2.928,http://linked.data.gov.au/dataset/asgsed3/SA2/506021310,8839.98018092505,4081478.36898052
2031,506021311,Rivervale,1,New,50602,Belmont - Victoria Park,506,Perth - South East,5GPER,Greater Perth,5,Western Australia,AUS,Australia,3.3407,http://linked.data.gov.au/dataset/asgsed3/SA2/506021311,9908.78168961951,4654491.60033276
2032,506031124,Bentley - Wilson - St James,0,No change,50603,Canning,506,Perth - South East,5GPER,Greater Perth,5,Western Australia,AUS,Australia,11.1482,http://linked.data.gov.au/dataset/asgsed3/SA2/506031124,23099.2676101431,15550165.2554822
2033,506031125,Canning Vale - West,0,No change,50603,Canning,506,Perth - South East,5GPER,Greater Perth,5,Western Australia,AUS,Australia,8.7354,http://linked.data.gov.au/dataset/asgsed3/SA2/506031125,16549.3275491484,12205102.3220974
2034,506031126,Canning Vale Commercial,0,No change,50603,Canning,506,Perth - South East,5GPER,Greater Perth,5,Western Australia,AUS,Australia,6.6779,http://linked.data.gov.au/dataset/asgsed3/SA2/506031126,13827.0511294812,9325549.39096615
2035,506031127,Cannington - Queens Park,0,No change,50603,Canning,506,Perth - South East,5GPER,Greater Perth,5,Western Australia,AUS,Australia,9.5148,http://linked.data.gov.au/dataset/asgsed3/SA2/506031127,16081.0266638939,13271805.8841531
2036,506031128,Parkwood - Ferndale - Lynwood,0,No change,50603,Canning,506,Perth - South East,5GPER,Greater Perth,5,Western Australia,AUS,Australia,8.6347,http://linked.data.gov.au/dataset/asgsed3/SA2/506031128,17844.6118836157,12052239.4359393
2037,506031129,Riverton - Shelley - Rossmoyne,0,No change,50603,Canning,506,Perth - South East,5GPER,Greater Perth,5,Western Australia,AUS,Australia,6.4203,http://linked.data.gov.au/dataset/asgsed3/SA2/506031129,18731.8482529541,8960893.19413372
2038,506031130,Welshpool,0,No change,50603,Canning,506,Perth - South East,5GPER,Greater Perth,5,Western Australia,AUS,Australia,8.314,http://linked.data.gov.au/dataset/asgsed3/SA2/506031130,19155.5461961546,11592858.075228
2039,506031131,Willetton,0,No change,50603,Canning,506,Perth - South East,5GPER,Greater Perth,5,Western Australia,AUS,Australia,8.743,http://linked.data.gov.au/dataset/asgsed3/SA2/506031131,13982.0066572895,12206107.8687641
2040,506041132,Beckenham - Kenwick - Langford,0,No change,50604,Gosnells,506,Perth - South East,5GPER,Greater Perth,5,Western Australia,AUS,Australia,18.9584,http://linked.data.gov.au/dataset/asgsed3/SA2/506041132,26905.2089415818,26456367.8083467
2041,506041133,Canning Vale - East,0,No change,50604,Gosnells,506,Perth - South East,5GPER,Greater Perth,5,Western Australia,AUS,Australia,9.9338,http://linked.data.gov.au/dataset/asgsed3/SA2/506041133,17592.5653071447,13878527.2832853
2042,506041134,Gosnells,0,No change,50604,Gosnells,506,Perth - South East,5GPER,Greater Perth,5,Western Australia,AUS,Australia,15.5131,http://linked.data.gov.au/dataset/asgsed3/SA2/506041134,25472.3840976529,21675286.7827872
2043,506041135,Huntingdale - Southern River,0,No change,50604,Gosnells,506,Perth - South East,5GPER,Greater Perth,5,Western Australia,AUS,Australia,18.009,http://linked.data.gov.au/dataset/asgsed3/SA2/506041135,24609.3104740221,25169451.861716
2044,506041136,Maddington - Orange Grove - Martin,0,No change,50604,Gosnells,506,Perth - South East,5GPER,Greater Perth,5,Western Australia,AUS,Australia,53.2923,http://linked.data.gov.au/dataset/asgsed3/SA2/506041136,45986.6882138816,74417186.0916326
2045,506041137,Thornlie,0,No change,50604,Gosnells,506,Perth - South East,5GPER,Greater Perth,5,Western Australia,AUS,Australia,11.591,http://linked.data.gov.au/dataset/asgsed3/SA2/506041137,18096.1625546163,16185152.181164
2046,506051138,Forrestfield - Wattle Grove,0,No change,50605,Kalamunda,506,Perth - South East,5GPER,Greater Perth,5,Western Australia,AUS,Australia,26.8976,http://linked.data.gov.au/dataset/asgsed3/SA2/506051138,34970.7442284461,37501526.2879354
2047,506051139,High Wycombe,0,No change,50605,Kalamunda,506,Perth - South East,5GPER,Greater Perth,5,Western Australia,AUS,Australia,8.6968,http://linked.data.gov.au/dataset/asgsed3/SA2/506051139,15659.4511079678,12113866.903622
2048,506051140,Kalamunda - Maida Vale - Gooseberry Hill,0,No change,50605,Kalamunda,506,Perth - South East,5GPER,Greater Perth,5,Western Australia,AUS,Australia,28.1238,http://linked.data.gov.au/dataset/asgsed3/SA2/506051140,36672.0126151738,39187227.5177714
2049,506051141,Lesmurdie - Bickley - Carmel,0,No change,50605,Kalamunda,506,Perth - South East,5GPER,Greater Perth,5,Western Australia,AUS,Australia,220.0819,http://linked.data.gov.au/dataset/asgsed3/SA2/506051141,121668.041884821,307095110.857679
2050,506061142,Byford,0,No change,50606,Serpentine - Jarrahdale,506,Perth - South East,5GPER,Greater Perth,5,Western Australia,AUS,Australia,29.3986,http://linked.data.gov.au/dataset/asgsed3/SA2/506061142,31949.4056014835,41188210.6025641
2051,506061143,Mundijong,0,No change,50606,Serpentine - Jarrahdale,506,Perth - South East,5GPER,Greater Perth,5,Western Australia,AUS,Australia,286.7456,http://linked.data.gov.au/dataset/asgsed3/SA2/506061143,126785.027362492,402219579.66036
2052,506061144,Serpentine - Jarrahdale,0,No change,50606,Serpentine - Jarrahdale,506,Perth - South East,5GPER,Greater Perth,5,Western Australia,AUS,Australia,588.6193,http://linked.data.gov.au/dataset/asgsed3/SA2/506061144,149584.544996775,827847209.579436
2053,506071145,Como,0,No change,50607,South Perth,506,Perth - South East,5GPER,Greater Perth,5,Western Australia,AUS,Australia,6.3895,http://linked.data.gov.au/dataset/asgsed3/SA2/506071145,14603.6992540918,8909653.4554693
2054,506071146,Manning - Waterford,0,No change,50607,South Perth,506,Perth - South East,5GPER,Greater Perth,5,Western Australia,AUS,Australia,6.161,http://linked.data.gov.au/dataset/asgsed3/SA2/506071146,17779.0966789249,8595338.25617269
2055,506071147,South Perth - Kensington,0,No change,50607,South Perth,506,Perth - South East,5GPER,Greater Perth,5,Western Australia,AUS,Australia,7.7563,http://linked.data.gov.au/dataset/asgsed3/SA2/506071147,17439.9766222982,10812941.7980565
2056,507011148,Banjup,0,No change,50701,Cockburn,507,Perth - South West,5GPER,Greater Perth,5,Western Australia,AUS,Australia,29.7061,http://linked.data.gov.au/dataset/asgsed3/SA2/507011148,35813.24968755,41557099.4070511
2057,507011150,Bibra Industrial,0,No change,50701,Cockburn,507,Perth - South West,5GPER,Greater Perth,5,Western Australia,AUS,Australia,6.5456,http://linked.data.gov.au/dataset/asgsed3/SA2/507011150,12735.54967612,9149269.59866505
2058,507011151,Bibra Lake,0,No change,50701,Cockburn,507,Perth - South West,5GPER,Greater Perth,5,Western Australia,AUS,Australia,4.1706,http://linked.data.gov.au/dataset/asgsed3/SA2/507011151,10756.7096711393,5827313.97242475
2059,507011152,Coogee,0,No change,50701,Cockburn,507,Perth - South West,5GPER,Greater Perth,5,Western Australia,AUS,Australia,10.4233,http://linked.data.gov.au/dataset/asgsed3/SA2/507011152,23959.7770941578,14576573.8464926
2060,507011153,Coolbellup,0,No change,50701,Cockburn,507,Perth - South West,5GPER,Greater Perth,5,Western Australia,AUS,Australia,4.5202,http://linked.data.gov.au/dataset/asgsed3/SA2/507011153,10793.4173424734,6314639.63238844
2061,507011154,Hamilton Hill,0,No change,50701,Cockburn,507,Perth - South West,5GPER,Greater Perth,5,Western Australia,AUS,Australia,6.6153,http://linked.data.gov.au/dataset/asgsed3/SA2/507011154,13018.482682104,9242222.91538959
2062,507011155,Henderson,0,No change,50701,Cockburn,507,Perth - South West,5GPER,Greater Perth,5,Western Australia,AUS,Australia,8.7396,http://linked.data.gov.au/dataset/asgsed3/SA2/507011155,20830.9875437966,12230751.9263091
2063,507011158,North Coogee,0,No change,50701,Cockburn,507,Perth - South West,5GPER,Greater Perth,5,Western Australia,AUS,Australia,2.774,http://linked.data.gov.au/dataset/asgsed3/SA2/507011158,11906.7722393162,3875838.4839289
2064,507011159,South Lake - Cockburn Central,0,No change,50701,Cockburn,507,Perth - South West,5GPER,Greater Perth,5,Western Australia,AUS,Australia,8.896,http://linked.data.gov.au/dataset/asgsed3/SA2/507011159,18759.773197671,12434209.97165
2065,507011160,Spearwood,0,No change,50701,Cockburn,507,Perth - South West,5GPER,Greater Perth,5,Western Australia,AUS,Australia,6.5192,http://linked.data.gov.au/dataset/asgsed3/SA2/507011160,14090.4743877896,9111725.84940573
2066,507011161,Success - Hammond Park,0,No change,50701,Cockburn,507,Perth - South West,5GPER,Greater Perth,5,Western Australia,AUS,Australia,8.861,http://linked.data.gov.au/dataset/asgsed3/SA2/507011161,18314.8644640889,12397737.0690159
2067,507011163,Yangebup,0,No change,50701,Cockburn,507,Perth - South West,5GPER,Greater Perth,5,Western Australia,AUS,Australia,6.0198,http://linked.data.gov.au/dataset/asgsed3/SA2/507011163,14734.2077415327,8417059.43786738
2068,507011259,Beeliar - Wattleup,0,No change,50701,Cockburn,507,Perth - South West,5GPER,Greater Perth,5,Western Australia,AUS,Australia,28.7159,http://linked.data.gov.au/dataset/asgsed3/SA2/507011259,27661.415299996,40180441.2712382
2069,507011260,Jandakot,0,No change,50701,Cockburn,507,Perth - South West,5GPER,Greater Perth,5,Western Australia,AUS,Australia,15.7037,http://linked.data.gov.au/dataset/asgsed3/SA2/507011260,23813.2525757661,21948026.378571
2070,507021164,East Fremantle,0,No change,50702,Fremantle,507,Perth - South West,5GPER,Greater Perth,5,Western Australia,AUS,Australia,3.1384,http://linked.data.gov.au/dataset/asgsed3/SA2/507021164,9349.38251896633,4380560.21068246
2071,507021165,Fremantle,0,No change,50702,Fremantle,507,Perth - South West,5GPER,Greater Perth,5,Western Australia,AUS,Australia,29.5403,http://linked.data.gov.au/dataset/asgsed3/SA2/507021165,72587.0127359431,41215011.0297088
2072,507021166,Fremantle - South,0,No change,50702,Fremantle,507,Perth - South West,5GPER,Greater Perth,5,Western Australia,AUS,Australia,7.3037,http://linked.data.gov.au/dataset/asgsed3/SA2/507021166,23871.4245773822,10200489.3960348
2073,507021167,O'Connor (WA),0,No change,50702,Fremantle,507,Perth - South West,5GPER,Greater Perth,5,Western Australia,AUS,Australia,1.6691,http://linked.data.gov.au/dataset/asgsed3/SA2/507021167,8528.03149598239,2330339.26805505
2074,507031169,Wellard (West) - Bertram,3,Name change,50703,Kwinana,507,Perth - South West,5GPER,Greater Perth,5,Western Australia,AUS,Australia,12.448,http://linked.data.gov.au/dataset/asgsed3/SA2/507031169,23132.3567290882,17458410.1893939
2075,507031170,Calista,0,No change,50703,Kwinana,507,Perth - South West,5GPER,Greater Perth,5,Western Australia,AUS,Australia,15.1365,http://linked.data.gov.au/dataset/asgsed3/SA2/507031170,21675.6549390098,21226195.5730604
2076,507031172,Hope Valley - Postans,0,No change,50703,Kwinana,507,Perth - South West,5GPER,Greater Perth,5,Western Australia,AUS,Australia,24.7949,http://linked.data.gov.au/dataset/asgsed3/SA2/507031172,27972.7248983678,34734494.9630194
2077,507031173,Kwinana Industrial,0,No change,50703,Kwinana,507,Perth - South West,5GPER,Greater Perth,5,Western Australia,AUS,Australia,16.7145,http://linked.data.gov.au/dataset/asgsed3/SA2/507031173,27130.5521402346,23420983.4968939
2078,507031174,Parmelia - Orelia,0,No change,50703,Kwinana,507,Perth - South West,5GPER,Greater Perth,5,Western Australia,AUS,Australia,7.8295,http://linked.data.gov.au/dataset/asgsed3/SA2/507031174,14516.1908634759,10976525.9071621
2079,507031261,Casuarina - Wandi,0,No change,50703,Kwinana,507,Perth - South West,5GPER,Greater Perth,5,Western Australia,AUS,Australia,43.0889,http://linked.data.gov.au/dataset/asgsed3/SA2/507031261,43916.8274159118,60378262.9924912
2080,507041175,Applecross - Ardross,0,No change,50704,Melville,507,Perth - South West,5GPER,Greater Perth,5,Western Australia,AUS,Australia,5.4274,http://linked.data.gov.au/dataset/asgsed3/SA2/507041175,14924.7585341772,7572908.83581596
2081,507041176,Bateman,0,No change,50704,Melville,507,Perth - South West,5GPER,Greater Perth,5,Western Australia,AUS,Australia,1.9561,http://linked.data.gov.au/dataset/asgsed3/SA2/507041176,7475.13791092052,2731508.76192648
2082,507041177,Bicton - Palmyra,0,No change,50704,Melville,507,Perth - South West,5GPER,Greater Perth,5,Western Australia,AUS,Australia,6.322,http://linked.data.gov.au/dataset/asgsed3/SA2/507041177,14505.0172686393,8822546.96824019
2083,507041178,Booragoon,0,No change,50704,Melville,507,Perth - South West,5GPER,Greater Perth,5,Western Australia,AUS,Australia,6.7888,http://linked.data.gov.au/dataset/asgsed3/SA2/507041178,18215.4309130506,9475089.88381385
2084,507041179,Bull Creek,0,No change,50704,Melville,507,Perth - South West,5GPER,Greater Perth,5,Western Australia,AUS,Australia,4.1624,http://linked.data.gov.au/dataset/asgsed3/SA2/507041179,9846.30408398113,5812088.78583805
2085,507041180,Leeming,0,No change,50704,Melville,507,Perth - South West,5GPER,Greater Perth,5,Western Australia,AUS,Australia,6.6994,http://linked.data.gov.au/dataset/asgsed3/SA2/507041180,12918.2648779449,9357345.77164939
2086,507041181,Melville,0,No change,50704,Melville,507,Perth - South West,5GPER,Greater Perth,5,Western Australia,AUS,Australia,7.8838,http://linked.data.gov.au/dataset/asgsed3/SA2/507041181,15831.0191647202,11002396.8220267
2087,507041182,Murdoch - Kardinya,0,No change,50704,Melville,507,Perth - South West,5GPER,Greater Perth,5,Western Australia,AUS,Australia,8.6462,http://linked.data.gov.au/dataset/asgsed3/SA2/507041182,16803.2919125361,12075450.1135896
2088,507041183,Willagee,0,No change,50704,Melville,507,Perth - South West,5GPER,Greater Perth,5,Western Australia,AUS,Australia,2.0887,http://linked.data.gov.au/dataset/asgsed3/SA2/507041183,7346.9217615998,2915916.68630066
2089,507041184,Winthrop,0,No change,50704,Melville,507,Perth - South West,5GPER,Greater Perth,5,Western Australia,AUS,Australia,3.4789,http://linked.data.gov.au/dataset/asgsed3/SA2/507041184,9811.80201839096,4857238.91033375
2090,507051186,Cooloongup,0,No change,50705,Rockingham,507,Perth - South West,5GPER,Greater Perth,5,Western Australia,AUS,Australia,4.9901,http://linked.data.gov.au/dataset/asgsed3/SA2/507051186,12466.8224088701,7003814.60046051
2091,507051187,Port Kennedy,0,No change,50705,Rockingham,507,Perth - South West,5GPER,Greater Perth,5,Western Australia,AUS,Australia,21.2107,http://linked.data.gov.au/dataset/asgsed3/SA2/507051187,23125.8416871231,29820606.8966047
2092,507051188,Rockingham,0,No change,50705,Rockingham,507,Perth - South West,5GPER,Greater Perth,5,Western Australia,AUS,Australia,35.722,http://linked.data.gov.au/dataset/asgsed3/SA2/507051188,73540.0244812902,50086181.4740078
2093,507051189,Rockingham Lakes,0,No change,50705,Rockingham,507,Perth - South West,5GPER,Greater Perth,5,Western Australia,AUS,Australia,21.0334,http://linked.data.gov.au/dataset/asgsed3/SA2/507051189,29793.9773733543,29536267.1979118
2094,507051190,Safety Bay - Shoalwater,0,No change,50705,Rockingham,507,Perth - South West,5GPER,Greater Perth,5,Western Australia,AUS,Australia,7.1927,http://linked.data.gov.au/dataset/asgsed3/SA2/507051190,20810.5603739188,10096103.9253901
2095,507051191,Singleton - Golden Bay - Secret Harbour,0,No change,50705,Rockingham,507,Perth - South West,5GPER,Greater Perth,5,Western Australia,AUS,Australia,14.5709,http://linked.data.gov.au/dataset/asgsed3/SA2/507051191,21976.0781518127,20507826.5263663
2096,507051192,Waikiki,0,No change,50705,Rockingham,507,Perth - South West,5GPER,Greater Perth,5,Western Australia,AUS,Australia,5.7834,http://linked.data.gov.au/dataset/asgsed3/SA2/507051192,13874.6184396455,8120798.60584342
2097,507051193,Warnbro,0,No change,50705,Rockingham,507,Perth - South West,5GPER,Greater Perth,5,Western Australia,AUS,Australia,5.6428,http://linked.data.gov.au/dataset/asgsed3/SA2/507051193,13506.0244071853,7927349.45316838
2098,507051312,Baldivis - North,1,New,50705,Rockingham,507,Perth - South West,5GPER,Greater Perth,5,Western Australia,AUS,Australia,57.3058,http://linked.data.gov.au/dataset/asgsed3/SA2/507051312,42280.3591817762,80462418.3977875
2099,507051313,Baldivis - South,1,New,50705,Rockingham,507,Perth - South West,5GPER,Greater Perth,5,Western Australia,AUS,Australia,30.0095,http://linked.data.gov.au/dataset/asgsed3/SA2/507051313,31113.5912192885,42179438.3910282
2100,507051314,Karnup,1,New,50705,Rockingham,507,Perth - South West,5GPER,Greater Perth,5,Western Australia,AUS,Australia,54.2294,http://linked.data.gov.au/dataset/asgsed3/SA2/507051314,40652.8947532716,76325735.065644
2101,509011225,Albany,0,No change,50901,Albany,509,Western Australia - Wheat Belt,5RWAU,Rest of WA,5,Western Australia,AUS,Australia,30.6575,http://linked.data.gov.au/dataset/asgsed3/SA2/509011225,34878.8309762571,45803165.2257249
2102,509011226,Albany Surrounds,3,Name change,50901,Albany,509,Western Australia - Wheat Belt,5RWAU,Rest of WA,5,Western Australia,AUS,Australia,4009.0591,http://linked.data.gov.au/dataset/asgsed3/SA2/509011226,835618.255753221,5948160763.60439
2103,509011227,Bayonet Head - Lower King,0,No change,50901,Albany,509,Western Australia - Wheat Belt,5RWAU,Rest of WA,5,Western Australia,AUS,Australia,24.871,http://linked.data.gov.au/dataset/asgsed3/SA2/509011227,36373.8137665246,37117926.053908
2104,509011228,Denmark,0,No change,50901,Albany,509,Western Australia - Wheat Belt,5RWAU,Rest of WA,5,Western Australia,AUS,Australia,1859.8487,http://linked.data.gov.au/dataset/asgsed3/SA2/509011228,351709.109276497,2770823069.75148
2105,509011229,Gnowangerup,0,No change,50901,Albany,509,Western Australia - Wheat Belt,5RWAU,Rest of WA,5,Western Australia,AUS,Australia,15012.8153,http://linked.data.gov.au/dataset/asgsed3/SA2/509011229,876124.377535742,21829506047.5408
2106,509011230,Katanning,0,No change,50901,Albany,509,Western Australia - Wheat Belt,5RWAU,Rest of WA,5,Western Australia,AUS,Australia,2647.0202,http://linked.data.gov.au/dataset/asgsed3/SA2/509011230,383030.433693385,3825428892.66531
2107,509011231,Kojonup,0,No change,50901,Albany,509,Western Australia - Wheat Belt,5RWAU,Rest of WA,5,Western Australia,AUS,Australia,8554.5095,http://linked.data.gov.au/dataset/asgsed3/SA2/509011231,683170.602909042,12501251211.7124
2108,509011232,Little Grove - Elleker,0,No change,50901,Albany,509,Western Australia - Wheat Belt,5RWAU,Rest of WA,5,Western Australia,AUS,Australia,142.6706,http://linked.data.gov.au/dataset/asgsed3/SA2/509011232,169648.129878979,213414295.220416
2109,509011233,McKail - Willyung,0,No change,50901,Albany,509,Western Australia - Wheat Belt,5RWAU,Rest of WA,5,Western Australia,AUS,Australia,101.1998,http://linked.data.gov.au/dataset/asgsed3/SA2/509011233,68516.6637969143,150974935.090865
2110,509011234,Plantagenet,0,No change,50901,Albany,509,Western Australia - Wheat Belt,5RWAU,Rest of WA,5,Western Australia,AUS,Australia,4383.8752,http://linked.data.gov.au/dataset/asgsed3/SA2/509011234,558269.365495682,6487905400.24175
2111,509011235,Stirling Range National Park,0,No change,50901,Albany,509,Western Australia - Wheat Belt,5RWAU,Rest of WA,5,Western Australia,AUS,Australia,1121.6226,http://linked.data.gov.au/dataset/asgsed3/SA2/509011235,234516.232931528,1651404532.92589
2112,509021236,Chittering,0,No change,50902,Wheat Belt - North,509,Western Australia - Wheat Belt,5RWAU,Rest of WA,5,Western Australia,AUS,Australia,1219.9032,http://linked.data.gov.au/dataset/asgsed3/SA2/509021236,237805.00660162,1678701931.86844
2113,509021237,Cunderdin,0,No change,50902,Wheat Belt - North,509,Western Australia - Wheat Belt,5RWAU,Rest of WA,5,Western Australia,AUS,Australia,6896.4975,http://linked.data.gov.au/dataset/asgsed3/SA2/509021237,596516.551724192,9559141688.67587
2114,509021238,Dowerin,0,No change,50902,Wheat Belt - North,509,Western Australia - Wheat Belt,5RWAU,Rest of WA,5,Western Australia,AUS,Australia,11490.3834,http://linked.data.gov.au/dataset/asgsed3/SA2/509021238,692160.214462841,15656191618.2443
2115,509021239,Gingin - Dandaragan,0,No change,50902,Wheat Belt - North,509,Western Australia - Wheat Belt,5RWAU,Rest of WA,5,Western Australia,AUS,Australia,9919.9306,http://linked.data.gov.au/dataset/asgsed3/SA2/509021239,626433.413912432,13475505475.1191
2116,509021240,Merredin,0,No change,50902,Wheat Belt - North,509,Western Australia - Wheat Belt,5RWAU,Rest of WA,5,Western Australia,AUS,Australia,9827.5053,http://linked.data.gov.au/dataset/asgsed3/SA2/509021240,690808.804612342,13659424084.3102
2117,509021241,Moora,0,No change,50902,Wheat Belt - North,509,Western Australia - Wheat Belt,5RWAU,Rest of WA,5,Western Australia,AUS,Australia,13538.3952,http://linked.data.gov.au/dataset/asgsed3/SA2/509021241,977513.775927167,18258597723.3294
2118,509021242,Mukinbudin,0,No change,50902,Wheat Belt - North,509,Western Australia - Wheat Belt,5RWAU,Rest of WA,5,Western Australia,AUS,Australia,50176.9809,http://linked.data.gov.au/dataset/asgsed3/SA2/509021242,1356780.41694159,68224288835.363
2119,509021243,Northam,0,No change,50902,Wheat Belt - North,509,Western Australia - Wheat Belt,5RWAU,Rest of WA,5,Western Australia,AUS,Australia,1431.2215,http://linked.data.gov.au/dataset/asgsed3/SA2/509021243,290696.006422748,1982539456.35274
2120,509021244,Toodyay,0,No change,50902,Wheat Belt - North,509,Western Australia - Wheat Belt,5RWAU,Rest of WA,5,Western Australia,AUS,Australia,1691.6485,http://linked.data.gov.au/dataset/asgsed3/SA2/509021244,250157.667282578,2332618159.69644
2121,509021245,York - Beverley,0,No change,50902,Wheat Belt - North,509,Western Australia - Wheat Belt,5RWAU,Rest of WA,5,Western Australia,AUS,Australia,4502.1111,http://linked.data.gov.au/dataset/asgsed3/SA2/509021245,440818.509051188,6286365297.74634
2122,509031246,Brookton,0,No change,50903,Wheat Belt - South,509,Western Australia - Wheat Belt,5RWAU,Rest of WA,5,Western Australia,AUS,Australia,7480.8608,http://linked.data.gov.au/dataset/asgsed3/SA2/509031246,731593.528145264,10532126472.633
2123,509031247,Kulin,0,No change,50903,Wheat Belt - South,509,Western Australia - Wheat Belt,5RWAU,Rest of WA,5,Western Australia,AUS,Australia,28626.1667,http://linked.data.gov.au/dataset/asgsed3/SA2/509031247,1214814.66038144,40663337517.0769
2124,509031248,Murray,0,No change,50903,Wheat Belt - South,509,Western Australia - Wheat Belt,5RWAU,Rest of WA,5,Western Australia,AUS,Australia,2746.4237,http://linked.data.gov.au/dataset/asgsed3/SA2/509031248,352028.957219635,3894047362.18731
2125,509031249,Narrogin,0,No change,50903,Wheat Belt - South,509,Western Australia - Wheat Belt,5RWAU,Rest of WA,5,Western Australia,AUS,Australia,509.3037,http://linked.data.gov.au/dataset/asgsed3/SA2/509031249,160326.241516869,725274021.210632
2126,509031250,Wagin,0,No change,50903,Wheat Belt - South,509,Western Australia - Wheat Belt,5RWAU,Rest of WA,5,Western Australia,AUS,Australia,9400.051,http://linked.data.gov.au/dataset/asgsed3/SA2/509031250,873852.700727016,13456315957.9148
2127,510011262,Broome,0,No change,51001,Kimberley,510,Western Australia - Outback (North),5RWAU,Rest of WA,5,Western Australia,AUS,Australia,50.0425,http://linked.data.gov.au/dataset/asgsed3/SA2/510011262,42192.1439750904,55593391.4102226
2128,510011263,Derby - West Kimberley,0,No change,51001,Kimberley,510,Western Australia - Outback (North),5RWAU,Rest of WA,5,Western Australia,AUS,Australia,110798.9156,http://linked.data.gov.au/dataset/asgsed3/SA2/510011263,5108421.79112412,122988855923.115
2129,510011264,Halls Creek,0,No change,51001,Kimberley,510,Western Australia - Outback (North),5RWAU,Rest of WA,5,Western Australia,AUS,Australia,135345.3368,http://linked.data.gov.au/dataset/asgsed3/SA2/510011264,2132366.56961892,152560098323.653
2130,510011265,Kununurra,0,No change,51001,Kimberley,510,Western Australia - Outback (North),5RWAU,Rest of WA,5,Western Australia,AUS,Australia,117707.2878,http://linked.data.gov.au/dataset/asgsed3/SA2/510011265,8351786.1994568,127667423339.453
2131,510011266,Roebuck,0,No change,51001,Kimberley,510,Western Australia - Outback (North),5RWAU,Rest of WA,5,Western Australia,AUS,Australia,55343.5055,http://linked.data.gov.au/dataset/asgsed3/SA2/510011266,2372849.1972711,61944155466.0329
2132,510021267,East Pilbara,0,No change,51002,East Pilbara,510,Western Australia - Outback (North),5RWAU,Rest of WA,5,Western Australia,AUS,Australia,390578.4788,http://linked.data.gov.au/dataset/asgsed3/SA2/510021267,4426370.69334711,455139866728.583
2133,510021268,Newman,0,No change,51002,East Pilbara,510,Western Australia - Outback (North),5RWAU,Rest of WA,5,Western Australia,AUS,Australia,17.0749,http://linked.data.gov.au/dataset/asgsed3/SA2/510021268,26135.9467349089,20355751.0347543
2134,510021269,Port Hedland,0,No change,51002,East Pilbara,510,Western Australia - Outback (North),5RWAU,Rest of WA,5,Western Australia,AUS,Australia,94.1758,http://linked.data.gov.au/dataset/asgsed3/SA2/510021269,99823.6912376341,107678465.118299
2135,510021270,South Hedland,0,No change,51002,East Pilbara,510,Western Australia - Outback (North),5RWAU,Rest of WA,5,Western Australia,AUS,Australia,22.2565,http://linked.data.gov.au/dataset/asgsed3/SA2/510021270,21990.8192398785,25465944.891919
2136,510031271,Ashburton (WA),0,No change,51003,West Pilbara,510,Western Australia - Outback (North),5RWAU,Rest of WA,5,Western Australia,AUS,Australia,100827.0317,http://linked.data.gov.au/dataset/asgsed3/SA2/510031271,3035646.34069936,118692998399.626
2137,510031272,Karratha,0,No change,51003,West Pilbara,510,Western Australia - Outback (North),5RWAU,Rest of WA,5,Western Australia,AUS,Australia,134.2041,http://linked.data.gov.au/dataset/asgsed3/SA2/510031272,63317.0439449484,154239871.539134
2138,510031273,Roebourne,0,No change,51003,West Pilbara,510,Western Australia - Outback (North),5RWAU,Rest of WA,5,Western Australia,AUS,Australia,15104.8531,http://linked.data.gov.au/dataset/asgsed3/SA2/510031273,2525714.25836944,17429601489.0991
2139,511011274,Esperance,0,No change,51101,Esperance,511,Western Australia - Outback (South),5RWAU,Rest of WA,5,Western Australia,AUS,Australia,479.8669,http://linked.data.gov.au/dataset/asgsed3/SA2/511011274,157418.693158551,696704910.425354
2140,511011275,Esperance Surrounds,3,Name change,51101,Esperance,511,Western Australia - Outback (South),5RWAU,Rest of WA,5,Western Australia,AUS,Australia,55180.793,http://linked.data.gov.au/dataset/asgsed3/SA2/511011275,2529787.94145138,79220352285.3631
2141,511021276,Carnarvon,0,No change,51102,Gascoyne,511,Western Australia - Outback (South),5RWAU,Rest of WA,5,Western Australia,AUS,Australia,78.2669,http://linked.data.gov.au/dataset/asgsed3/SA2/511021276,105241.262780084,95489138.6741962
2142,511021277,Exmouth,0,No change,51102,Gascoyne,511,Western Australia - Outback (South),5RWAU,Rest of WA,5,Western Australia,AUS,Australia,134986.3501,http://linked.data.gov.au/dataset/asgsed3/SA2/511021277,4748153.29961925,164657956185.059
2143,511031278,Boulder,0,No change,51103,Goldfields,511,Western Australia - Outback (South),5RWAU,Rest of WA,5,Western Australia,AUS,Australia,13.0881,http://linked.data.gov.au/dataset/asgsed3/SA2/511031278,26179.9144389273,17791616.2957434
2144,511031279,Kalgoorlie,0,No change,51103,Goldfields,511,Western Australia - Outback (South),5RWAU,Rest of WA,5,Western Australia,AUS,Australia,23.4948,http://linked.data.gov.au/dataset/asgsed3/SA2/511031279,35114.4146423937,31917876.7757076
2145,511031280,Kalgoorlie - North,0,No change,51103,Goldfields,511,Western Australia - Outback (South),5RWAU,Rest of WA,5,Western Australia,AUS,Australia,31.0652,http://linked.data.gov.au/dataset/asgsed3/SA2/511031280,30654.6208967744,42183867.6778177
2146,511031281,Kalgoorlie Airport,0,No change,51103,Goldfields,511,Western Australia - Outback (South),5RWAU,Rest of WA,5,Western Australia,AUS,Australia,7.4496,http://linked.data.gov.au/dataset/asgsed3/SA2/511031281,17044.0298708218,10128165.3414192
2147,511031282,Kambalda - Coolgardie - Norseman,0,No change,51103,Goldfields,511,Western Australia - Outback (South),5RWAU,Rest of WA,5,Western Australia,AUS,Australia,218581.6465,http://linked.data.gov.au/dataset/asgsed3/SA2/511031282,2754825.50595004,300742056482.126
2148,511031283,Leinster - Leonora,0,No change,51103,Goldfields,511,Western Australia - Outback (South),5RWAU,Rest of WA,5,Western Australia,AUS,Australia,495840.4144,http://linked.data.gov.au/dataset/asgsed3/SA2/511031283,4093760.1247415,633033087021.453
2149,511031284,Trafalgar (WA),0,No change,51103,Goldfields,511,Western Australia - Outback (South),5RWAU,Rest of WA,5,Western Australia,AUS,Australia,27.6123,http://linked.data.gov.au/dataset/asgsed3/SA2/511031284,28959.568961079,37522398.5575337
2150,511041285,Geraldton,0,No change,51104,Mid West,511,Western Australia - Outback (South),5RWAU,Rest of WA,5,Western Australia,AUS,Australia,21.8752,http://linked.data.gov.au/dataset/asgsed3/SA2/511041285,44622.2340554889,28568747.5726484
2151,511041286,Geraldton - East,0,No change,51104,Mid West,511,Western Australia - Outback (South),5RWAU,Rest of WA,5,Western Australia,AUS,Australia,80.9732,http://linked.data.gov.au/dataset/asgsed3/SA2/511041286,64684.7019754266,105848670.879336
2152,511041287,Geraldton - North,0,No change,51104,Mid West,511,Western Australia - Outback (South),5RWAU,Rest of WA,5,Western Australia,AUS,Australia,143.0266,http://linked.data.gov.au/dataset/asgsed3/SA2/511041287,91021.2487762969,186436485.378309
2153,511041288,Geraldton - South,0,No change,51104,Mid West,511,Western Australia - Outback (South),5RWAU,Rest of WA,5,Western Australia,AUS,Australia,26.2854,http://linked.data.gov.au/dataset/asgsed3/SA2/511041288,41185.8669615315,34386719.7483125
2154,511041289,Irwin,0,No change,51104,Mid West,511,Western Australia - Outback (South),5RWAU,Rest of WA,5,Western Australia,AUS,Australia,2369.3298,http://linked.data.gov.au/dataset/asgsed3/SA2/511041289,274922.930686291,3128046356.56977
2155,511041290,Meekatharra,0,No change,51104,Mid West,511,Western Australia - Outback (South),5RWAU,Rest of WA,5,Western Australia,AUS,Australia,414527.0473,http://linked.data.gov.au/dataset/asgsed3/SA2/511041290,4395459.93408254,516259616959.651
2156,511041291,Morawa,0,No change,51104,Mid West,511,Western Australia - Outback (South),5RWAU,Rest of WA,5,Western Australia,AUS,Australia,23464.3302,http://linked.data.gov.au/dataset/asgsed3/SA2/511041291,1057837.41404674,31095089073.432
2157,511041292,Northampton - Mullewa - Greenough,0,No change,51104,Mid West,511,Western Australia - Outback (South),5RWAU,Rest of WA,5,Western Australia,AUS,Australia,26161.8873,http://linked.data.gov.au/dataset/asgsed3/SA2/511041292,1332341.27405231,33772922561.3194
2158,597979799,Migratory - Offshore - Shipping (WA),0,No change,59797,Migratory - Offshore - Shipping (WA),597,Migratory - Offshore - Shipping (WA),59799,Migratory - Offshore - Shipping (WA),5,Western Australia,AUS,Australia,,http://linked.data.gov.au/dataset/asgsed3/SA2/597979799,0,0
2159,599999499,No usual address (WA),0,No change,59999,No usual address (WA),599,No usual address (WA),59499,No usual address (WA),5,Western Australia,AUS,Australia,,http://linked.data.gov.au/dataset/asgsed3/SA2/599999499,0,0
2160,601011001,Bridgewater - Gagebrook,0,No change,60101,Brighton,601,Hobart,6GHOB,Greater Hobart,6,Tasmania,AUS,Australia,55.7463,http://linked.data.gov.au/dataset/asgsed3/SA2/601011001,92235.0753852934,103364507.144596
2161,601011002,Brighton - Pontville,0,No change,60101,Brighton,601,Hobart,6GHOB,Greater Hobart,6,Tasmania,AUS,Australia,88.7598,http://linked.data.gov.au/dataset/asgsed3/SA2/601011002,74030.545884506,164437142.134383
2162,601011003,Old Beach - Otago,0,No change,60101,Brighton,601,Hobart,6GHOB,Greater Hobart,6,Tasmania,AUS,Australia,31.5716,http://linked.data.gov.au/dataset/asgsed3/SA2/601011003,47190.682028679,58615137.6254217
2163,601021004,Bellerive - Rosny,0,No change,60102,Hobart - North East,601,Hobart,6GHOB,Greater Hobart,6,Tasmania,AUS,Australia,4.7182,http://linked.data.gov.au/dataset/asgsed3/SA2/601021004,20010.6604172959,8788620.00490358
2164,601021005,Cambridge,0,No change,60102,Hobart - North East,601,Hobart,6GHOB,Greater Hobart,6,Tasmania,AUS,Australia,101.7067,http://linked.data.gov.au/dataset/asgsed3/SA2/601021005,123020.415018201,189273255.22702
2165,601021006,Geilston Bay - Risdon,0,No change,60102,Hobart - North East,601,Hobart,6GHOB,Greater Hobart,6,Tasmania,AUS,Australia,8.7147,http://linked.data.gov.au/dataset/asgsed3/SA2/601021006,26296.7093466028,16211261.6379183
2166,601021007,Howrah - Tranmere,0,No change,60102,Hobart - North East,601,Hobart,6GHOB,Greater Hobart,6,Tasmania,AUS,Australia,9.4115,http://linked.data.gov.au/dataset/asgsed3/SA2/601021007,34135.6852300783,17545064.8942169
2167,601021008,Lindisfarne - Rose Bay,0,No change,60102,Hobart - North East,601,Hobart,6GHOB,Greater Hobart,6,Tasmania,AUS,Australia,7.9977,http://linked.data.gov.au/dataset/asgsed3/SA2/601021008,26798.3247327491,14885118.6110338
2168,601021009,Mornington - Warrane,0,No change,60102,Hobart - North East,601,Hobart,6GHOB,Greater Hobart,6,Tasmania,AUS,Australia,8.2145,http://linked.data.gov.au/dataset/asgsed3/SA2/601021009,19564.0991389841,15293231.4499042
2169,601021010,Risdon Vale,0,No change,60102,Hobart - North East,601,Hobart,6GHOB,Greater Hobart,6,Tasmania,AUS,Australia,35.4878,http://linked.data.gov.au/dataset/asgsed3/SA2/601021010,45790.1005565908,65944005.9256393
2170,601021011,Rokeby,0,No change,60102,Hobart - North East,601,Hobart,6GHOB,Greater Hobart,6,Tasmania,AUS,Australia,15.4232,http://linked.data.gov.au/dataset/asgsed3/SA2/601021011,34797.7819765283,28750135.1260526
2171,601021012,South Arm,0,No change,60102,Hobart - North East,601,Hobart,6GHOB,Greater Hobart,6,Tasmania,AUS,Australia,74.2681,http://linked.data.gov.au/dataset/asgsed3/SA2/601021012,147639.26731805,138827828.873486
2172,601031013,Austins Ferry - Granton,0,No change,60103,Hobart - North West,601,Hobart,6GHOB,Greater Hobart,6,Tasmania,AUS,Australia,27.3675,http://linked.data.gov.au/dataset/asgsed3/SA2/601031013,47702.6885356423,50803168.3182579
2173,601031014,Berriedale - Chigwell,0,No change,60103,Hobart - North West,601,Hobart,6GHOB,Greater Hobart,6,Tasmania,AUS,Australia,34.0496,http://linked.data.gov.au/dataset/asgsed3/SA2/601031014,58882.6484015501,63342925.9825857
2174,601031015,Claremont (Tas.),0,No change,60103,Hobart - North West,601,Hobart,6GHOB,Greater Hobart,6,Tasmania,AUS,Australia,17.9226,http://linked.data.gov.au/dataset/asgsed3/SA2/601031015,43884.9841388671,33296441.6911004
2175,601031016,Derwent Park - Lutana,0,No change,60103,Hobart - North West,601,Hobart,6GHOB,Greater Hobart,6,Tasmania,AUS,Australia,4.9191,http://linked.data.gov.au/dataset/asgsed3/SA2/601031016,25230.2983153705,9151907.76697095
2176,601031017,Glenorchy,0,No change,60103,Hobart - North West,601,Hobart,6GHOB,Greater Hobart,6,Tasmania,AUS,Australia,10.4597,http://linked.data.gov.au/dataset/asgsed3/SA2/601031017,30105.7359298739,19465647.0722823
2177,601031018,Montrose - Rosetta,0,No change,60103,Hobart - North West,601,Hobart,6GHOB,Greater Hobart,6,Tasmania,AUS,Australia,5.7328,http://linked.data.gov.au/dataset/asgsed3/SA2/601031018,19098.6276827878,10663613.4519135
2178,601031019,Moonah,0,No change,60103,Hobart - North West,601,Hobart,6GHOB,Greater Hobart,6,Tasmania,AUS,Australia,2.794,http://linked.data.gov.au/dataset/asgsed3/SA2/601031019,15010.548440524,5200586.02924199
2179,601031020,New Norfolk,0,No change,60103,Hobart - North West,601,Hobart,6GHOB,Greater Hobart,6,Tasmania,AUS,Australia,63.2641,http://linked.data.gov.au/dataset/asgsed3/SA2/601031020,72452.741465069,117474429.947712
2180,601031021,West Moonah,0,No change,60103,Hobart - North West,601,Hobart,6GHOB,Greater Hobart,6,Tasmania,AUS,Australia,1.7875,http://linked.data.gov.au/dataset/asgsed3/SA2/601031021,10043.0544424758,3327191.39613734
2181,601041022,Kingston - Huntingfield,0,No change,60104,Hobart - South and West,601,Hobart,6GHOB,Greater Hobart,6,Tasmania,AUS,Australia,61.8202,http://linked.data.gov.au/dataset/asgsed3/SA2/601041022,78891.1917978486,115506788.138948
2182,601041023,Kingston Beach - Blackmans Bay,0,No change,60104,Hobart - South and West,601,Hobart,6GHOB,Greater Hobart,6,Tasmania,AUS,Australia,22.2736,http://linked.data.gov.au/dataset/asgsed3/SA2/601041023,50754.1189263071,41695258.035142
2183,601041024,Margate - Snug,0,No change,60104,Hobart - South and West,601,Hobart,6GHOB,Greater Hobart,6,Tasmania,AUS,Australia,146.2328,http://linked.data.gov.au/dataset/asgsed3/SA2/601041024,134981.17600839,273844540.3153
2184,601041025,Mount Wellington,0,No change,60104,Hobart - South and West,601,Hobart,6GHOB,Greater Hobart,6,Tasmania,AUS,Australia,90.163,http://linked.data.gov.au/dataset/asgsed3/SA2/601041025,93066.1769669331,168096120.448746
2185,601041026,Taroona - Bonnet Hill,0,No change,60104,Hobart - South and West,601,Hobart,6GHOB,Greater Hobart,6,Tasmania,AUS,Australia,8.0166,http://linked.data.gov.au/dataset/asgsed3/SA2/601041026,24683.1153392929,14970685.5931628
2186,601051027,Hobart,0,No change,60105,Hobart Inner,601,Hobart,6GHOB,Greater Hobart,6,Tasmania,AUS,Australia,6.6174,http://linked.data.gov.au/dataset/asgsed3/SA2/601051027,23229.3445779592,12328824.6445931
2187,601051028,Lenah Valley - Mount Stuart,0,No change,60105,Hobart Inner,601,Hobart,6GHOB,Greater Hobart,6,Tasmania,AUS,Australia,9.799,http://linked.data.gov.au/dataset/asgsed3/SA2/601051028,30141.2978692957,18253759.1788923
2188,601051029,Mount Nelson - Dynnyrne,0,No change,60105,Hobart Inner,601,Hobart,6GHOB,Greater Hobart,6,Tasmania,AUS,Australia,7.9217,http://linked.data.gov.au/dataset/asgsed3/SA2/601051029,25453.9956112805,14778027.5888149
2189,601051030,New Town,0,No change,60105,Hobart Inner,601,Hobart,6GHOB,Greater Hobart,6,Tasmania,AUS,Australia,3.8167,http://linked.data.gov.au/dataset/asgsed3/SA2/601051030,16090.11889235,7106226.13148503
2190,601051031,Sandy Bay,0,No change,60105,Hobart Inner,601,Hobart,6GHOB,Greater Hobart,6,Tasmania,AUS,Australia,6.9463,http://linked.data.gov.au/dataset/asgsed3/SA2/601051031,22623.6628786116,12956371.647994
2191,601051032,South Hobart - Fern Tree,0,No change,60105,Hobart Inner,601,Hobart,6GHOB,Greater Hobart,6,Tasmania,AUS,Australia,23.4873,http://linked.data.gov.au/dataset/asgsed3/SA2/601051032,47104.0881385287,43813860.7477555
2192,601051033,West Hobart,0,No change,60105,Hobart Inner,601,Hobart,6GHOB,Greater Hobart,6,Tasmania,AUS,Australia,3.623,http://linked.data.gov.au/dataset/asgsed3/SA2/601051033,15552.7812140009,6750833.29246568
2193,601061034,Dodges Ferry - Lewisham,0,No change,60106,Sorell - Dodges Ferry,601,Hobart,6GHOB,Greater Hobart,6,Tasmania,AUS,Australia,318.3924,http://linked.data.gov.au/dataset/asgsed3/SA2/601061034,202787.630405355,591968028.646902
2194,601061035,Sorell - Richmond,0,No change,60106,Sorell - Dodges Ferry,601,Hobart,6GHOB,Greater Hobart,6,Tasmania,AUS,Australia,375.9341,http://linked.data.gov.au/dataset/asgsed3/SA2/601061035,236712.049504538,697224674.701121
2195,602011036,Invermay,0,No change,60201,Launceston,602,Launceston and North East,6RTAS,Rest of Tas.,6,Tasmania,AUS,Australia,4.0281,http://linked.data.gov.au/dataset/asgsed3/SA2/602011036,12087.6574185174,7169627.02154739
2196,602011037,Kings Meadows - Punchbowl,0,No change,60201,Launceston,602,Launceston and North East,6RTAS,Rest of Tas.,6,Tasmania,AUS,Australia,5.7589,http://linked.data.gov.au/dataset/asgsed3/SA2/602011037,17787.7924594574,10265466.6776378
2197,602011038,Launceston,0,No change,60201,Launceston,602,Launceston and North East,6RTAS,Rest of Tas.,6,Tasmania,AUS,Australia,5.2803,http://linked.data.gov.au/dataset/asgsed3/SA2/602011038,18868.68977858,9402667.57761995
2198,602011039,Legana,0,No change,60201,Launceston,602,Launceston and North East,6RTAS,Rest of Tas.,6,Tasmania,AUS,Australia,33.697,http://linked.data.gov.au/dataset/asgsed3/SA2/602011039,50516.5904566232,59890768.1687082
2199,602011040,Mowbray,0,No change,60201,Launceston,602,Launceston and North East,6RTAS,Rest of Tas.,6,Tasmania,AUS,Australia,9.2817,http://linked.data.gov.au/dataset/asgsed3/SA2/602011040,21936.641454544,16511780.7224897
2200,602011041,Newnham - Mayfield,0,No change,60201,Launceston,602,Launceston and North East,6RTAS,Rest of Tas.,6,Tasmania,AUS,Australia,23.5924,http://linked.data.gov.au/dataset/asgsed3/SA2/602011041,38078.5249461876,41944128.6943522
2201,602011042,Newstead,0,No change,60201,Launceston,602,Launceston and North East,6RTAS,Rest of Tas.,6,Tasmania,AUS,Australia,3.6874,http://linked.data.gov.au/dataset/asgsed3/SA2/602011042,16193.304331559,6568165.01570798
2202,602011043,Norwood (Tas.),0,No change,60201,Launceston,602,Launceston and North East,6RTAS,Rest of Tas.,6,Tasmania,AUS,Australia,3.9851,http://linked.data.gov.au/dataset/asgsed3/SA2/602011043,16745.6353208194,7101692.03373502
2203,602011044,Prospect Vale - Blackstone,0,No change,60201,Launceston,602,Launceston and North East,6RTAS,Rest of Tas.,6,Tasmania,AUS,Australia,17.7443,http://linked.data.gov.au/dataset/asgsed3/SA2/602011044,31304.079751772,31634872.4337243
2204,602011045,Ravenswood,0,No change,60201,Launceston,602,Launceston and North East,6RTAS,Rest of Tas.,6,Tasmania,AUS,Australia,10.0147,http://linked.data.gov.au/dataset/asgsed3/SA2/602011045,21051.3672453743,17822899.6483301
2205,602011046,Riverside,0,No change,60201,Launceston,602,Launceston and North East,6RTAS,Rest of Tas.,6,Tasmania,AUS,Australia,48.3143,http://linked.data.gov.au/dataset/asgsed3/SA2/602011046,65195.8288048207,85994991.4485698
2206,602011047,South Launceston,0,No change,60201,Launceston,602,Launceston and North East,6RTAS,Rest of Tas.,6,Tasmania,AUS,Australia,2.7762,http://linked.data.gov.au/dataset/asgsed3/SA2/602011047,11556.0049121596,4946526.94806295
2207,602011048,Summerhill - Prospect,0,No change,60201,Launceston,602,Launceston and North East,6RTAS,Rest of Tas.,6,Tasmania,AUS,Australia,8.8067,http://linked.data.gov.au/dataset/asgsed3/SA2/602011048,27487.8353300403,15703855.6885538
2208,602011049,Trevallyn,0,No change,60201,Launceston,602,Launceston and North East,6RTAS,Rest of Tas.,6,Tasmania,AUS,Australia,9.7181,http://linked.data.gov.au/dataset/asgsed3/SA2/602011049,22146.0522859334,17308927.5070247
2209,602011050,Waverley - St Leonards,0,No change,60201,Launceston,602,Launceston and North East,6RTAS,Rest of Tas.,6,Tasmania,AUS,Australia,55.1274,http://linked.data.gov.au/dataset/asgsed3/SA2/602011050,64902.131116275,98227562.6883321
2210,602011051,West Launceston,0,No change,60201,Launceston,602,Launceston and North East,6RTAS,Rest of Tas.,6,Tasmania,AUS,Australia,3.9642,http://linked.data.gov.au/dataset/asgsed3/SA2/602011051,17540.9897223992,7063290.97419569
2211,602011052,Youngtown - Relbia,0,No change,60201,Launceston,602,Launceston and North East,6RTAS,Rest of Tas.,6,Tasmania,AUS,Australia,14.9319,http://linked.data.gov.au/dataset/asgsed3/SA2/602011052,29657.0336651677,26632077.967535
2212,602021053,Beauty Point - Beaconsfield,0,No change,60202,Meander Valley - West Tamar,602,Launceston and North East,6RTAS,Rest of Tas.,6,Tasmania,AUS,Australia,259.1745,http://linked.data.gov.au/dataset/asgsed3/SA2/602021053,201114.420910658,457988758.439003
2213,602021054,Deloraine,0,No change,60202,Meander Valley - West Tamar,602,Launceston and North East,6RTAS,Rest of Tas.,6,Tasmania,AUS,Australia,2521.1544,http://linked.data.gov.au/dataset/asgsed3/SA2/602021054,451180.837545372,4519685205.69574
2214,602021055,Grindelwald - Lanena,0,No change,60202,Meander Valley - West Tamar,602,Launceston and North East,6RTAS,Rest of Tas.,6,Tasmania,AUS,Australia,344.8496,http://linked.data.gov.au/dataset/asgsed3/SA2/602021055,173075.70679567,611986023.263454
2215,602021056,Hadspen - Carrick,0,No change,60202,Meander Valley - West Tamar,602,Launceston and North East,6RTAS,Rest of Tas.,6,Tasmania,AUS,Australia,174.702,http://linked.data.gov.au/dataset/asgsed3/SA2/602021056,114213.22636571,311794771.97509
2216,602021057,Westbury,0,No change,60202,Meander Valley - West Tamar,602,Launceston and North East,6RTAS,Rest of Tas.,6,Tasmania,AUS,Australia,679.0802,http://linked.data.gov.au/dataset/asgsed3/SA2/602021057,254192.681747505,1214060868.91198
2217,602031058,Dilston - Lilydale,0,No change,60203,North East,602,Launceston and North East,6RTAS,Rest of Tas.,6,Tasmania,AUS,Australia,1274.0719,http://linked.data.gov.au/dataset/asgsed3/SA2/602031058,379041.466513076,2263878206.33974
2218,602031059,George Town,0,No change,60203,North East,602,Launceston and North East,6RTAS,Rest of Tas.,6,Tasmania,AUS,Australia,747.1679,http://linked.data.gov.au/dataset/asgsed3/SA2/602031059,273784.0632603,1317406008.81733
2219,602031060,Longford,0,No change,60203,North East,602,Launceston and North East,6RTAS,Rest of Tas.,6,Tasmania,AUS,Australia,222.5429,http://linked.data.gov.au/dataset/asgsed3/SA2/602031060,146946.306490487,398402991.920875
2220,602031061,Northern Midlands,0,No change,60203,North East,602,Launceston and North East,6RTAS,Rest of Tas.,6,Tasmania,AUS,Australia,4763.6291,http://linked.data.gov.au/dataset/asgsed3/SA2/602031061,668994.613654547,8595088002.64163
2221,602031062,Perth - Evandale,0,No change,60203,North East,602,Launceston and North East,6RTAS,Rest of Tas.,6,Tasmania,AUS,Australia,226.7698,http://linked.data.gov.au/dataset/asgsed3/SA2/602031062,144353.274996464,405536304.352281
2222,602031064,St Helens - Scamander,0,No change,60203,North East,602,Launceston and North East,6RTAS,Rest of Tas.,6,Tasmania,AUS,Australia,3299.1468,http://linked.data.gov.au/dataset/asgsed3/SA2/602031064,795218.080486968,5872087610.09922
2223,602031099,Flinders and Cape Barren Islands,0,No change,60203,North East,602,Launceston and North East,6RTAS,Rest of Tas.,6,Tasmania,AUS,Australia,1996.6244,http://linked.data.gov.au/dataset/asgsed3/SA2/602031099,1256488.03409676,3418390272.366
2224,602031100,Scottsdale - Bridport,0,No change,60203,North East,602,Launceston and North East,6RTAS,Rest of Tas.,6,Tasmania,AUS,Australia,3205.7138,http://linked.data.gov.au/dataset/asgsed3/SA2/602031100,607153.110835235,5644259827.67792
2225,603011065,Central Highlands,0,No change,60301,Central Highlands (Tas.),603,South East,6RTAS,Rest of Tas.,6,Tasmania,AUS,Australia,7185.4625,http://linked.data.gov.au/dataset/asgsed3/SA2/603011065,801766.223057983,13101216562.6724
2226,603011066,Derwent Valley,0,No change,60301,Central Highlands (Tas.),603,South East,6RTAS,Rest of Tas.,6,Tasmania,AUS,Australia,1289.9537,http://linked.data.gov.au/dataset/asgsed3/SA2/603011066,360349.738371945,2395470689.89232
2227,603011067,Southern Midlands,0,No change,60301,Central Highlands (Tas.),603,South East,6RTAS,Rest of Tas.,6,Tasmania,AUS,Australia,2600.2609,http://linked.data.gov.au/dataset/asgsed3/SA2/603011067,452940.970503962,4777233909.31579
2228,603011068,Wilderness - East,0,No change,60301,Central Highlands (Tas.),603,South East,6RTAS,Rest of Tas.,6,Tasmania,AUS,Australia,7351.056,http://linked.data.gov.au/dataset/asgsed3/SA2/603011068,1646572.11657557,13756983760.4082
2229,603021069,Bruny Island - Kettering,0,No change,60302,Huon - Bruny Island,603,South East,6RTAS,Rest of Tas.,6,Tasmania,AUS,Australia,443.4641,http://linked.data.gov.au/dataset/asgsed3/SA2/603021069,596716.688562121,837671848.246481
2230,603021070,Cygnet,0,No change,60302,Huon - Bruny Island,603,South East,6RTAS,Rest of Tas.,6,Tasmania,AUS,Australia,239.4535,http://linked.data.gov.au/dataset/asgsed3/SA2/603021070,187343.488903286,450351254.885984
2231,603021071,Geeveston - Dover,0,No change,60302,Huon - Bruny Island,603,South East,6RTAS,Rest of Tas.,6,Tasmania,AUS,Australia,827.8139,http://linked.data.gov.au/dataset/asgsed3/SA2/603021071,491223.123612544,1563658964.06498
2232,603021072,Huonville - Franklin,0,No change,60302,Huon - Bruny Island,603,South East,6RTAS,Rest of Tas.,6,Tasmania,AUS,Australia,681.95,http://linked.data.gov.au/dataset/asgsed3/SA2/603021072,356527.55647967,1275131736.31474
2233,603031073,Forestier - Tasman,0,No change,60303,South East Coast,603,South East,6RTAS,Rest of Tas.,6,Tasmania,AUS,Australia,660.3947,http://linked.data.gov.au/dataset/asgsed3/SA2/603031073,595438.507549921,1237448817.2853
2234,603031074,Triabunna - Bicheno,0,No change,60303,South East Coast,603,South East,6RTAS,Rest of Tas.,6,Tasmania,AUS,Australia,2542.2432,http://linked.data.gov.au/dataset/asgsed3/SA2/603031074,1172671.75276656,4644931183.36434
2235,604011075,Acton - Upper Burnie,0,No change,60401,Burnie - Ulverstone,604,West and North West,6RTAS,Rest of Tas.,6,Tasmania,AUS,Australia,2.1455,http://linked.data.gov.au/dataset/asgsed3/SA2/604011075,10702.7629554967,3778840.54813797
2236,604011076,Burnie - Ulverstone Surrounds,3,Name change,60401,Burnie - Ulverstone,604,West and North West,6RTAS,Rest of Tas.,6,Tasmania,AUS,Australia,1364.2465,http://linked.data.gov.au/dataset/asgsed3/SA2/604011076,339003.333169212,2417383401.21444
2237,604011077,Burnie - Wivenhoe,0,No change,60401,Burnie - Ulverstone,604,West and North West,6RTAS,Rest of Tas.,6,Tasmania,AUS,Australia,11.447,http://linked.data.gov.au/dataset/asgsed3/SA2/604011077,47054.2252099077,20157664.1759918
2238,604011078,Parklands - Camdale,0,No change,60401,Burnie - Ulverstone,604,West and North West,6RTAS,Rest of Tas.,6,Tasmania,AUS,Australia,19.5336,http://linked.data.gov.au/dataset/asgsed3/SA2/604011078,35487.4601814798,34387217.6548119
2239,604011079,Penguin - Sulphur Creek,0,No change,60401,Burnie - Ulverstone,604,West and North West,6RTAS,Rest of Tas.,6,Tasmania,AUS,Australia,64.157,http://linked.data.gov.au/dataset/asgsed3/SA2/604011079,71015.6456703698,113177927.520629
2240,604011080,Romaine - Havenview,0,No change,60401,Burnie - Ulverstone,604,West and North West,6RTAS,Rest of Tas.,6,Tasmania,AUS,Australia,11.8537,http://linked.data.gov.au/dataset/asgsed3/SA2/604011080,29942.9768872184,20889738.0490168
2241,604011081,Somerset,0,No change,60401,Burnie - Ulverstone,604,West and North West,6RTAS,Rest of Tas.,6,Tasmania,AUS,Australia,26.8891,http://linked.data.gov.au/dataset/asgsed3/SA2/604011081,48334.1975664093,47330402.4165763
2242,604011082,Ulverstone,0,No change,60401,Burnie - Ulverstone,604,West and North West,6RTAS,Rest of Tas.,6,Tasmania,AUS,Australia,27.4924,http://linked.data.gov.au/dataset/asgsed3/SA2/604011082,53777.9430917512,48567575.8944959
2243,604011083,West Ulverstone,0,No change,60401,Burnie - Ulverstone,604,West and North West,6RTAS,Rest of Tas.,6,Tasmania,AUS,Australia,18.0639,http://linked.data.gov.au/dataset/asgsed3/SA2/604011083,54559.1434634285,31886721.0852874
2244,604011084,Wynyard,0,No change,60401,Burnie - Ulverstone,604,West and North West,6RTAS,Rest of Tas.,6,Tasmania,AUS,Australia,58.6445,http://linked.data.gov.au/dataset/asgsed3/SA2/604011084,95869.0938769229,103090938.996333
2245,604021085,Devonport,0,No change,60402,Devonport,604,West and North West,6RTAS,Rest of Tas.,6,Tasmania,AUS,Australia,10.2768,http://linked.data.gov.au/dataset/asgsed3/SA2/604021085,21999.3174188254,18156123.7988468
2246,604021086,East Devonport,0,No change,60402,Devonport,604,West and North West,6RTAS,Rest of Tas.,6,Tasmania,AUS,Australia,13.2324,http://linked.data.gov.au/dataset/asgsed3/SA2/604021086,25755.833288216,23384207.1261025
2247,604021087,Latrobe,0,No change,60402,Devonport,604,West and North West,6RTAS,Rest of Tas.,6,Tasmania,AUS,Australia,215.3338,http://linked.data.gov.au/dataset/asgsed3/SA2/604021087,150285.587861329,381733624.059092
2248,604021088,Miandetta - Don,0,No change,60402,Devonport,604,West and North West,6RTAS,Rest of Tas.,6,Tasmania,AUS,Australia,23.0743,http://linked.data.gov.au/dataset/asgsed3/SA2/604021088,54434.6365031186,40784252.6986979
2249,604021089,Port Sorell,0,No change,60402,Devonport,604,West and North West,6RTAS,Rest of Tas.,6,Tasmania,AUS,Australia,362.9642,http://linked.data.gov.au/dataset/asgsed3/SA2/604021089,280338.741445902,641988357.07556
2250,604021090,Quoiba - Spreyton,0,No change,60402,Devonport,604,West and North West,6RTAS,Rest of Tas.,6,Tasmania,AUS,Australia,28.585,http://linked.data.gov.au/dataset/asgsed3/SA2/604021090,71102.1178156711,50583221.6894095
2251,604021091,Sheffield - Railton,0,No change,60402,Devonport,604,West and North West,6RTAS,Rest of Tas.,6,Tasmania,AUS,Australia,1156.4977,http://linked.data.gov.au/dataset/asgsed3/SA2/604021091,343093.80698861,2060483608.74274
2252,604021092,Turners Beach - Forth,0,No change,60402,Devonport,604,West and North West,6RTAS,Rest of Tas.,6,Tasmania,AUS,Australia,84.3944,http://linked.data.gov.au/dataset/asgsed3/SA2/604021092,114571.092324313,149262179.16944
2253,604031093,King Island,0,No change,60403,West Coast,604,West and North West,6RTAS,Rest of Tas.,6,Tasmania,AUS,Australia,1095.7407,http://linked.data.gov.au/dataset/asgsed3/SA2/604031093,343539.115585968,1862090706.76902
2254,604031094,North West,0,No change,60403,West Coast,604,West and North West,6RTAS,Rest of Tas.,6,Tasmania,AUS,Australia,4765.8968,http://linked.data.gov.au/dataset/asgsed3/SA2/604031094,1419578.06122549,8396598869.06061
2255,604031095,Smithton,0,No change,60403,West Coast,604,West and North West,6RTAS,Rest of Tas.,6,Tasmania,AUS,Australia,91.3095,http://linked.data.gov.au/dataset/asgsed3/SA2/604031095,171648.971919719,159710982.963311
2256,604031096,Waratah,0,No change,60403,West Coast,604,West and North West,6RTAS,Rest of Tas.,6,Tasmania,AUS,Australia,3489.4721,http://linked.data.gov.au/dataset/asgsed3/SA2/604031096,497073.586958515,6204817942.74964
2257,604031097,West Coast (Tas.),0,No change,60403,West Coast,604,West and North West,6RTAS,Rest of Tas.,6,Tasmania,AUS,Australia,3931.6265,http://linked.data.gov.au/dataset/asgsed3/SA2/604031097,672163.148810918,7099997258.29507
2258,604031098,Wilderness - West,0,No change,60403,West Coast,604,West and North West,6RTAS,Rest of Tas.,6,Tasmania,AUS,Australia,5651.9123,http://linked.data.gov.au/dataset/asgsed3/SA2/604031098,1338580.30105164,10430515039.5112
2259,697979799,Migratory - Offshore - Shipping (Tas.),0,No change,69797,Migratory - Offshore - Shipping (Tas.),697,Migratory - Offshore - Shipping (Tas.),69799,Migratory - Offshore - Shipping (Tas.),6,Tasmania,AUS,Australia,,http://linked.data.gov.au/dataset/asgsed3/SA2/697979799,0,0
2260,699999499,No usual address (Tas.),0,No change,69999,No usual address (Tas.),699,No usual address (Tas.),69499,No usual address (Tas.),6,Tasmania,AUS,Australia,,http://linked.data.gov.au/dataset/asgsed3/SA2/699999499,0,0
2261,701011001,Darwin Airport,0,No change,70101,Darwin City,701,Darwin,7GDAR,Greater Darwin,7,Northern Territory,AUS,Australia,14.3244,http://linked.data.gov.au/dataset/asgsed3/SA2/701011001,17653.5323269204,15110032.0715325
2262,701011002,Darwin City,0,No change,70101,Darwin City,701,Darwin,7GDAR,Greater Darwin,7,Northern Territory,AUS,Australia,3.1731,http://linked.data.gov.au/dataset/asgsed3/SA2/701011002,9224.11964214315,3349147.12401963
2263,701011003,East Point,0,No change,70101,Darwin City,701,Darwin,7GDAR,Greater Darwin,7,Northern Territory,AUS,Australia,2.377,http://linked.data.gov.au/dataset/asgsed3/SA2/701011003,9389.6409484275,2507377.51014003
2264,701011004,Fannie Bay - The Gardens,0,No change,70101,Darwin City,701,Darwin,7GDAR,Greater Darwin,7,Northern Territory,AUS,Australia,3.9165,http://linked.data.gov.au/dataset/asgsed3/SA2/701011004,14561.9550639358,4131783.70439521
2265,701011005,Larrakeyah,0,No change,70101,Darwin City,701,Darwin,7GDAR,Greater Darwin,7,Northern Territory,AUS,Australia,1.9452,http://linked.data.gov.au/dataset/asgsed3/SA2/701011005,9132.94246958141,2052595.82274658
2266,701011006,Ludmilla - The Narrows,0,No change,70101,Darwin City,701,Darwin,7GDAR,Greater Darwin,7,Northern Territory,AUS,Australia,5.35,http://linked.data.gov.au/dataset/asgsed3/SA2/701011006,13693.1785789701,5643665.23764494
2267,701011007,Parap,0,No change,70101,Darwin City,701,Darwin,7GDAR,Greater Darwin,7,Northern Territory,AUS,Australia,1.1022,http://linked.data.gov.au/dataset/asgsed3/SA2/701011007,6720.98691330827,1162814.6251206
2268,701011008,Stuart Park,0,No change,70101,Darwin City,701,Darwin,7GDAR,Greater Darwin,7,Northern Territory,AUS,Australia,1.6531,http://linked.data.gov.au/dataset/asgsed3/SA2/701011008,6436.53457880798,1744100.63269506
2269,701011009,Woolner - Bayview - Winnellie,0,No change,70101,Darwin City,701,Darwin,7GDAR,Greater Darwin,7,Northern Territory,AUS,Australia,6.7936,http://linked.data.gov.au/dataset/asgsed3/SA2/701011009,20209.014517087,7167420.29294186
2270,701021010,Alawa,0,No change,70102,Darwin Suburbs,701,Darwin,7GDAR,Greater Darwin,7,Northern Territory,AUS,Australia,1.2399,http://linked.data.gov.au/dataset/asgsed3/SA2/701021010,5409.85973991012,1307672.53832653
2271,701021011,Anula,0,No change,70102,Darwin Suburbs,701,Darwin,7GDAR,Greater Darwin,7,Northern Territory,AUS,Australia,1.3178,http://linked.data.gov.au/dataset/asgsed3/SA2/701021011,4966.17541202099,1389897.25910164
2272,701021012,Berrimah,0,No change,70102,Darwin Suburbs,701,Darwin,7GDAR,Greater Darwin,7,Northern Territory,AUS,Australia,30.2554,http://linked.data.gov.au/dataset/asgsed3/SA2/701021012,27513.7940558077,31918701.3251221
2273,701021013,Brinkin - Nakara,0,No change,70102,Darwin Suburbs,701,Darwin,7GDAR,Greater Darwin,7,Northern Territory,AUS,Australia,2.6861,http://linked.data.gov.au/dataset/asgsed3/SA2/701021013,8239.5483898283,2832283.81453509
2274,701021014,Buffalo Creek,0,No change,70102,Darwin Suburbs,701,Darwin,7GDAR,Greater Darwin,7,Northern Territory,AUS,Australia,23.9106,http://linked.data.gov.au/dataset/asgsed3/SA2/701021014,24914.8225846475,25214187.5808948
2275,701021015,Charles Darwin,0,No change,70102,Darwin Suburbs,701,Darwin,7GDAR,Greater Darwin,7,Northern Territory,AUS,Australia,17.4936,http://linked.data.gov.au/dataset/asgsed3/SA2/701021015,26895.9816420649,18458424.379381
2276,701021016,Coconut Grove,0,No change,70102,Darwin Suburbs,701,Darwin,7GDAR,Greater Darwin,7,Northern Territory,AUS,Australia,1.4242,http://linked.data.gov.au/dataset/asgsed3/SA2/701021016,5472.87939237882,1502158.1008577
2277,701021017,East Arm,0,No change,70102,Darwin Suburbs,701,Darwin,7GDAR,Greater Darwin,7,Northern Territory,AUS,Australia,27.9612,http://linked.data.gov.au/dataset/asgsed3/SA2/701021017,36209.6340153356,29509147.6396494
2278,701021018,Jingili,0,No change,70102,Darwin Suburbs,701,Darwin,7GDAR,Greater Darwin,7,Northern Territory,AUS,Australia,1.3163,http://linked.data.gov.au/dataset/asgsed3/SA2/701021018,4815.70208737364,1388329.72207692
2279,701021019,Karama,0,No change,70102,Darwin Suburbs,701,Darwin,7GDAR,Greater Darwin,7,Northern Territory,AUS,Australia,2.0655,http://linked.data.gov.au/dataset/asgsed3/SA2/701021019,6137.12552308841,2178329.40568358
2280,701021020,Leanyer,0,No change,70102,Darwin Suburbs,701,Darwin,7GDAR,Greater Darwin,7,Northern Territory,AUS,Australia,2.5017,http://linked.data.gov.au/dataset/asgsed3/SA2/701021020,6690.72392564075,2637838.2342966
2281,701021021,Lyons (NT),0,No change,70102,Darwin Suburbs,701,Darwin,7GDAR,Greater Darwin,7,Northern Territory,AUS,Australia,7.0409,http://linked.data.gov.au/dataset/asgsed3/SA2/701021021,12619.0007862602,7423733.30749791
2282,701021022,Malak - Marrara,0,No change,70102,Darwin Suburbs,701,Darwin,7GDAR,Greater Darwin,7,Northern Territory,AUS,Australia,4.8314,http://linked.data.gov.au/dataset/asgsed3/SA2/701021022,15590.4423977822,5096213.55686953
2283,701021023,Millner,0,No change,70102,Darwin Suburbs,701,Darwin,7GDAR,Greater Darwin,7,Northern Territory,AUS,Australia,1.4677,http://linked.data.gov.au/dataset/asgsed3/SA2/701021023,5485.80277920499,1547439.43035132
2284,701021024,Moil,0,No change,70102,Darwin Suburbs,701,Darwin,7GDAR,Greater Darwin,7,Northern Territory,AUS,Australia,1.0424,http://linked.data.gov.au/dataset/asgsed3/SA2/701021024,4452.00001378759,1099414.54688883
2285,701021025,Nightcliff,0,No change,70102,Darwin Suburbs,701,Darwin,7GDAR,Greater Darwin,7,Northern Territory,AUS,Australia,1.4512,http://linked.data.gov.au/dataset/asgsed3/SA2/701021025,5479.92046937363,1530371.68486974
2286,701021026,Rapid Creek,0,No change,70102,Darwin Suburbs,701,Darwin,7GDAR,Greater Darwin,7,Northern Territory,AUS,Australia,1.9176,http://linked.data.gov.au/dataset/asgsed3/SA2/701021026,6824.39163982452,2022628.12635762
2287,701021027,Tiwi,0,No change,70102,Darwin Suburbs,701,Darwin,7GDAR,Greater Darwin,7,Northern Territory,AUS,Australia,3.1187,http://linked.data.gov.au/dataset/asgsed3/SA2/701021027,8028.86997912452,3288706.21265956
2288,701021028,Wagaman,0,No change,70102,Darwin Suburbs,701,Darwin,7GDAR,Greater Darwin,7,Northern Territory,AUS,Australia,0.8378,http://linked.data.gov.au/dataset/asgsed3/SA2/701021028,3802.52638760309,883710.219805926
2289,701021029,Wanguri,0,No change,70102,Darwin Suburbs,701,Darwin,7GDAR,Greater Darwin,7,Northern Territory,AUS,Australia,0.8855,http://linked.data.gov.au/dataset/asgsed3/SA2/701021029,4311.5739036422,933824.907486238
2290,701021030,Wulagi,0,No change,70102,Darwin Suburbs,701,Darwin,7GDAR,Greater Darwin,7,Northern Territory,AUS,Australia,1.2629,http://linked.data.gov.au/dataset/asgsed3/SA2/701021030,4928.0952272472,1331996.94226068
2291,701031031,Howard Springs,0,No change,70103,Litchfield,701,Darwin,7GDAR,Greater Darwin,7,Northern Territory,AUS,Australia,118.021,http://linked.data.gov.au/dataset/asgsed3/SA2/701031031,63891.1200309426,124543990.852512
2292,701031032,Humpty Doo,0,No change,70103,Litchfield,701,Darwin,7GDAR,Greater Darwin,7,Northern Territory,AUS,Australia,157.4161,http://linked.data.gov.au/dataset/asgsed3/SA2/701031032,68922.7939845254,166238673.674926
2293,701031033,Koolpinyah,0,No change,70103,Litchfield,701,Darwin,7GDAR,Greater Darwin,7,Northern Territory,AUS,Australia,1199.6495,http://linked.data.gov.au/dataset/asgsed3/SA2/701031033,396393.559257377,1264804281.9856
2294,701031034,Virginia,0,No change,70103,Litchfield,701,Darwin,7GDAR,Greater Darwin,7,Northern Territory,AUS,Australia,54.7364,http://linked.data.gov.au/dataset/asgsed3/SA2/701031034,40897.7451802538,57802270.8079714
2295,701031035,Weddell,0,No change,70103,Litchfield,701,Darwin,7GDAR,Greater Darwin,7,Northern Territory,AUS,Australia,1408.6881,http://linked.data.gov.au/dataset/asgsed3/SA2/701031035,336707.184275076,1489115000.75744
2296,701041036,Bakewell,0,No change,70104,Palmerston,701,Darwin,7GDAR,Greater Darwin,7,Northern Territory,AUS,Australia,1.3185,http://linked.data.gov.au/dataset/asgsed3/SA2/701041036,4946.66793145143,1391966.86760973
2297,701041037,Driver,0,No change,70104,Palmerston,701,Darwin,7GDAR,Greater Darwin,7,Northern Territory,AUS,Australia,1.7157,http://linked.data.gov.au/dataset/asgsed3/SA2/701041037,6488.70491158134,1810783.24310936
2298,701041038,Durack - Marlow Lagoon,0,No change,70104,Palmerston,701,Darwin,7GDAR,Greater Darwin,7,Northern Territory,AUS,Australia,11.7191,http://linked.data.gov.au/dataset/asgsed3/SA2/701041038,23647.696473794,12367985.454587
2299,701041039,Gray,0,No change,70104,Palmerston,701,Darwin,7GDAR,Greater Darwin,7,Northern Territory,AUS,Australia,1.5029,http://linked.data.gov.au/dataset/asgsed3/SA2/701041039,4999.56138265702,1586096.39068037
2300,701041040,Moulden,0,No change,70104,Palmerston,701,Darwin,7GDAR,Greater Darwin,7,Northern Territory,AUS,Australia,1.7504,http://linked.data.gov.au/dataset/asgsed3/SA2/701041040,6336.32296008496,1847717.75242171
2301,701041041,Palmerston - North,0,No change,70104,Palmerston,701,Darwin,7GDAR,Greater Darwin,7,Northern Territory,AUS,Australia,4.7651,http://linked.data.gov.au/dataset/asgsed3/SA2/701041041,11636.3450272678,5028857.908179
2302,701041042,Palmerston - South,0,No change,70104,Palmerston,701,Darwin,7GDAR,Greater Darwin,7,Northern Territory,AUS,Australia,24.9843,http://linked.data.gov.au/dataset/asgsed3/SA2/701041042,32465.3575390754,26376009.4318421
2303,701041043,Rosebery - Bellamack,0,No change,70104,Palmerston,701,Darwin,7GDAR,Greater Darwin,7,Northern Territory,AUS,Australia,3.1751,http://linked.data.gov.au/dataset/asgsed3/SA2/701041043,7857.70373656337,3351079.59185654
2304,701041044,Woodroffe,0,No change,70104,Palmerston,701,Darwin,7GDAR,Greater Darwin,7,Northern Territory,AUS,Australia,1.5977,http://linked.data.gov.au/dataset/asgsed3/SA2/701041044,5246.17068587676,1686437.03174028
2305,702011045,Charles,0,No change,70201,Alice Springs,702,Northern Territory - Outback,7RNTE,Rest of NT,7,Northern Territory,AUS,Australia,16.693,http://linked.data.gov.au/dataset/asgsed3/SA2/702011045,20266.6695113993,19994160.0625936
2306,702011046,East Side,0,No change,70201,Alice Springs,702,Northern Territory - Outback,7RNTE,Rest of NT,7,Northern Territory,AUS,Australia,25.7669,http://linked.data.gov.au/dataset/asgsed3/SA2/702011046,24434.4786781494,30867250.7613705
2307,702011047,Flynn (NT),0,No change,70201,Alice Springs,702,Northern Territory - Outback,7RNTE,Rest of NT,7,Northern Territory,AUS,Australia,17.0626,http://linked.data.gov.au/dataset/asgsed3/SA2/702011047,23049.2553174494,20447318.7220117
2308,702011048,Larapinta,0,No change,70201,Alice Springs,702,Northern Territory - Outback,7RNTE,Rest of NT,7,Northern Territory,AUS,Australia,58.5557,http://linked.data.gov.au/dataset/asgsed3/SA2/702011048,46842.6207817801,70113927.6867463
2309,702011049,Mount Johns,0,No change,70201,Alice Springs,702,Northern Territory - Outback,7RNTE,Rest of NT,7,Northern Territory,AUS,Australia,18.9529,http://linked.data.gov.au/dataset/asgsed3/SA2/702011049,24605.083364757,22714786.5097376
2310,702011050,Petermann - Simpson,0,No change,70201,Alice Springs,702,Northern Territory - Outback,7RNTE,Rest of NT,7,Northern Territory,AUS,Australia,175248.1135,http://linked.data.gov.au/dataset/asgsed3/SA2/702011050,2818118.37924932,214650300226.686
2311,702011051,Ross,0,No change,70201,Alice Springs,702,Northern Territory - Outback,7RNTE,Rest of NT,7,Northern Territory,AUS,Australia,190.6821,http://linked.data.gov.au/dataset/asgsed3/SA2/702011051,78602.5340815707,228716784.967123
2312,702011052,Sandover - Plenty,0,No change,70201,Alice Springs,702,Northern Territory - Outback,7RNTE,Rest of NT,7,Northern Territory,AUS,Australia,129517.1822,http://linked.data.gov.au/dataset/asgsed3/SA2/702011052,2279378.4935082,153959467818.94
2313,702011053,Tanami,0,No change,70201,Alice Springs,702,Northern Territory - Outback,7RNTE,Rest of NT,7,Northern Territory,AUS,Australia,192662.3199,http://linked.data.gov.au/dataset/asgsed3/SA2/702011053,3117897.48479731,223447421319.164
2314,702011054,Yuendumu - Anmatjere,0,No change,70201,Alice Springs,702,Northern Territory - Outback,7RNTE,Rest of NT,7,Northern Territory,AUS,Australia,71845.0771,http://linked.data.gov.au/dataset/asgsed3/SA2/702011054,1941487.83370808,83920715662.4747
2315,702021055,Barkly,0,No change,70202,Barkly,702,Northern Territory - Outback,7RNTE,Rest of NT,7,Northern Territory,AUS,Australia,303169.1199,http://linked.data.gov.au/dataset/asgsed3/SA2/702021055,3117551.56404081,342262572720.511
2316,702021056,Tennant Creek,0,No change,70202,Barkly,702,Northern Territory - Outback,7RNTE,Rest of NT,7,Northern Territory,AUS,Australia,42.0605,http://linked.data.gov.au/dataset/asgsed3/SA2/702021056,30227.1522693699,47673227.2190899
2317,702031057,Alligator,0,No change,70203,Daly - Tiwi - West Arnhem,702,Northern Territory - Outback,7RNTE,Rest of NT,7,Northern Territory,AUS,Australia,33100.6653,http://linked.data.gov.au/dataset/asgsed3/SA2/702031057,1867627.2061133,35044557037.291
2318,702031058,Daly,0,No change,70203,Daly - Tiwi - West Arnhem,702,Northern Territory - Outback,7RNTE,Rest of NT,7,Northern Territory,AUS,Australia,34828.0715,http://linked.data.gov.au/dataset/asgsed3/SA2/702031058,1219113.5869395,37223126709.1211
2319,702031059,Thamarrurr,0,No change,70203,Daly - Tiwi - West Arnhem,702,Northern Territory - Outback,7RNTE,Rest of NT,7,Northern Territory,AUS,Australia,3373.7078,http://linked.data.gov.au/dataset/asgsed3/SA2/702031059,458863.008584297,3611418127.78146
2320,702031060,Tiwi Islands,0,No change,70203,Daly - Tiwi - West Arnhem,702,Northern Territory - Outback,7RNTE,Rest of NT,7,Northern Territory,AUS,Australia,7483.1661,http://linked.data.gov.au/dataset/asgsed3/SA2/702031060,992455.991051613,7844623278.52631
2321,702031061,West Arnhem,0,No change,70203,Daly - Tiwi - West Arnhem,702,Northern Territory - Outback,7RNTE,Rest of NT,7,Northern Territory,AUS,Australia,33509.2426,http://linked.data.gov.au/dataset/asgsed3/SA2/702031061,2241987.26429716,35319798259.7736
2322,702041062,Anindilyakwa,0,No change,70204,East Arnhem,702,Northern Territory - Outback,7RNTE,Rest of NT,7,Northern Territory,AUS,Australia,2609.0396,http://linked.data.gov.au/dataset/asgsed3/SA2/702041062,920966.835048693,2787469286.99883
2323,702041063,East Arnhem,0,No change,70204,East Arnhem,702,Northern Territory - Outback,7RNTE,Rest of NT,7,Northern Territory,AUS,Australia,30989.9027,http://linked.data.gov.au/dataset/asgsed3/SA2/702041063,3483671.6890985,32799580904.5176
2324,702041064,Nhulunbuy,0,No change,70204,East Arnhem,702,Northern Territory - Outback,7RNTE,Rest of NT,7,Northern Territory,AUS,Australia,7.647,http://linked.data.gov.au/dataset/asgsed3/SA2/702041064,14736.7247185365,8052564.4821715
2325,702051065,Elsey,0,No change,70205,Katherine,702,Northern Territory - Outback,7RNTE,Rest of NT,7,Northern Territory,AUS,Australia,92949.7346,http://linked.data.gov.au/dataset/asgsed3/SA2/702051065,2002467.32932856,100168126616.354
2326,702051066,Gulf,0,No change,70205,Katherine,702,Northern Territory - Outback,7RNTE,Rest of NT,7,Northern Territory,AUS,Australia,92278.235,http://linked.data.gov.au/dataset/asgsed3/SA2/702051066,2938929.1578242,100429800562.9
2327,702051067,Katherine,0,No change,70205,Katherine,702,Northern Territory - Outback,7RNTE,Rest of NT,7,Northern Territory,AUS,Australia,7416.9497,http://linked.data.gov.au/dataset/asgsed3/SA2/702051067,447115.397739141,7973234035.64084
2328,702051068,Victoria River,0,No change,70205,Katherine,702,Northern Territory - Outback,7RNTE,Rest of NT,7,Northern Territory,AUS,Australia,133608.8415,http://linked.data.gov.au/dataset/asgsed3/SA2/702051068,2166264.29302008,146316160626.889
2329,797979799,Migratory - Offshore - Shipping (NT),0,No change,79797,Migratory - Offshore - Shipping (NT),797,Migratory - Offshore - Shipping (NT),79799,Migratory - Offshore - Shipping (NT),7,Northern Territory,AUS,Australia,,http://linked.data.gov.au/dataset/asgsed3/SA2/797979799,0,0
2330,799999499,No usual address (NT),0,No change,79999,No usual address (NT),799,No usual address (NT),79499,No usual address (NT),7,Northern Territory,AUS,Australia,,http://linked.data.gov.au/dataset/asgsed3/SA2/799999499,0,0
2331,801011001,Aranda,0,No change,80101,Belconnen,801,Australian Capital Territory,8ACTE,Australian Capital Territory,8,Australian Capital Territory,AUS,Australia,1.5631,http://linked.data.gov.au/dataset/asgsed3/SA2/801011001,6169.49546051521,2350044.28501284
2332,801011002,Belconnen,0,No change,80101,Belconnen,801,Australian Capital Territory,8ACTE,Australian Capital Territory,8,Australian Capital Territory,AUS,Australia,4.4261,http://linked.data.gov.au/dataset/asgsed3/SA2/801011002,11020.0478873689,6648739.92294642
2333,801011003,Bruce,0,No change,80101,Belconnen,801,Australian Capital Territory,8ACTE,Australian Capital Territory,8,Australian Capital Territory,AUS,Australia,5.7975,http://linked.data.gov.au/dataset/asgsed3/SA2/801011003,12620.5656761029,8712134.85139241
2334,801011004,Charnwood,0,No change,80101,Belconnen,801,Australian Capital Territory,8ACTE,Australian Capital Territory,8,Australian Capital Territory,AUS,Australia,1.8559,http://linked.data.gov.au/dataset/asgsed3/SA2/801011004,6824.57886838893,2785983.91808606
2335,801011005,Cook,0,No change,80101,Belconnen,801,Australian Capital Territory,8ACTE,Australian Capital Territory,8,Australian Capital Territory,AUS,Australia,1.5831,http://linked.data.gov.au/dataset/asgsed3/SA2/801011005,7343.68819823429,2380026.35724255
2336,801011006,Dunlop,0,No change,80101,Belconnen,801,Australian Capital Territory,8ACTE,Australian Capital Territory,8,Australian Capital Territory,AUS,Australia,3.6054,http://linked.data.gov.au/dataset/asgsed3/SA2/801011006,9966.40734044515,5411212.73862112
2337,801011007,Evatt,0,No change,80101,Belconnen,801,Australian Capital Territory,8ACTE,Australian Capital Territory,8,Australian Capital Territory,AUS,Australia,3.0603,http://linked.data.gov.au/dataset/asgsed3/SA2/801011007,10489.5115759068,4595044.35389314
2338,801011008,Florey,0,No change,80101,Belconnen,801,Australian Capital Territory,8ACTE,Australian Capital Territory,8,Australian Capital Territory,AUS,Australia,2.7554,http://linked.data.gov.au/dataset/asgsed3/SA2/801011008,8782.96185367063,4138403.70771272
2339,801011009,Flynn (ACT),0,No change,80101,Belconnen,801,Australian Capital Territory,8ACTE,Australian Capital Territory,8,Australian Capital Territory,AUS,Australia,2.0955,http://linked.data.gov.au/dataset/asgsed3/SA2/801011009,9136.06163522844,3146085.77969155
2340,801011010,Fraser,0,No change,80101,Belconnen,801,Australian Capital Territory,8ACTE,Australian Capital Territory,8,Australian Capital Territory,AUS,Australia,2.4751,http://linked.data.gov.au/dataset/asgsed3/SA2/801011010,10170.6369115665,3714236.06859991
2341,801011011,Giralang,0,No change,80101,Belconnen,801,Australian Capital Territory,8ACTE,Australian Capital Territory,8,Australian Capital Territory,AUS,Australia,2.4467,http://linked.data.gov.au/dataset/asgsed3/SA2/801011011,7975.96778245648,3673533.07227029
2342,801011012,Gooromon,0,No change,80101,Belconnen,801,Australian Capital Territory,8ACTE,Australian Capital Territory,8,Australian Capital Territory,AUS,Australia,9.9448,http://linked.data.gov.au/dataset/asgsed3/SA2/801011012,23077.8423725744,14922703.1151578
2343,801011013,Hawker,0,No change,80101,Belconnen,801,Australian Capital Territory,8ACTE,Australian Capital Territory,8,Australian Capital Territory,AUS,Australia,1.9562,http://linked.data.gov.au/dataset/asgsed3/SA2/801011013,7352.21887302606,2939360.70826579
2344,801011014,Higgins,0,No change,80101,Belconnen,801,Australian Capital Territory,8ACTE,Australian Capital Territory,8,Australian Capital Territory,AUS,Australia,1.6743,http://linked.data.gov.au/dataset/asgsed3/SA2/801011014,6916.94261837642,2514983.04142808
2345,801011015,Holt,0,No change,80101,Belconnen,801,Australian Capital Territory,8ACTE,Australian Capital Territory,8,Australian Capital Territory,AUS,Australia,3.2957,http://linked.data.gov.au/dataset/asgsed3/SA2/801011015,10022.4229789709,4949742.25348568
2346,801011016,Kaleen,0,No change,80101,Belconnen,801,Australian Capital Territory,8ACTE,Australian Capital Territory,8,Australian Capital Territory,AUS,Australia,6.0268,http://linked.data.gov.au/dataset/asgsed3/SA2/801011016,12967.0807106768,9053348.05550529
2347,801011017,Latham,0,No change,80101,Belconnen,801,Australian Capital Territory,8ACTE,Australian Capital Territory,8,Australian Capital Territory,AUS,Australia,2.7312,http://linked.data.gov.au/dataset/asgsed3/SA2/801011017,8777.62021398212,4101513.43175351
2348,801011018,Lawson,0,No change,80101,Belconnen,801,Australian Capital Territory,8ACTE,Australian Capital Territory,8,Australian Capital Territory,AUS,Australia,3.0845,http://linked.data.gov.au/dataset/asgsed3/SA2/801011018,8504.05515075014,4632683.34604307
2349,801011019,Macgregor (ACT),0,No change,80101,Belconnen,801,Australian Capital Territory,8ACTE,Australian Capital Territory,8,Australian Capital Territory,AUS,Australia,4.2749,http://linked.data.gov.au/dataset/asgsed3/SA2/801011019,10886.9954843569,6418787.23345193
2350,801011020,Macquarie,0,No change,80101,Belconnen,801,Australian Capital Territory,8ACTE,Australian Capital Territory,8,Australian Capital Territory,AUS,Australia,1.7004,http://linked.data.gov.au/dataset/asgsed3/SA2/801011020,7117.99833455746,2555797.64376845
2351,801011021,McKellar,0,No change,80101,Belconnen,801,Australian Capital Territory,8ACTE,Australian Capital Territory,8,Australian Capital Territory,AUS,Australia,1.414,http://linked.data.gov.au/dataset/asgsed3/SA2/801011021,6563.81561195523,2122749.83774567
2352,801011022,Melba,0,No change,80101,Belconnen,801,Australian Capital Territory,8ACTE,Australian Capital Territory,8,Australian Capital Territory,AUS,Australia,2.3073,http://linked.data.gov.au/dataset/asgsed3/SA2/801011022,8905.72641720963,3464179.30274503
2353,801011023,Page,0,No change,80101,Belconnen,801,Australian Capital Territory,8ACTE,Australian Capital Territory,8,Australian Capital Territory,AUS,Australia,1.3225,http://linked.data.gov.au/dataset/asgsed3/SA2/801011023,5649.55745045876,1987089.22329115
2354,801011024,Scullin,0,No change,80101,Belconnen,801,Australian Capital Territory,8ACTE,Australian Capital Territory,8,Australian Capital Territory,AUS,Australia,1.426,http://linked.data.gov.au/dataset/asgsed3/SA2/801011024,6183.70870595324,2142505.08272584
2355,801011025,Spence,0,No change,80101,Belconnen,801,Australian Capital Territory,8ACTE,Australian Capital Territory,8,Australian Capital Territory,AUS,Australia,1.5224,http://linked.data.gov.au/dataset/asgsed3/SA2/801011025,7406.06133464881,2284991.97433855
2356,801011026,Weetangera,0,No change,80101,Belconnen,801,Australian Capital Territory,8ACTE,Australian Capital Territory,8,Australian Capital Territory,AUS,Australia,1.5832,http://linked.data.gov.au/dataset/asgsed3/SA2/801011026,6128.24567710722,2379682.75485763
2357,801011111,Molonglo Corridor,0,No change,80101,Belconnen,801,Australian Capital Territory,8ACTE,Australian Capital Territory,8,Australian Capital Territory,AUS,Australia,24.9139,http://linked.data.gov.au/dataset/asgsed3/SA2/801011111,41810.2820288485,37447460.5685999
2358,801011142,Macnamara,1,New,80101,Belconnen,801,Australian Capital Territory,8ACTE,Australian Capital Territory,8,Australian Capital Territory,AUS,Australia,4.2096,http://linked.data.gov.au/dataset/asgsed3/SA2/801011142,10130.2452785551,6321713.0584046
2359,801011143,Strathnairn,1,New,80101,Belconnen,801,Australian Capital Territory,8ACTE,Australian Capital Territory,8,Australian Capital Territory,AUS,Australia,4.1957,http://linked.data.gov.au/dataset/asgsed3/SA2/801011143,11679.685664879,6302952.1612289
2360,801011144,West Belconnen,1,New,80101,Belconnen,801,Australian Capital Territory,8ACTE,Australian Capital Territory,8,Australian Capital Territory,AUS,Australia,3.0161,http://linked.data.gov.au/dataset/asgsed3/SA2/801011144,11451.765880859,4527999.87170588
2361,801031031,Hume,0,No change,80103,Canberra East,801,Australian Capital Territory,8ACTE,Australian Capital Territory,8,Australian Capital Territory,AUS,Australia,8.5646,http://linked.data.gov.au/dataset/asgsed3/SA2/801031031,18654.460404462,12913812.684467
2362,801031032,Kowen,0,No change,80103,Canberra East,801,Australian Capital Territory,8ACTE,Australian Capital Territory,8,Australian Capital Territory,AUS,Australia,76.9339,http://linked.data.gov.au/dataset/asgsed3/SA2/801031032,61258.4647406257,115792191.749051
2363,801031113,Canberra East,0,No change,80103,Canberra East,801,Australian Capital Territory,8ACTE,Australian Capital Territory,8,Australian Capital Territory,AUS,Australia,31.069,http://linked.data.gov.au/dataset/asgsed3/SA2/801031113,41807.6005019686,46817576.5032365
2364,801031114,Canberra Airport,0,No change,80103,Canberra East,801,Australian Capital Territory,8ACTE,Australian Capital Territory,8,Australian Capital Territory,AUS,Australia,5.5374,http://linked.data.gov.au/dataset/asgsed3/SA2/801031114,16543.6518369254,8332812.36136068
2365,801031115,Majura,0,No change,80103,Canberra East,801,Australian Capital Territory,8ACTE,Australian Capital Territory,8,Australian Capital Territory,AUS,Australia,89.6908,http://linked.data.gov.au/dataset/asgsed3/SA2/801031115,78239.7107913216,134867244.288243
2366,801041034,Amaroo,0,No change,80104,Gungahlin,801,Australian Capital Territory,8ACTE,Australian Capital Territory,8,Australian Capital Territory,AUS,Australia,2.5872,http://linked.data.gov.au/dataset/asgsed3/SA2/801041034,8547.84040447717,3881052.80703189
2367,801041035,Bonner,0,No change,80104,Gungahlin,801,Australian Capital Territory,8ACTE,Australian Capital Territory,8,Australian Capital Territory,AUS,Australia,2.7559,http://linked.data.gov.au/dataset/asgsed3/SA2/801041035,8798.43856967815,4132069.07586854
2368,801041036,Casey,0,No change,80104,Gungahlin,801,Australian Capital Territory,8ACTE,Australian Capital Territory,8,Australian Capital Territory,AUS,Australia,2.6225,http://linked.data.gov.au/dataset/asgsed3/SA2/801041036,9357.01639843022,3932568.93339484
2369,801041037,Crace,0,No change,80104,Gungahlin,801,Australian Capital Territory,8ACTE,Australian Capital Territory,8,Australian Capital Territory,AUS,Australia,1.6518,http://linked.data.gov.au/dataset/asgsed3/SA2/801041037,7162.28400599819,2479434.49739034
2370,801041038,Forde,0,No change,80104,Gungahlin,801,Australian Capital Territory,8ACTE,Australian Capital Territory,8,Australian Capital Territory,AUS,Australia,1.9171,http://linked.data.gov.au/dataset/asgsed3/SA2/801041038,9898.19753707746,2875412.29853642
2371,801041039,Franklin,0,No change,80104,Gungahlin,801,Australian Capital Territory,8ACTE,Australian Capital Territory,8,Australian Capital Territory,AUS,Australia,2.2966,http://linked.data.gov.au/dataset/asgsed3/SA2/801041039,8987.40919878654,3447243.75168149
2372,801041040,Gungahlin,0,No change,80104,Gungahlin,801,Australian Capital Territory,8ACTE,Australian Capital Territory,8,Australian Capital Territory,AUS,Australia,4.5642,http://linked.data.gov.au/dataset/asgsed3/SA2/801041040,13244.5251623947,6848364.99369384
2373,801041043,Hall,0,No change,80104,Gungahlin,801,Australian Capital Territory,8ACTE,Australian Capital Territory,8,Australian Capital Territory,AUS,Australia,2.8718,http://linked.data.gov.au/dataset/asgsed3/SA2/801041043,10908.1693015448,4307272.80717041
2374,801041044,Harrison,0,No change,80104,Gungahlin,801,Australian Capital Territory,8ACTE,Australian Capital Territory,8,Australian Capital Territory,AUS,Australia,2.9168,http://linked.data.gov.au/dataset/asgsed3/SA2/801041044,8936.45660798124,4378004.86793971
2375,801041045,Mitchell,0,No change,80104,Gungahlin,801,Australian Capital Territory,8ACTE,Australian Capital Territory,8,Australian Capital Territory,AUS,Australia,7.3847,http://linked.data.gov.au/dataset/asgsed3/SA2/801041045,15010.5492380826,11088430.3343141
2376,801041046,Ngunnawal,0,No change,80104,Gungahlin,801,Australian Capital Territory,8ACTE,Australian Capital Territory,8,Australian Capital Territory,AUS,Australia,4.1591,http://linked.data.gov.au/dataset/asgsed3/SA2/801041046,11242.2914521306,6239111.08576638
2377,801041047,Nicholls,0,No change,80104,Gungahlin,801,Australian Capital Territory,8ACTE,Australian Capital Territory,8,Australian Capital Territory,AUS,Australia,6.7016,http://linked.data.gov.au/dataset/asgsed3/SA2/801041047,12755.5235366714,10056548.0922978
2378,801041048,Palmerston,0,No change,80104,Gungahlin,801,Australian Capital Territory,8ACTE,Australian Capital Territory,8,Australian Capital Territory,AUS,Australia,1.9481,http://linked.data.gov.au/dataset/asgsed3/SA2/801041048,6678.3747204146,2923554.74360479
2379,801041116,Gungahlin - East,0,No change,80104,Gungahlin,801,Australian Capital Territory,8ACTE,Australian Capital Territory,8,Australian Capital Territory,AUS,Australia,17.2009,http://linked.data.gov.au/dataset/asgsed3/SA2/801041116,29135.5360773138,25807486.0107893
2380,801041117,Gungahlin - West,0,No change,80104,Gungahlin,801,Australian Capital Territory,8ACTE,Australian Capital Territory,8,Australian Capital Territory,AUS,Australia,13.7405,http://linked.data.gov.au/dataset/asgsed3/SA2/801041117,41892.1471890033,20599109.2581044
2381,801041118,Jacka,0,No change,80104,Gungahlin,801,Australian Capital Territory,8ACTE,Australian Capital Territory,8,Australian Capital Territory,AUS,Australia,2.9098,http://linked.data.gov.au/dataset/asgsed3/SA2/801041118,10290.3307639321,4362199.20195198
2382,801041119,Kenny,0,No change,80104,Gungahlin,801,Australian Capital Territory,8ACTE,Australian Capital Territory,8,Australian Capital Territory,AUS,Australia,6.1708,http://linked.data.gov.au/dataset/asgsed3/SA2/801041119,14341.1263085204,9266282.475538
2383,801041120,Moncrieff,0,No change,80104,Gungahlin,801,Australian Capital Territory,8ACTE,Australian Capital Territory,8,Australian Capital Territory,AUS,Australia,1.9172,http://linked.data.gov.au/dataset/asgsed3/SA2/801041120,7101.92215079983,2874919.91646314
2384,801041121,Taylor,0,No change,80104,Gungahlin,801,Australian Capital Territory,8ACTE,Australian Capital Territory,8,Australian Capital Territory,AUS,Australia,4.0821,http://linked.data.gov.au/dataset/asgsed3/SA2/801041121,10757.0138112804,6119277.80470859
2385,801041122,Throsby,0,No change,80104,Gungahlin,801,Australian Capital Territory,8ACTE,Australian Capital Territory,8,Australian Capital Territory,AUS,Australia,1.4792,http://linked.data.gov.au/dataset/asgsed3/SA2/801041122,8293.09210092317,2220217.88972648
2386,801051049,Acton,0,No change,80105,North Canberra,801,Australian Capital Territory,8ACTE,Australian Capital Territory,8,Australian Capital Territory,AUS,Australia,2.7374,http://linked.data.gov.au/dataset/asgsed3/SA2/801051049,18280.4101999652,4117003.71985575
2387,801051050,Ainslie,0,No change,80105,North Canberra,801,Australian Capital Territory,8ACTE,Australian Capital Territory,8,Australian Capital Territory,AUS,Australia,3.5405,http://linked.data.gov.au/dataset/asgsed3/SA2/801051050,9551.45977030581,5322914.39085867
2388,801051051,Braddon,0,No change,80105,North Canberra,801,Australian Capital Territory,8ACTE,Australian Capital Territory,8,Australian Capital Territory,AUS,Australia,1.4078,http://linked.data.gov.au/dataset/asgsed3/SA2/801051051,6637.83797829712,2116925.89575076
2389,801051053,Civic,0,No change,80105,North Canberra,801,Australian Capital Territory,8ACTE,Australian Capital Territory,8,Australian Capital Territory,AUS,Australia,1.4309,http://linked.data.gov.au/dataset/asgsed3/SA2/801051053,6074.68592183561,2152597.932973
2390,801051054,Dickson,0,No change,80105,North Canberra,801,Australian Capital Territory,8ACTE,Australian Capital Territory,8,Australian Capital Territory,AUS,Australia,1.578,http://linked.data.gov.au/dataset/asgsed3/SA2/801051054,7541.48483665609,2371523.84813206
2391,801051055,Downer,0,No change,80105,North Canberra,801,Australian Capital Territory,8ACTE,Australian Capital Territory,8,Australian Capital Territory,AUS,Australia,1.6342,http://linked.data.gov.au/dataset/asgsed3/SA2/801051055,6229.11996175316,2455243.45006272
2392,801051056,Hackett,0,No change,80105,North Canberra,801,Australian Capital Territory,8ACTE,Australian Capital Territory,8,Australian Capital Territory,AUS,Australia,1.9498,http://linked.data.gov.au/dataset/asgsed3/SA2/801051056,7539.75182653241,2930173.17701233
2393,801051057,Lyneham,0,No change,80105,North Canberra,801,Australian Capital Territory,8ACTE,Australian Capital Territory,8,Australian Capital Territory,AUS,Australia,5.4776,http://linked.data.gov.au/dataset/asgsed3/SA2/801051057,13963.2735092656,8229940.1952451
2394,801051058,O'Connor (ACT),0,No change,80105,North Canberra,801,Australian Capital Territory,8ACTE,Australian Capital Territory,8,Australian Capital Territory,AUS,Australia,4.9286,http://linked.data.gov.au/dataset/asgsed3/SA2/801051058,12851.388728131,7408546.79974606
2395,801051060,Turner,0,No change,80105,North Canberra,801,Australian Capital Territory,8ACTE,Australian Capital Territory,8,Australian Capital Territory,AUS,Australia,1.5376,http://linked.data.gov.au/dataset/asgsed3/SA2/801051060,6757.92039193242,2311574.96068676
2396,801051061,Watson,0,No change,80105,North Canberra,801,Australian Capital Territory,8ACTE,Australian Capital Territory,8,Australian Capital Territory,AUS,Australia,3.6744,http://linked.data.gov.au/dataset/asgsed3/SA2/801051061,11198.8427545958,5519652.50338865
2397,801051123,Black Mountain,0,No change,80105,North Canberra,801,Australian Capital Territory,8ACTE,Australian Capital Territory,8,Australian Capital Territory,AUS,Australia,6.7267,http://linked.data.gov.au/dataset/asgsed3/SA2/801051123,20509.9933473911,10115350.5984661
2398,801051124,Campbell,0,No change,80105,North Canberra,801,Australian Capital Territory,8ACTE,Australian Capital Territory,8,Australian Capital Territory,AUS,Australia,3.1593,http://linked.data.gov.au/dataset/asgsed3/SA2/801051124,9966.25434585068,4752036.36885724
2399,801051125,Duntroon,0,No change,80105,North Canberra,801,Australian Capital Territory,8ACTE,Australian Capital Territory,8,Australian Capital Territory,AUS,Australia,2.4118,http://linked.data.gov.au/dataset/asgsed3/SA2/801051125,9191.35304258814,3628577.03759505
2400,801051126,Parkes (ACT) - North,0,No change,80105,North Canberra,801,Australian Capital Territory,8ACTE,Australian Capital Territory,8,Australian Capital Territory,AUS,Australia,1.0976,http://linked.data.gov.au/dataset/asgsed3/SA2/801051126,11252.2654412465,1651251.05821798
2401,801051127,Reid,0,No change,80105,North Canberra,801,Australian Capital Territory,8ACTE,Australian Capital Territory,8,Australian Capital Territory,AUS,Australia,0.9367,http://linked.data.gov.au/dataset/asgsed3/SA2/801051127,4933.87405428908,1408920.73042053
2402,801051128,Russell,0,No change,80105,North Canberra,801,Australian Capital Territory,8ACTE,Australian Capital Territory,8,Australian Capital Territory,AUS,Australia,0.4939,http://linked.data.gov.au/dataset/asgsed3/SA2/801051128,3668.89888221012,743160.561058138
2403,801061062,Deakin,0,No change,80106,South Canberra,801,Australian Capital Territory,8ACTE,Australian Capital Territory,8,Australian Capital Territory,AUS,Australia,3.5714,http://linked.data.gov.au/dataset/asgsed3/SA2/801061062,10339.6156759852,5376117.45913603
2404,801061063,Forrest,0,No change,80106,South Canberra,801,Australian Capital Territory,8ACTE,Australian Capital Territory,8,Australian Capital Territory,AUS,Australia,1.5901,http://linked.data.gov.au/dataset/asgsed3/SA2/801061063,6471.29519313541,2393806.33517264
2405,801061064,Griffith (ACT),0,No change,80106,South Canberra,801,Australian Capital Territory,8ACTE,Australian Capital Territory,8,Australian Capital Territory,AUS,Australia,2.7559,http://linked.data.gov.au/dataset/asgsed3/SA2/801061064,10075.4996798733,4149282.77887273
2406,801061066,Lake Burley Griffin,0,No change,80106,South Canberra,801,Australian Capital Territory,8ACTE,Australian Capital Territory,8,Australian Capital Territory,AUS,Australia,6.1594,http://linked.data.gov.au/dataset/asgsed3/SA2/801061066,40977.478517243,9266818.78205904
2407,801061067,Narrabundah,0,No change,80106,South Canberra,801,Australian Capital Territory,8ACTE,Australian Capital Territory,8,Australian Capital Territory,AUS,Australia,4.0907,http://linked.data.gov.au/dataset/asgsed3/SA2/801061067,10191.625959041,6160370.79920867
2408,801061068,Parkes (ACT) - South,0,No change,80106,South Canberra,801,Australian Capital Territory,8ACTE,Australian Capital Territory,8,Australian Capital Territory,AUS,Australia,1.8118,http://linked.data.gov.au/dataset/asgsed3/SA2/801061068,7643.28902909493,2726583.42499071
2409,801061069,Red Hill (ACT),0,No change,80106,South Canberra,801,Australian Capital Territory,8ACTE,Australian Capital Territory,8,Australian Capital Territory,AUS,Australia,4.8606,http://linked.data.gov.au/dataset/asgsed3/SA2/801061069,15340.0941882901,7320001.60640694
2410,801061070,Yarralumla,0,No change,80106,South Canberra,801,Australian Capital Territory,8ACTE,Australian Capital Territory,8,Australian Capital Territory,AUS,Australia,7.2105,http://linked.data.gov.au/dataset/asgsed3/SA2/801061070,24462.8171371027,10849714.3461028
2411,801061129,Barton,0,No change,80106,South Canberra,801,Australian Capital Territory,8ACTE,Australian Capital Territory,8,Australian Capital Territory,AUS,Australia,1.1901,http://linked.data.gov.au/dataset/asgsed3/SA2/801061129,5713.16646320866,1790994.54939284
2412,801061130,Fyshwick,0,No change,80106,South Canberra,801,Australian Capital Territory,8ACTE,Australian Capital Territory,8,Australian Capital Territory,AUS,Australia,9.7669,http://linked.data.gov.au/dataset/asgsed3/SA2/801061130,18236.7147364253,14704147.2713293
2413,801061131,Kingston (ACT),0,No change,80106,South Canberra,801,Australian Capital Territory,8ACTE,Australian Capital Territory,8,Australian Capital Territory,AUS,Australia,1.4039,http://linked.data.gov.au/dataset/asgsed3/SA2/801061131,6144.54046911612,2112746.43190762
2414,801071071,Banks,0,No change,80107,Tuggeranong,801,Australian Capital Territory,8ACTE,Australian Capital Territory,8,Australian Capital Territory,AUS,Australia,2.2533,http://linked.data.gov.au/dataset/asgsed3/SA2/801071071,7452.41848411735,3404881.74826632
2415,801071072,Bonython,0,No change,80107,Tuggeranong,801,Australian Capital Territory,8ACTE,Australian Capital Territory,8,Australian Capital Territory,AUS,Australia,2.9045,http://linked.data.gov.au/dataset/asgsed3/SA2/801071072,9706.50285837839,4384114.98192883
2416,801071073,Calwell,0,No change,80107,Tuggeranong,801,Australian Capital Territory,8ACTE,Australian Capital Territory,8,Australian Capital Territory,AUS,Australia,3.8922,http://linked.data.gov.au/dataset/asgsed3/SA2/801071073,10428.8740842893,5877047.81709833
2417,801071074,Chisholm,0,No change,80107,Tuggeranong,801,Australian Capital Territory,8ACTE,Australian Capital Territory,8,Australian Capital Territory,AUS,Australia,3.1046,http://linked.data.gov.au/dataset/asgsed3/SA2/801071074,10437.939751199,4685330.96261884
2418,801071075,Conder,0,No change,80107,Tuggeranong,801,Australian Capital Territory,8ACTE,Australian Capital Territory,8,Australian Capital Territory,AUS,Australia,4.5237,http://linked.data.gov.au/dataset/asgsed3/SA2/801071075,13047.079244795,6833701.62447525
2419,801071076,Fadden,0,No change,80107,Tuggeranong,801,Australian Capital Territory,8ACTE,Australian Capital Territory,8,Australian Capital Territory,AUS,Australia,3.1064,http://linked.data.gov.au/dataset/asgsed3/SA2/801071076,12262.3181096678,4685896.31747948
2420,801071077,Gilmore,0,No change,80107,Tuggeranong,801,Australian Capital Territory,8ACTE,Australian Capital Territory,8,Australian Capital Territory,AUS,Australia,2.0454,http://linked.data.gov.au/dataset/asgsed3/SA2/801071077,7640.72307273208,3086417.00326164
2421,801071078,Gordon (ACT),0,No change,80107,Tuggeranong,801,Australian Capital Territory,8ACTE,Australian Capital Territory,8,Australian Capital Territory,AUS,Australia,4.4416,http://linked.data.gov.au/dataset/asgsed3/SA2/801071078,13394.4702406445,6708847.05856584
2422,801071079,Gowrie (ACT),0,No change,80107,Tuggeranong,801,Australian Capital Territory,8ACTE,Australian Capital Territory,8,Australian Capital Territory,AUS,Australia,1.9317,http://linked.data.gov.au/dataset/asgsed3/SA2/801071079,7066.22880504681,2914540.81812422
2423,801071080,Greenway,0,No change,80107,Tuggeranong,801,Australian Capital Territory,8ACTE,Australian Capital Territory,8,Australian Capital Territory,AUS,Australia,5.3071,http://linked.data.gov.au/dataset/asgsed3/SA2/801071080,15725.8724719454,8008329.42089814
2424,801071081,Isabella Plains,0,No change,80107,Tuggeranong,801,Australian Capital Territory,8ACTE,Australian Capital Territory,8,Australian Capital Territory,AUS,Australia,2.495,http://linked.data.gov.au/dataset/asgsed3/SA2/801071081,8990.77154161026,3765978.73159411
2425,801071082,Kambah,0,No change,80107,Tuggeranong,801,Australian Capital Territory,8ACTE,Australian Capital Territory,8,Australian Capital Territory,AUS,Australia,11.3361,http://linked.data.gov.au/dataset/asgsed3/SA2/801071082,20619.2063345893,17092565.5452185
2426,801071083,Macarthur,0,No change,80107,Tuggeranong,801,Australian Capital Territory,8ACTE,Australian Capital Territory,8,Australian Capital Territory,AUS,Australia,1.3014,http://linked.data.gov.au/dataset/asgsed3/SA2/801071083,6640.65364807759,1963051.44203041
2427,801071084,Monash,0,No change,80107,Tuggeranong,801,Australian Capital Territory,8ACTE,Australian Capital Territory,8,Australian Capital Territory,AUS,Australia,3.4119,http://linked.data.gov.au/dataset/asgsed3/SA2/801071084,9531.15572825875,5148547.72779221
2428,801071085,Mount Taylor,0,No change,80107,Tuggeranong,801,Australian Capital Territory,8ACTE,Australian Capital Territory,8,Australian Capital Territory,AUS,Australia,10.9052,http://linked.data.gov.au/dataset/asgsed3/SA2/801071085,37472.8436741956,16441715.4464281
2429,801071086,Oxley (ACT),0,No change,80107,Tuggeranong,801,Australian Capital Territory,8ACTE,Australian Capital Territory,8,Australian Capital Territory,AUS,Australia,1.0865,http://linked.data.gov.au/dataset/asgsed3/SA2/801071086,5086.2376988794,1639165.12600166
2430,801071087,Richardson,0,No change,80107,Tuggeranong,801,Australian Capital Territory,8ACTE,Australian Capital Territory,8,Australian Capital Territory,AUS,Australia,2.2371,http://linked.data.gov.au/dataset/asgsed3/SA2/801071087,10391.9640799883,3376742.45781052
2431,801071088,Theodore,0,No change,80107,Tuggeranong,801,Australian Capital Territory,8ACTE,Australian Capital Territory,8,Australian Capital Territory,AUS,Australia,3.1353,http://linked.data.gov.au/dataset/asgsed3/SA2/801071088,9367.9471977901,4734788.69128704
2432,801071089,Tuggeranong,0,No change,80107,Tuggeranong,801,Australian Capital Territory,8ACTE,Australian Capital Territory,8,Australian Capital Territory,AUS,Australia,75.602,http://linked.data.gov.au/dataset/asgsed3/SA2/801071089,86970.8134490855,114335804.837054
2433,801071090,Wanniassa,0,No change,80107,Tuggeranong,801,Australian Capital Territory,8ACTE,Australian Capital Territory,8,Australian Capital Territory,AUS,Australia,5.3975,http://linked.data.gov.au/dataset/asgsed3/SA2/801071090,11544.5113484594,8141663.31202877
2434,801071132,Tuggeranong - West,0,No change,80107,Tuggeranong,801,Australian Capital Territory,8ACTE,Australian Capital Territory,8,Australian Capital Territory,AUS,Australia,9.2083,http://linked.data.gov.au/dataset/asgsed3/SA2/801071132,23741.6783681246,13888595.1384058
2435,801081091,Chapman,0,No change,80108,Weston Creek,801,Australian Capital Territory,8ACTE,Australian Capital Territory,8,Australian Capital Territory,AUS,Australia,1.8558,http://linked.data.gov.au/dataset/asgsed3/SA2/801081091,10782.2359358958,2796399.74114914
2436,801081092,Duffy,0,No change,80108,Weston Creek,801,Australian Capital Territory,8ACTE,Australian Capital Territory,8,Australian Capital Territory,AUS,Australia,2.7964,http://linked.data.gov.au/dataset/asgsed3/SA2/801081092,9558.42053355601,4211832.54850152
2437,801081093,Fisher,0,No change,80108,Weston Creek,801,Australian Capital Territory,8ACTE,Australian Capital Territory,8,Australian Capital Territory,AUS,Australia,1.5822,http://linked.data.gov.au/dataset/asgsed3/SA2/801081093,6700.65436571928,2384774.75910946
2438,801081094,Holder,0,No change,80108,Weston Creek,801,Australian Capital Territory,8ACTE,Australian Capital Territory,8,Australian Capital Territory,AUS,Australia,1.8719,http://linked.data.gov.au/dataset/asgsed3/SA2/801081094,7069.53942114436,2818950.39782034
2439,801081095,Rivett,0,No change,80108,Weston Creek,801,Australian Capital Territory,8ACTE,Australian Capital Territory,8,Australian Capital Territory,AUS,Australia,1.6106,http://linked.data.gov.au/dataset/asgsed3/SA2/801081095,6439.31792305853,2425804.80658793
2440,801081096,Stirling,0,No change,80108,Weston Creek,801,Australian Capital Territory,8ACTE,Australian Capital Territory,8,Australian Capital Territory,AUS,Australia,1.3226,http://linked.data.gov.au/dataset/asgsed3/SA2/801081096,5603.48017902184,1992540.34434811
2441,801081097,Waramanga,0,No change,80108,Weston Creek,801,Australian Capital Territory,8ACTE,Australian Capital Territory,8,Australian Capital Territory,AUS,Australia,1.7098,http://linked.data.gov.au/dataset/asgsed3/SA2/801081097,6356.72538655356,2576201.92459915
2442,801081098,Weston,0,No change,80108,Weston Creek,801,Australian Capital Territory,8ACTE,Australian Capital Territory,8,Australian Capital Territory,AUS,Australia,3.8462,http://linked.data.gov.au/dataset/asgsed3/SA2/801081098,12528.2283498528,5792526.41050129
2443,801081133,Scrivener,0,No change,80108,Weston Creek,801,Australian Capital Territory,8ACTE,Australian Capital Territory,8,Australian Capital Territory,AUS,Australia,1.5532,http://linked.data.gov.au/dataset/asgsed3/SA2/801081133,8201.94697667905,2337847.72098956
2444,801091099,Chifley,0,No change,80109,Woden Valley,801,Australian Capital Territory,8ACTE,Australian Capital Territory,8,Australian Capital Territory,AUS,Australia,1.5889,http://linked.data.gov.au/dataset/asgsed3/SA2/801091099,6252.12511147682,2393883.83936605
2445,801091100,Curtin,0,No change,80109,Woden Valley,801,Australian Capital Territory,8ACTE,Australian Capital Territory,8,Australian Capital Territory,AUS,Australia,4.8079,http://linked.data.gov.au/dataset/asgsed3/SA2/801091100,12105.3989825037,7238419.79028084
2446,801091101,Farrer,0,No change,80109,Woden Valley,801,Australian Capital Territory,8ACTE,Australian Capital Territory,8,Australian Capital Territory,AUS,Australia,2.0687,http://linked.data.gov.au/dataset/asgsed3/SA2/801091101,7900.86093413114,3118820.13783147
2447,801091102,Garran,0,No change,80109,Woden Valley,801,Australian Capital Territory,8ACTE,Australian Capital Territory,8,Australian Capital Territory,AUS,Australia,2.6965,http://linked.data.gov.au/dataset/asgsed3/SA2/801091102,11840.3452000395,4061353.61424236
2448,801091103,Hughes,0,No change,80109,Woden Valley,801,Australian Capital Territory,8ACTE,Australian Capital Territory,8,Australian Capital Territory,AUS,Australia,1.7894,http://linked.data.gov.au/dataset/asgsed3/SA2/801091103,6834.88913337725,2694860.99942398
2449,801091104,Isaacs,0,No change,80109,Woden Valley,801,Australian Capital Territory,8ACTE,Australian Capital Territory,8,Australian Capital Territory,AUS,Australia,3.0881,http://linked.data.gov.au/dataset/asgsed3/SA2/801091104,9650.29347513432,4654301.22407513
2450,801091105,Lyons (ACT),0,No change,80109,Woden Valley,801,Australian Capital Territory,8ACTE,Australian Capital Territory,8,Australian Capital Territory,AUS,Australia,2.2619,http://linked.data.gov.au/dataset/asgsed3/SA2/801091105,8176.17027937692,3406675.35623325
2451,801091106,Mawson,0,No change,80109,Woden Valley,801,Australian Capital Territory,8ACTE,Australian Capital Territory,8,Australian Capital Territory,AUS,Australia,2.1128,http://linked.data.gov.au/dataset/asgsed3/SA2/801091106,7423.94584121644,3184175.53551216
2452,801091107,O'Malley,0,No change,80109,Woden Valley,801,Australian Capital Territory,8ACTE,Australian Capital Territory,8,Australian Capital Territory,AUS,Australia,2.6068,http://linked.data.gov.au/dataset/asgsed3/SA2/801091107,9317.1722931961,3927398.17797233
2453,801091108,Pearce,0,No change,80109,Woden Valley,801,Australian Capital Territory,8ACTE,Australian Capital Territory,8,Australian Capital Territory,AUS,Australia,1.7032,http://linked.data.gov.au/dataset/asgsed3/SA2/801091108,6796.03723397675,2566948.38432903
2454,801091109,Phillip,0,No change,80109,Woden Valley,801,Australian Capital Territory,8ACTE,Australian Capital Territory,8,Australian Capital Territory,AUS,Australia,2.5749,http://linked.data.gov.au/dataset/asgsed3/SA2/801091109,8380.41521266984,3878961.0326961
2455,801091110,Torrens,0,No change,80109,Woden Valley,801,Australian Capital Territory,8ACTE,Australian Capital Territory,8,Australian Capital Territory,AUS,Australia,1.3013,http://linked.data.gov.au/dataset/asgsed3/SA2/801091110,6005.22035221546,1961247.60125412
2456,801101134,Arboretum,0,No change,80110,Molonglo,801,Australian Capital Territory,8ACTE,Australian Capital Territory,8,Australian Capital Territory,AUS,Australia,6.0368,http://linked.data.gov.au/dataset/asgsed3/SA2/801101134,18297.873276412,9082684.59283402
2457,801101135,Coombs,0,No change,80110,Molonglo,801,Australian Capital Territory,8ACTE,Australian Capital Territory,8,Australian Capital Territory,AUS,Australia,2.3178,http://linked.data.gov.au/dataset/asgsed3/SA2/801101135,9090.72890938652,3488895.82051639
2458,801101136,Denman Prospect,0,No change,80110,Molonglo,801,Australian Capital Territory,8ACTE,Australian Capital Territory,8,Australian Capital Territory,AUS,Australia,4.7438,http://linked.data.gov.au/dataset/asgsed3/SA2/801101136,14403.3454737458,7137146.21512769
2459,801101137,Molonglo,0,No change,80110,Molonglo,801,Australian Capital Territory,8ACTE,Australian Capital Territory,8,Australian Capital Territory,AUS,Australia,2.1894,http://linked.data.gov.au/dataset/asgsed3/SA2/801101137,8570.80802404339,3294288.30020194
2460,801101139,Wright,0,No change,80110,Molonglo,801,Australian Capital Territory,8ACTE,Australian Capital Territory,8,Australian Capital Territory,AUS,Australia,1.2716,http://linked.data.gov.au/dataset/asgsed3/SA2/801101139,8032.54155493527,1914428.99338764
2461,801101145,Molonglo - East,1,New,80110,Molonglo,801,Australian Capital Territory,8ACTE,Australian Capital Territory,8,Australian Capital Territory,AUS,Australia,7.3323,http://linked.data.gov.au/dataset/asgsed3/SA2/801101145,20342.3153982036,11029765.6445905
2462,801101146,Whitlam,1,New,80110,Molonglo,801,Australian Capital Territory,8ACTE,Australian Capital Territory,8,Australian Capital Territory,AUS,Australia,3.259,http://linked.data.gov.au/dataset/asgsed3/SA2/801101146,11643.8544102758,4900994.46514678
2463,801111140,ACT - South West,0,No change,80111,Uriarra - Namadgi,801,Australian Capital Territory,8ACTE,Australian Capital Territory,8,Australian Capital Territory,AUS,Australia,416.7824,http://linked.data.gov.au/dataset/asgsed3/SA2/801111140,184522.579020324,628534172.283566
2464,801111141,Namadgi,0,No change,80111,Uriarra - Namadgi,801,Australian Capital Territory,8ACTE,Australian Capital Territory,8,Australian Capital Territory,AUS,Australia,1202.7527,http://linked.data.gov.au/dataset/asgsed3/SA2/801111141,303826.545267831,1824619945.34668
2465,897979799,Migratory - Offshore - Shipping (ACT),0,No change,89797,Migratory - Offshore - Shipping (ACT),897,Migratory - Offshore - Shipping (ACT),89799,Migratory - Offshore - Shipping (ACT),8,Australian Capital Territory,AUS,Australia,,http://linked.data.gov.au/dataset/asgsed3/SA2/897979799,0,0
2466,899999499,No usual address (ACT),0,No change,89999,No usual address (ACT),899,No usual address (ACT),89499,No usual address (ACT),8,Australian Capital Territory,AUS,Australia,,http://linked.data.gov.au/dataset/asgsed3/SA2/899999499,0,0
2467,901011001,Christmas Island,0,No change,90101,Christmas Island,901,Other Territories,9OTER,Other Territories,9,Other Territories,AUS,Australia,136.1356,http://linked.data.gov.au/dataset/asgsed3/SA2/901011001,77361.8588359596,141684890.271902
2468,901021002,Cocos (Keeling) Islands,0,No change,90102,Cocos (Keeling) Islands,901,Other Territories,9OTER,Other Territories,9,Other Territories,AUS,Australia,13.7258,http://linked.data.gov.au/dataset/asgsed3/SA2/901021002,131067.934471631,14448682.1243021
2469,901031003,Jervis Bay,0,No change,90103,Jervis Bay,901,Other Territories,9OTER,Other Territories,9,Other Territories,AUS,Australia,67.2296,http://linked.data.gov.au/dataset/asgsed3/SA2/901031003,81343.6427573299,100795459.045486
2470,901041004,Norfolk Island,0,No change,90104,Norfolk Island,901,Other Territories,9OTER,Other Territories,9,Other Territories,AUS,Australia,38.651,http://linked.data.gov.au/dataset/asgsed3/SA2/901041004,74404.5440862786,50744354.4038559
2471,997979799,Migratory - Offshore - Shipping (OT),0,No change,99797,Migratory - Offshore - Shipping (OT),997,Migratory - Offshore - Shipping (OT),99799,Migratory - Offshore - Shipping (OT),9,Other Territories,AUS,Australia,,http://linked.data.gov.au/dataset/asgsed3/SA2/997979799,0,0
2472,999999499,No usual address (OT),0,No change,99999,No usual address (OT),999,No usual address (OT),99499,No usual address (OT),9,Other Territories,AUS,Australia,,http://linked.data.gov.au/dataset/asgsed3/SA2/999999499,0,0
2473,ZZZZZZZZZ,Outside Australia,1,New,ZZZZZ,Outside Australia,ZZZ,Outside Australia,ZZZZZ,Outside Australia,Z,Outside Australia,ZZZ,Outside Australia,,http://linked.data.gov.au/dataset/asgsed3/SA2/ZZZZZZZZZ,0,0
